temperature,humidity,wind_speed,carbon_emissions,solar_irradiance,pollution_level
22.49080238,52.41844911,19.59996622,337.1650558,369.0208371,84.72365777
34.01428613,49.97472577,8.690239912,256.6816041,185.3359976,49.45170437
29.63987884,40.56923475,11.93279389,484.0243362,213.7233025,19.54656106
26.97316968,66.43600021,18.26561274,148.5403029,262.6040154,73.66417866
18.12037281,58.59744963,14.64178689,314.5353872,283.2880009,41.86781357
18.11989041,81.94205954,19.77142077,365.0945067,318.0356283,59.46274835
16.16167224,31.92657483,24.22415802,421.5040202,329.9140261,10.72652902
32.32352292,68.63207565,7.330933754,233.1369637,510.1447109,63.15839895
27.02230023,75.77693271,19.19135433,359.1148584,558.6158717,37.35504889
29.16145156,75.56919415,9.606883113,186.4406621,377.9912873,33.41897497
15.41168989,83.16443803,13.28953455,245.9642416,916.5667779,97.99155788
34.39819704,73.74202457,5.657254516,453.032209,597.825751,43.24306428
31.64885282,85.6686037,7.718147646,477.4584242,808.7292352,67.80383781
19.24678221,49.95939599,11.39554578,373.4678061,931.8140492,62.77275356
18.63649934,60.19256501,11.83971611,218.4583508,246.8216031,10.43035509
18.6680902,30.8447798,22.99170433,419.0260055,485.0870353,74.79275371
21.08484486,30.41745524,19.83625819,61.64018678,489.8893615,32.31592034
25.49512863,44.40759723,24.44365936,96.23565974,419.0250254,79.89395492
23.63890037,36.04843183,16.98143021,347.6181814,108.0152799,60.76407826
20.8245828,45.61268208,9.834274642,181.0618589,834.374897,31.709149
27.23705789,40.62259767,11.5531006,478.1237983,200.4033894,35.62929603
17.78987721,31.71120149,11.39671847,246.2272754,995.9325381,73.15073697
20.84289297,84.55824878,11.52988655,243.2141692,795.6626427,55.00593151
22.32723687,30.49338788,18.45928346,355.1357796,622.0090158,66.83510407
24.12139968,74.16492866,15.61615856,395.405853,239.145776,15.83183211
30.70351923,39.12887322,12.70848356,264.0014322,563.8536743,78.69766722
18.99347564,84.73377732,7.981795375,146.3004058,334.9978668,32.03913189
25.28468877,83.56775638,5.442783259,397.9888892,327.0902721,61.98612672
26.84829138,69.23406878,9.376693552,194.1580737,846.5763244,11.46798252
15.92900825,70.33404899,7.149428079,128.7998462,442.5799816,32.14202412
27.15089704,30.32034852,20.70890062,334.2380855,505.6514231,64.88672931
18.41048247,89.09229397,7.249959156,90.70415015,858.668264,27.42061323
16.30103186,82.66995621,19.48456475,487.1087038,179.0115631,88.03121967
33.97771075,83.70637354,12.7131738,334.578769,635.1560678,66.12283994
34.31264066,69.55467222,6.467567795,493.6529844,620.3941132,87.02783933
31.16794696,50.68721572,21.25460099,202.5020406,482.6931123,39.53907023
21.09227538,83.61891895,16.5926114,487.0423225,846.7971773,3.398514262
16.95344228,47.49101569,9.715230257,115.5030115,948.6010552,57.61399634
28.68466053,63.7626926,22.89362349,68.31264756,518.8022757,33.91935027
23.80304987,35.98385834,5.905166277,64.8428272,510.5323459,44.81883759
17.4407647,85.31733781,9.036392164,259.1916668,551.8573567,68.11102139
24.9035382,38.44622747,20.04093856,87.35188887,750.8116277,70.06646671
15.68777042,43.49380834,19.18755861,280.4755479,701.2542616,2.755641487
33.18640804,63.48804949,10.78543387,197.3752266,300.5514543,76.93026728
20.17559963,75.84558001,6.240497507,201.0330466,157.5058137,49.3518915
28.25044569,67.16107836,22.16156144,336.0240484,954.3287168,55.66987733
21.23422152,43.92803477,11.27395276,123.3941028,334.9627838,29.79941852
25.40136042,30.05658255,8.914268299,394.9490167,674.7370162,42.0833786
25.93420559,75.42903482,15.32123645,311.9139139,845.5942025,71.0375134
18.69708911,89.11243955,23.20454399,461.725083,370.2490755,77.67138029
34.39169256,78.59478722,5.870931557,214.1782942,671.8900723,38.71061812
30.50265647,57.61239709,20.31608176,492.2217464,197.110217,69.11175327
33.78997883,84.22603568,16.44946456,309.122441,972.9382999,25.80435017
32.89654701,54.59086039,13.50898233,488.0308803,152.3424475,83.20226652
26.95799958,61.49604505,19.88160888,62.17729432,494.3572065,60.98142389
33.4374847,58.62778604,24.31648849,377.5893451,583.1373179,77.51865161
16.76985004,56.85743236,9.584124223,417.4796859,811.4336008,47.71548523
18.91965725,76.51144616,7.872947301,73.927979,209.0156654,22.9109285
15.90454578,61.60613444,23.2576349,310.5363488,496.7271765,42.92311133
21.50660662,49.00302732,18.37906155,410.8740321,369.7404126,38.14853945
22.77354579,45.48949006,13.75972043,302.4674264,380.8096441,33.27165434
20.42698064,32.26483902,16.46519141,78.71611568,800.9091245,21.21737477
31.57475018,64.99170971,19.9122781,362.0512584,104.9148505,75.91671419
22.13506653,43.79768492,20.46063797,77.2686116,774.1752772,8.635166132
20.61869019,38.88803532,23.39788362,417.8610028,829.3585871,88.75609299
25.85392166,69.22979783,13.53685578,69.36538249,911.2260195,17.50247229
17.8184845,70.87255547,10.8682182,111.8288215,664.1936229,97.98736519
31.04393962,75.12929354,17.79328534,173.7984157,400.1097954,98.84680481
16.49101287,60.21461378,13.31455799,335.0141565,484.5112593,39.83870412
34.73773873,83.64327631,16.89196908,489.3615948,972.7624741,98.78210726
30.44489539,86.1805652,13.39971597,103.0202837,893.0681438,86.90685173
18.97431363,78.44225639,8.059915734,114.2184511,517.1733182,8.243027695
15.11044234,68.13560892,14.38853503,215.9916785,948.7567064,94.73285636
31.30922857,48.22325722,18.81835644,426.298612,840.6593879,4.25143859
29.13714688,88.9766953,20.98567615,260.2539287,910.9808755,18.19142937
29.58014336,46.44817003,14.86652554,194.7247701,714.6795111,58.45955408
30.42540693,42.15941532,8.304757804,302.5417245,871.8886391,8.07371784
16.48089303,56.52924683,13.29375419,167.2354389,902.5895272,16.1727757
22.16931457,33.41043424,20.72587858,230.5219583,182.8149261,95.34917871
17.31738119,88.70966788,13.25718541,199.6723172,968.695279,99.46878849
32.26206852,65.30601338,18.93061587,411.8634601,400.2517889,79.81365418
27.46596254,63.4171255,15.14427363,465.9150769,495.9095586,51.52093915
21.6179605,69.34777679,9.824462502,391.8074865,812.7133833,90.03009357
16.27116701,59.82141887,20.92301016,247.5876092,698.406675,11.18987709
21.21964643,31.92381103,6.684269081,276.9507399,903.7539212,94.28918692
21.50366644,66.73867733,15.49780566,106.2831623,460.5163757,35.15529275
29.59212357,72.97043262,9.177820685,386.08912,435.9593473,86.14893912
27.75114943,55.00494364,6.341312571,318.4140557,128.5199646,66.8373406
32.74425485,75.43773432,15.05867874,456.0979983,516.452839,96.02743041
24.4442985,43.62007796,14.99124312,140.2750146,751.6636933,86.46779478
17.39188492,43.27659546,19.13801803,391.8767549,371.0608459,88.78978136
29.26489574,39.68501926,19.89501386,358.1022478,516.4538623,63.17543561
30.21570097,52.31968559,19.55582977,169.6304902,297.4579916,83.3158531
26.22554395,80.82072212,13.19117466,350.3203878,795.5090253,75.71311508
30.4193436,79.67472373,17.63379574,465.9680213,154.4604052,16.16231309
24.87591193,52.96945248,16.53890485,463.2961945,734.8447495,64.85968914
25.45465659,65.34712416,13.43123512,373.8319585,441.0460106,14.81755465
23.55082037,73.24897899,16.94425388,71.63290064,137.4364624,86.94561219
15.50838253,44.47240648,23.94495753,442.5189518,868.1226286,6.594979934
17.15782854,40.08846515,8.857874874,346.0003732,538.9496769,98.70466702
15.62858371,88.32575959,23.11544192,189.6954139,639.3870727,40.06266661
27.72820823,67.05343879,6.06911028,134.2626628,758.8276224,17.06293537
21.28711962,88.88494331,11.16778426,102.2917383,689.5669897,93.56749837
25.17141382,50.26535923,10.76290497,72.60660467,757.7711837,4.542598623
33.15132948,72.181902,17.52730216,389.3464616,786.0535161,47.01056345
19.98584458,43.35621819,7.624499036,156.1293495,630.2363775,77.02271279
23.20765846,45.67201028,22.64695224,60.91382122,429.0740478,31.67504754
30.11102277,60.71412728,21.57102817,228.7717933,318.8279347,52.88346699
19.57596331,49.17708753,18.04131639,267.1731863,912.612913,70.04130163
16.5395982,40.05729383,14.16827664,126.1536039,972.9323602,95.1976421
20.79502906,45.77284212,23.65912084,69.82175127,421.8964796,10.27026393
18.22442575,32.14490367,21.61493109,135.1064674,201.0796562,15.72267037
33.59395305,72.26541729,14.98630296,355.5962428,300.2835944,50.88708952
31.16240759,59.52699943,19.03746709,87.00965476,703.6006114,41.84749612
27.66807513,35.65458398,16.33859904,299.7666638,255.640033,41.07961607
32.4292118,40.30163959,16.75884477,115.8853946,802.1100458,29.69615029
31.07344154,36.15207229,11.61952139,138.0601281,930.7272159,56.06847985
18.73140118,66.7555685,14.24169209,226.8850475,967.2863636,88.32883362
32.85117997,35.65262182,6.562428616,95.37140122,108.3929554,16.09243405
25.78684484,75.25693998,12.14697383,127.9415763,962.3387485,21.52863295
31.1488031,31.23065516,18.91657031,207.0285852,766.1749772,67.08234978
32.921826,44.96254728,24.06432061,198.3510525,175.645209,5.619765429
21.3600695,83.44000055,24.26128226,387.1721686,473.7164219,67.37641996
17.20103849,73.11187909,16.11445738,83.65203731,730.0409271,31.44561509
19.55870325,34.37809998,17.13244504,437.202831,961.0169434,35.78539314
23.54215577,79.26756627,8.71442371,417.3044768,247.7272543,40.55493738
31.36029532,59.58210729,18.90616216,394.6962379,214.9599537,34.95875615
32.21461167,80.80698163,6.413175853,189.2175631,525.1123479,84.12096213
15.13904261,66.04438647,10.69371372,420.2968035,971.2890044,94.60684574
25.21494605,70.90998192,18.36726695,132.2609361,974.2412937,54.80114753
23.34822006,89.61009362,11.20620263,105.9841426,305.1232669,58.18784988
19.44215621,43.94013276,5.996937482,70.23035007,387.4124332,7.048310801
17.39730735,67.43673449,21.63740819,472.6896634,917.2287871,71.31919284
21.75230343,57.6192834,11.20660014,188.604904,761.3573418,58.4098873
33.85819408,32.36711718,6.262104497,462.9280461,975.0847858,5.039452381
21.46405864,30.86823849,6.49576329,172.6761027,903.8335267,19.84256671
25.37581243,37.15371467,10.03517598,458.4046817,293.5864453,20.19434204
29.06037918,68.94550443,8.560318944,456.7680738,783.7541735,17.09679519
22.27259205,64.02978527,20.48600236,465.6542203,143.7087084,65.86459546
34.43564165,63.20577367,11.43368093,273.2690477,836.0495009,92.84396154
34.2489459,31.91140575,21.0939157,439.6758291,641.4010862,76.29753254
20.03564592,58.15817978,8.476919956,477.8446533,960.4908664,47.73734852
24.94497012,85.47736907,14.85758359,196.0776239,964.0292099,40.4051298
21.0175662,53.85551216,18.76074267,238.4934826,145.7335981,38.64581053
20.69680989,67.49534819,18.03981708,373.6580843,244.469337,60.12469577
15.73773895,76.78912054,17.0225882,185.1619198,535.7863426,35.92206589
27.19128668,77.03551675,23.49643204,389.214189,891.5441725,22.61219712
25.05358046,61.15680494,9.570502954,83.25146535,833.0006281,60.28429066
16.02957502,81.47711672,14.87438409,285.5742729,967.9330237,39.07054134
20.57292928,53.4826856,22.679851,105.0410678,656.2757054,1.412482914
33.16531772,83.32159289,6.557875312,181.9955644,330.9071676,2.223111357
19.79123781,44.41362998,6.117765365,166.3814266,122.5959756,27.41366112
17.89789744,46.81298442,9.666045751,427.5194331,300.6338416,51.24221995
24.78905521,33.18723745,17.66042439,137.0827649,707.7458782,35.42395077
34.71300908,77.73491019,10.19759253,413.8015641,933.647341,2.405515239
19.84110543,55.02331417,8.804797676,407.2821557,388.8133006,22.31517638
28.44271095,43.74699683,14.17604631,274.497375,888.1338973,9.641930867
30.23239231,43.90741666,17.27196138,155.229465,455.4084235,94.86320014
19.75275088,84.08399647,9.97115414,152.103353,377.4441244,31.28340756
29.56432697,80.03499603,11.01382373,259.2160912,557.9598185,1.47663716
22.35566265,63.21185312,17.2711861,53.96405333,498.0461432,66.0563252
27.64611661,66.96664802,23.91476844,289.1078396,922.4198817,23.24479405
27.67059422,58.45953423,18.49483455,478.7507866,521.4312527,56.6736255
25.71549368,53.49999257,20.65808287,119.6180968,349.6018485,15.07454546
16.8057954,84.92861287,12.3362019,308.0055297,858.3090198,98.40132351
31.70604991,37.53676221,10.44508719,482.8004099,998.8745605,97.02591866
21.4156013,55.10680738,14.08535486,437.2349628,683.3542773,65.59833517
18.73037021,50.67371448,21.14265657,432.6710524,325.415232,70.72026218
15.81550283,59.88904322,14.12599284,419.8324687,314.9335693,42.58788913
26.81785886,57.45791247,21.93450818,189.0606227,151.9360266,96.21793454
28.55128724,61.1333719,24.77543961,450.7775741,169.5637347,42.37396204
15.33175658,38.39513863,6.440533315,473.6031581,923.4847857,23.94679974
25.24186117,60.78849009,5.908203122,273.1065905,186.8383963,11.53786096
19.5299155,44.54512883,7.991794058,209.5569713,535.9094634,20.81253003
27.90345581,41.05988094,12.68739351,236.403057,728.3096017,57.22135039
18.48732858,33.89005313,7.620844183,200.3928988,865.3193045,24.50917179
28.81875476,75.75915353,22.41328955,145.5882989,254.1438552,65.42494284
22.73470693,55.64651525,5.462925021,328.3018116,494.0008112,38.21845199
33.73459977,67.598621,11.31585433,303.1685988,326.3321755,88.68729054
17.75041888,73.6556006,8.69389259,258.163282,330.240781,55.84780675
21.82132702,70.75899992,23.6307866,93.13042401,373.4553767,62.26040531
17.26947042,58.23004315,18.3896201,408.6018341,628.404593,55.6559803
33.49387237,53.27391174,23.24060513,128.7201032,114.9197245,88.55687742
32.54678707,52.55759458,24.44657421,101.5529195,467.8896577,6.341956793
20.15883255,68.40292782,14.94196487,330.382128,268.1471217,6.734870709
28.19968092,59.6876613,9.686382161,229.3899626,970.4066577,70.17402449
31.344444,80.94793488,8.874575724,76.91381391,624.4562433,76.7963902
26.10401623,82.48211906,9.458377234,210.0057597,881.2859219,43.35894183
25.59301157,40.23362268,19.17186615,397.3011585,276.1209881,35.23052081
19.83704582,38.17401909,5.808914562,326.8621423,829.0141294,27.79450662
16.86205536,67.82405556,6.027221461,213.2537103,473.3042152,23.43948858
32.94431516,48.07354488,17.16285885,136.3121562,259.92522,91.19585897
33.00836114,31.11424313,17.84114293,334.3080294,785.1206821,29.51395464
27.66202915,83.31856016,18.30525849,449.3998854,785.8099879,64.80787958
21.78059582,43.61404603,12.43761009,340.8227231,996.2991162,78.70947804
21.98419149,85.7568391,21.11889777,415.8067346,802.8435356,2.196657845
29.51911358,73.04606705,15.67249175,284.6875273,230.7405231,3.387414988
32.9422052,75.75920939,7.1093126,373.086998,390.2902676,33.31374046
32.74172849,42.08768975,20.94198614,453.3020482,506.5542256,69.60157443
30.59751092,44.05166554,24.06135573,397.9305402,213.9875251,26.07986353
27.84063292,61.27606523,6.20072626,459.434279,809.235077,0.148329043
16.6827993,40.32599116,12.82702677,244.012821,574.0286841,28.81478999
18.23257428,48.32590156,14.7503209,456.8991148,950.0046122,9.013081664
32.97108377,49.28774868,7.929415202,329.7052555,630.3773301,21.94133058
27.12858119,39.577796,22.35417896,441.5219447,570.6091754,33.31900007
15.18394103,42.31097,10.6829929,67.7194387,164.2826376,12.80573551
17.02943086,77.31311052,20.6601708,346.0335719,234.4113145,70.63647274
28.27003538,40.03175127,18.41988964,431.5887855,864.5734691,25.5920232
15.10123168,31.70744351,16.96091645,128.3909151,991.60838,66.10947993
18.21616103,67.76129656,8.842856974,347.8041201,473.6612223,59.90328528
25.97467579,88.55898716,9.414070411,421.2296214,829.0774754,89.80454877
28.83790395,49.87282888,5.946968095,179.5772163,664.8271897,8.793317234
28.03922519,37.11934219,9.814248596,232.3608476,963.1533463,21.46081114
19.48538619,64.22323952,11.90887219,306.2829733,314.3235119,86.5178429
29.24358443,84.38125267,21.66290608,283.62546,590.3521687,82.21314564
19.74498175,77.04370679,12.32785333,67.63522687,467.9162365,19.21055572
21.50799396,67.3509521,20.09243566,94.40244414,587.5443783,10.77360119
29.9298281,48.9033898,13.78884563,95.20996069,341.9722751,85.62414646
27.99265798,62.5128104,20.69736624,168.0205575,547.9715464,17.81380568
31.98446821,35.47469048,24.52543201,160.6388508,662.3237321,87.11097061
28.15225785,70.73672546,9.796831161,384.0000727,173.0942956,96.11146994
26.36617207,73.50576113,22.24683224,307.7349737,768.6885293,22.08066386
16.87349536,87.90189737,17.43648173,393.7892381,735.8706668,84.03875999
22.35431606,45.62384152,21.34588523,81.45322583,892.4118413,42.383109
20.30404735,31.10738514,18.03171805,268.3464069,483.2708966,78.87784248
19.87979287,62.73650787,13.47899015,195.6990107,155.5022194,40.7395541
34.4602111,72.40743026,9.561498789,432.4726898,515.3150161,7.039559873
22.86195449,77.42444855,6.400704507,368.5051206,223.8482549,71.26952726
32.8409311,41.62433598,15.71036729,441.1663119,682.7021322,15.06886399
27.62277252,45.70517214,24.80652189,70.89220508,142.4183717,92.70250893
30.89622607,60.75545552,19.7608361,374.3705703,436.5967656,41.7746283
25.05274186,49.8360486,11.54691083,293.0037585,174.5586086,8.200014791
26.53807769,81.6306892,21.544096,421.2500131,103.0297907,22.84800148
24.85035388,58.42560922,20.37968,278.2222659,964.5015015,86.25176175
18.90485976,77.97471865,10.63271587,293.0940851,996.5146132,32.10854696
29.44904231,64.83718563,5.286149796,73.29532142,599.9526564,85.6327995
20.61544725,76.3854085,7.363252771,350.8352893,315.060265,17.22867384
15.48631933,49.96037919,22.54612381,172.912944,919.9891331,46.82181236
27.90944592,79.88499732,21.73126071,58.86226498,930.7329374,87.82594918
18.54221359,46.47433893,10.90418002,79.89672313,869.0580021,4.840483232
33.80917169,62.76592848,10.70390853,480.778524,589.9329861,30.42771828
34.07857154,42.84042679,20.85729974,205.7347803,167.2319448,90.98515894
33.2972878,58.5315913,23.7547494,440.6340329,179.5950348,59.65263277
22.40317401,49.09051257,20.58274514,481.8547553,906.9578089,71.6232131
15.30913233,46.00220584,17.11157354,474.470235,888.2441627,84.21284386
33.56637125,88.01910108,9.853427007,446.7763583,490.9575243,52.35964263
23.56368297,39.60444633,15.51495828,452.6797606,395.3391575,84.5365901
34.33309638,77.23955025,9.670237172,180.05362,679.7115281,63.87645707
34.27239954,89.04989757,21.1602284,118.1614506,826.2891534,68.56504506
32.06018911,31.19408902,12.73922159,337.6681529,758.5164478,15.28544552
20.88897784,71.94164484,21.67394434,269.6475163,654.0426442,93.90188292
22.70195457,45.17470833,12.63218436,94.43602341,308.35994,79.60843504
32.02273343,32.42926946,21.4829881,354.8935922,336.2543823,25.41959961
21.3384401,54.17337474,11.6663563,303.2870034,751.6607333,57.99946664
18.38985493,86.11306861,13.80265409,438.3803304,822.3578672,37.64659049
26.13602525,30.70590566,17.30976839,324.1327081,204.5216693,66.04019988
33.72309548,65.27314152,6.405752281,308.2757809,268.5673429,99.37468432
28.92059593,60.08378872,23.96414124,248.3382755,712.423236,4.574639714
26.4012234,82.40304986,16.47211572,258.2541814,450.0879287,95.2523638
16.94352988,35.04010287,15.15640029,479.4715521,606.9635805,7.239133214
27.30014453,70.89156179,21.78787942,112.3007042,653.3334574,46.07646358
34.801077,70.80658191,22.3152546,250.7984684,798.5831205,48.21092006
17.8016803,70.14480101,15.44520809,345.1222553,825.1452556,26.87244546
25.36659305,86.5400697,23.54524652,244.8547905,352.0866207,56.66992861
32.54746144,79.38525174,6.294755322,177.4470322,587.167056,83.39641463
29.81537236,32.51836357,7.264515845,179.3108168,211.1715448,29.39621812
28.94031482,58.26497104,16.9357646,155.1452208,857.8136518,7.040493765
29.04968168,53.87718337,12.08131724,204.7564403,860.9031445,63.22837006
22.18982302,48.60883327,14.28450332,442.253649,369.5551471,75.17451291
20.87183689,57.08020351,11.56158436,277.3510476,244.5581867,95.45230098
31.18722311,53.0516511,13.09450623,158.1074276,163.0826004,15.95246468
31.20226789,55.94003399,21.45292694,223.0370227,617.4787977,90.13598658
32.34144637,88.75571194,16.869524,97.62368544,182.2852904,48.21234772
33.26481105,35.31797848,24.94689099,456.8160829,712.5353602,23.5758237
25.22684798,85.33385219,20.73758396,233.6890244,710.3137609,96.27484702
25.03032589,58.81420281,10.47332508,491.1760421,652.5886664,23.84292705
30.96590358,67.42453473,10.28690235,206.392448,888.9044517,73.34441857
27.99927862,79.810978,11.7179654,426.3602213,440.4526235,78.48867784
29.03933755,51.62778175,21.86518961,165.373391,912.0426244,43.05190524
30.91585339,55.82531449,5.545753013,84.26880202,133.232832,68.99848447
32.80010684,54.57110882,9.603625577,64.28001275,201.4812891,57.2477075
21.75990314,52.48386135,23.09836841,322.775792,470.9850063,19.20327524
22.51165905,85.5317593,17.79792872,190.2081523,634.5937168,75.98878821
16.8796388,79.73579347,9.53694191,249.5839462,129.138073,92.80161448
26.56560282,36.53999939,9.382899365,418.391166,610.6910243,48.86380547
15.71884548,36.48740115,22.25236204,161.6486386,376.6584848,99.43102541
24.31196036,55.67217089,22.87515017,188.8936145,898.432127,42.79653135
25.85289269,35.9194426,10.12262182,430.4012833,579.9561325,47.97365757
20.73082504,67.14558572,13.41020716,271.743023,629.1045174,67.3897514
26.81666521,38.62149644,21.69191477,422.4493252,951.05963,18.57701442
15.610005,61.34239584,20.42014877,218.5142016,787.753924,90.19460099
15.74696377,30.43319682,21.27832213,229.2664914,494.4459395,80.12727971
31.45201121,48.9957809,15.36796382,125.2122628,529.1916535,87.24172864
22.20381283,70.63144342,23.23098097,462.3556341,683.1314817,60.95585795
17.54121025,59.04233641,11.51903088,453.5526623,280.179295,88.37479612
25.4448652,88.69616916,8.133442687,492.8976566,179.7857564,67.99724873
30.39987106,82.44622776,19.17464665,231.1012072,380.1128644,51.15608998
19.31642055,51.54424674,15.78708832,418.3767238,800.5445181,93.1790804
27.45780952,32.72919249,22.09171538,236.7291793,331.5914189,43.97197688
16.7069493,80.73757801,6.623184982,254.434455,217.6832803,50.05698555
16.03363442,84.67405862,21.87384807,423.4997271,297.1203386,16.95437308
25.62709263,79.23764361,10.86589306,129.8150469,711.0756208,94.76590099
25.81270243,37.67699646,18.09711334,149.1399205,652.553251,22.10528085
27.74859803,89.87490806,5.802575782,191.6277082,719.4834976,20.14159242
29.52182667,45.51505329,17.19162593,404.6805646,389.7623104,10.11946042
34.51704159,73.45229477,19.34543378,217.6931972,910.7705142,45.33594512
25.32600697,84.48209258,12.37500429,211.1756937,506.5933216,27.36145499
21.45912946,44.14122686,9.308214105,499.4673554,562.3417287,74.07810005
30.9037239,84.49551328,15.75261353,222.7127644,953.9271784,30.75216202
20.41664503,48.56889475,21.66381609,161.4967413,981.3495412,72.07702617
23.77942841,88.58479334,11.47094717,330.4461552,695.3884533,19.59610828
16.56912763,46.87560122,10.04938595,410.8459784,950.3318733,22.99658434
15.50701487,87.20614949,10.57870617,81.32352518,587.3566477,80.61741604
34.25296829,33.21267905,23.98264306,328.501504,376.554651,37.10935519
31.71960241,72.5563207,12.18553832,66.08095515,383.5835704,11.17739756
28.91948412,61.92666803,5.072084798,286.8495579,603.0465309,96.14038051
23.17905889,58.67262463,20.63362416,165.6462037,644.5325086,17.73921564
18.4658864,43.40965886,18.98549591,187.988764,495.6553629,15.01971187
18.12874085,72.33574739,7.571365292,260.1931838,895.3943352,35.83820634
20.00485796,41.44856949,24.69808498,467.1983573,484.0265068,9.563376923
25.98453329,63.17050776,17.16124571,369.800288,346.0812823,15.5616376
29.29191845,45.19472178,15.01558982,471.5805183,107.1836905,84.64445975
28.20394753,87.33728279,12.64438535,346.9869521,973.5123503,17.15068557
20.59867794,31.71787163,22.97345511,53.19848619,841.8819548,11.14268137
34.09730561,41.98369681,9.879269628,169.5133388,654.0036262,87.99575369
29.75793833,44.53863638,10.715378,457.59766,847.4880285,44.37965081
26.08708105,54.84406955,7.448216134,339.5504844,829.2603072,15.71629414
27.23441492,43.96381451,20.18238191,491.7412565,938.6657022,58.15174305
23.39200125,59.48094542,16.91098561,120.1838086,447.460915,4.150583988
19.95461979,82.3479314,17.18132339,183.5365249,599.3670179,42.73825546
22.11945357,72.72380528,9.36940862,213.0654468,188.7652213,59.03138264
30.15692221,64.79771883,18.02336778,196.9510182,968.7838831,95.71200303
15.28786977,35.34019068,20.30916894,163.3961886,986.6143624,32.64647638
17.32145281,71.6395265,12.15777061,249.5595721,810.1758231,76.50510965
15.92005284,39.98485706,21.02694288,339.0341555,508.7088848,13.26998139
15.81457605,77.18204316,11.97581177,190.0656153,546.9100758,43.358235
32.10921168,45.00340551,20.16276923,85.86496549,491.8302397,22.31347299
29.07315719,55.0229237,5.674602149,368.8396371,363.9795729,49.24678359
24.48347658,51.02821214,16.02329203,256.5574501,575.012265,41.72318589
16.95668321,81.52883488,24.39053121,300.4170377,148.1005626,97.978505
24.8323175,37.59266752,24.62489201,254.9302957,992.6983557,91.74979979
24.46943542,63.93869294,10.63505157,450.6608766,481.6451216,58.22058997
18.4640374,38.52369657,13.82798182,301.4352487,934.6299256,17.65097779
23.67703298,72.28775017,6.25955816,465.4745779,751.8443146,55.69569914
22.97009469,84.30468767,22.46682615,279.7589037,360.9486252,79.20822783
27.31700196,56.07645923,16.37144306,181.664673,299.8473564,3.802711198
27.70187302,59.28553562,12.70201358,209.9491642,996.1078904,43.40293487
15.9060802,85.64537019,7.25541117,284.9581821,794.9137195,4.264691483
22.49225229,61.25948332,23.93534571,288.495247,324.6953267,24.39579375
27.51719831,59.25590628,15.60438096,359.3019657,160.7005434,9.21146596
25.06272517,64.69974616,10.65855858,151.0226925,727.2248908,96.05782822
32.12979682,71.35378418,12.0043026,346.479305,372.7148111,16.88286528
28.17387263,36.41300251,10.41394362,400.3646038,299.1977314,15.01038823
18.25868854,79.26663166,17.03619618,354.4663953,761.4436736,97.20549665
16.41137495,56.13030165,23.59927152,266.8226494,711.3351904,51.59672903
27.84838556,34.34091059,22.13387607,496.256293,533.2714073,75.79850314
15.53022621,77.17096015,14.20761751,232.1659216,948.3903395,32.73146512
26.71551163,52.6169983,21.52998725,97.96577656,711.6745295,53.28607059
33.80460483,36.02204971,13.46210963,419.6768969,904.0776046,0.685371208
26.50948356,68.02674237,10.04614282,145.4905485,271.4976481,40.88184714
22.76339852,82.80788121,24.66830231,370.9785078,366.9813191,55.50897864
27.86576437,83.26521056,11.07775136,130.5393272,194.0681203,51.44101635
24.16505781,87.45980849,11.47448462,57.59482589,374.1219981,40.58196872
25.91233579,82.06232759,24.79385736,121.9093717,974.6004963,78.79076637
33.82929618,30.12845516,7.678549863,219.6449135,966.5706215,50.16408267
22.72205276,52.81446998,20.21067976,97.97821121,784.3477191,63.61205236
34.22381128,79.11255479,23.71625517,138.9555879,568.9434365,18.46211316
33.10701284,51.97518036,15.23589989,394.081825,802.7018189,86.15000964
18.9158227,66.09291038,5.050435234,396.4476236,598.1382561,36.28361819
16.38722602,66.37901684,12.50117888,417.8697022,103.1576542,48.21036333
17.01556003,51.90151824,7.231379848,428.5198564,551.3923665,35.21947798
15.36443651,84.26843564,13.32375322,239.1961526,639.0311014,89.1907176
16.88885922,60.19370072,20.80053523,440.3973473,339.1735218,90.0740147
28.66013547,57.88705236,13.77423098,286.6715938,282.9642078,22.42843446
16.42377297,89.85082474,13.63850243,261.7687026,346.4281853,75.27145558
21.37951261,59.61002184,16.13578954,373.341348,661.2649746,10.28835457
31.89750622,40.70389512,16.63381169,146.2182851,231.4577034,2.985035331
15.46543871,60.78416537,22.12592618,405.2738196,748.2954712,83.65841135
31.28936965,78.84100413,11.16710878,243.259622,480.4073389,13.11781455
20.6370955,76.61161961,21.43342529,107.2829363,418.0130733,15.47827179
17.36329655,77.31490591,16.31867497,103.6903611,826.5081625,60.65882593
28.93474331,72.48142704,11.01059099,124.2080347,555.4569245,81.67685165
27.57885694,45.25306974,10.90252088,450.7577304,440.5605051,18.960092
32.54944027,81.72504515,12.22275034,495.92202,890.339244,11.41922347
29.70142088,83.60660792,17.45386485,210.6382096,431.426469,7.73223455
31.06961861,41.6491618,9.616234627,181.4647335,873.1002546,2.484641159
20.64069145,37.82733819,23.40667123,148.4469377,553.7788286,11.64791499
18.54879088,88.53629812,16.49825168,420.7174147,287.2063877,94.26919096
30.01229503,82.09943782,23.40031554,144.1433671,651.5363693,9.528251258
31.13669479,83.59416883,5.928087172,465.8405585,356.7911736,59.75589741
34.81010284,83.18258308,11.85222741,350.3076705,232.439619,92.09663889
23.25235354,62.50120944,5.456153214,453.7075063,177.8764343,62.78201408
22.44036172,68.7841042,10.4450363,299.3044345,317.5276022,3.274575452
30.52825921,62.72177113,22.24012945,360.805938,762.8991778,59.64138072
21.81607081,33.07238095,5.732194317,328.7561453,854.1993001,90.30653068
33.61514651,74.73018512,13.722942,424.0379553,875.5487614,32.25590351
32.16825504,60.319922,7.351341409,426.137365,343.1334463,31.36279296
23.57988055,68.86254449,13.33681319,315.4068499,694.8756397,24.88635887
30.01742136,60.1583883,21.77703169,334.6284422,307.3186539,50.55445869
30.09085748,59.50867934,17.46142067,464.8441642,660.4859026,23.79428461
17.06247738,40.30734657,19.73512691,468.4399178,898.4898937,72.37887714
33.05105813,46.72282291,11.98208231,348.9124028,136.8043143,64.48617474
25.10504745,39.53116152,23.8879539,53.48942518,986.703101,40.07736154
31.52914932,41.73997774,19.18524188,96.98504664,844.3790897,72.25550578
21.40099202,88.37864283,13.43597639,436.0741393,785.4959047,9.849630644
32.91046457,39.18680675,13.529296,88.12135237,722.2266043,74.95284034
22.78403357,46.15622546,23.37368356,146.0836314,793.2465,60.29081816
15.21675303,65.43537946,16.52809387,153.7460061,995.1358204,63.00828757
33.10763953,66.61071457,19.1275842,320.1056464,793.1721674,6.466370022
16.82573354,39.23844778,13.34070449,309.484759,416.4407062,61.81350117
21.38627275,77.62304555,9.473855295,180.2378855,652.5296676,49.41220238
34.00123934,77.11217207,19.47118584,143.4251145,403.2307145,48.58625023
34.01214294,44.23906225,17.15647544,394.0394134,973.0588989,32.18533998
26.46875776,47.31997816,15.02685761,470.95527,910.1257595,0.761388334
27.63674424,86.27927193,17.4804188,73.76255596,610.8582047,42.26374
23.96891044,79.54028676,9.165711721,109.9312082,803.146379,40.09162242
20.86421543,71.86782198,20.87877413,338.9737949,918.7182487,42.28054073
21.57329091,34.93399329,23.9632561,411.9986533,319.2402373,61.19940066
28.45036912,55.09584485,22.82206288,406.0349009,621.5336712,29.99062143
30.04749059,63.55811232,11.42871491,373.8574189,533.5446873,26.93834492
30.83158087,41.24467728,13.12011547,449.3425795,794.4322194,49.77812795
30.79236286,56.89359493,21.168046,147.8069958,441.1742692,59.2317676
16.82412206,66.06155265,16.90234262,98.28092592,738.0816757,56.73284267
24.88840609,49.64260081,15.95828887,326.9133365,462.6937801,88.16417341
16.1511752,76.85668914,23.53283935,420.0241512,199.9673782,76.91440583
25.99057765,80.4269749,15.72049922,311.9196103,196.4092884,5.218989638
23.83061003,49.41656817,15.29877359,483.3488694,207.1506921,56.34754151
32.75408366,80.31942927,5.840371825,408.0040076,129.2678883,41.78142095
22.01830025,36.21459397,6.388339172,365.3563104,579.6758544,36.10512934
17.34134033,80.26374592,5.148406158,77.11578089,704.7124138,95.78959061
17.85983364,39.1650259,23.26488452,98.48400743,214.0555616,45.67957825
30.23021263,34.97562915,13.1677332,403.1769347,650.6722002,71.9434895
27.36436127,68.50652427,14.37122752,139.2070665,637.9660704,96.708697
17.02245352,58.31624195,21.90773895,62.97582924,232.3846463,15.10001359
16.68213612,84.47343602,17.18492621,459.8423086,463.67434,5.461626215
29.01938263,51.79135177,17.19003193,450.8624182,779.6221388,31.36202294
16.45526013,47.22913581,10.93068859,148.3177223,115.080423,4.444426535
31.43720119,60.04409437,21.67816748,401.0928161,232.2530955,11.67646113
29.12484454,57.35677115,8.316599521,71.59084755,996.2455369,99.17098225
16.62697561,50.66568277,6.062991843,178.2761017,760.1904074,96.01789048
16.69675428,71.62447792,8.83206715,330.6501087,517.7172513,69.1292659
34.73279157,75.57371003,10.35474438,393.4305483,666.8212709,75.29869996
22.48541592,81.17903814,10.64622116,54.67963495,861.5988735,14.04920776
22.41284294,88.37139628,18.41027197,196.793876,858.074127,59.5235576
31.25599135,45.99937153,9.356491747,146.455502,392.2312919,15.44127444
33.94497155,72.96560895,18.53316609,499.4511826,542.1622803,37.83861561
34.72002128,53.65549413,6.822643465,351.9420046,674.2495868,34.53450254
30.06756371,70.62491832,7.944049222,232.5521538,164.7072249,61.39604612
22.52519171,58.55890142,15.17642897,84.04367089,951.2169395,7.969310878
16.67001433,89.62638617,23.43791605,319.4016159,489.4676431,10.34620699
30.54293832,73.73412815,22.19135178,338.7656619,433.7760945,60.99319242
26.16808499,87.14947803,24.37506885,417.3826674,916.3903253,63.61176569
23.48444018,80.09817297,18.00958131,179.8595838,206.4579839,33.98824252
33.1270877,84.17406067,18.51629733,491.6426362,135.3347176,14.68711278
17.22394965,78.86515183,17.50045998,247.7595827,716.5021711,88.60799158
24.85250209,57.54954782,17.45637846,183.1746896,446.5026713,5.294879784
15.2270729,45.1073072,7.942406901,206.8022003,788.0282279,71.73755176
24.37321284,52.21921053,15.87477912,283.8137238,161.6901504,14.00447181
16.12606551,31.21417396,12.72135867,471.515704,445.3814292,63.73739084
17.37635833,61.43959005,13.85074432,380.8214591,311.7926908,66.36558469
17.35052494,60.30346802,15.47201146,309.6993423,765.6458797,80.4259637
27.98420604,61.51502789,7.567923436,123.2646746,304.4530994,39.50250823
29.92089759,88.4418735,12.18975468,117.2089899,512.1508013,2.179646823
26.6673753,84.68724021,6.268991218,275.9886112,836.989796,81.1049386
34.24345097,39.7027667,24.59336261,377.9189171,923.8514819,44.40680194
22.49741159,52.13295129,7.370560576,387.9554777,750.3452143,84.70898196
20.71424173,55.43737077,10.17049477,151.6614727,486.3055704,77.59849497
32.37198256,51.63197507,22.82585853,95.04478078,614.7872873,49.83068212
19.47191677,77.90975782,14.65420092,223.0074452,720.7209524,99.9399409
34.26445079,61.44226019,7.71274403,463.1776445,887.4393639,46.2075077
15.24308949,64.32598902,12.68461076,295.4152637,899.7165863,69.650462
34.39757653,81.18081354,7.317359884,194.0448951,937.8725423,66.98038199
15.86319824,78.3556892,9.004319942,195.6369508,829.639989,51.8066715
32.82286227,37.93269137,6.040596939,109.4391703,232.1181423,58.5350289
25.55402218,72.83487505,13.76454989,262.9506812,772.87558,79.86087618
34.85929592,56.12616773,21.13272243,406.1132053,833.1331362,57.16132678
16.47593129,47.67893418,16.71938357,485.8514112,890.0842849,45.01483053
26.07708569,33.00112925,17.12690611,275.71775,932.3352052,66.20824746
34.38605071,59.23497362,9.011680602,125.2467121,558.2438322,3.550903537
25.46195688,51.32620084,11.87787687,357.3276799,689.5834256,10.9193875
27.58797276,45.09078238,21.90484208,390.5561042,108.597499,12.542638
28.91497378,71.68030378,6.757123687,82.26488724,615.5052109,42.57676635
24.0908213,76.16912324,22.15861307,432.5626083,525.878543,87.17752399
27.5511616,44.68737114,14.67380053,423.1950755,966.0754402,64.32945978
26.68628624,32.9668462,21.74294863,262.6434743,911.5383687,97.26184788
33.02316021,80.92516203,11.36012839,302.1901334,817.8435365,3.994096939
15.90892761,30.59758447,11.77685903,371.0336287,151.2947661,72.20070449
20.61926379,86.22674964,20.03209737,354.5366563,461.8259581,31.42015574
34.00822968,67.65719244,20.69992347,57.44119019,726.438,2.328543641
32.80527568,49.31079811,9.59289356,105.0958867,126.6946692,82.59266899
24.11313506,44.78867457,24.4574265,123.1657501,312.2324126,16.26935434
27.40265196,30.54033986,6.689802085,390.0541501,898.7564711,21.40749098
20.54762366,44.12828502,6.370059262,248.0376033,216.8026906,34.04658587
18.76242319,38.26369809,16.91008431,295.4761819,146.2361539,78.83571169
24.2739681,66.72997324,19.45481536,397.7093466,622.5271807,62.45905792
22.06704456,39.99273532,24.21772258,203.4420211,951.8181539,26.48611358
26.67312224,61.71779025,13.09891562,387.0006023,851.1622659,16.84893383
16.55469274,65.40698534,5.50582818,249.0346736,977.2952542,10.9548237
34.48789615,47.8825019,17.05792679,219.7310845,778.1708383,14.9816573
34.72421489,32.10389694,10.79392041,199.8667688,493.6327967,86.81451531
28.96323428,32.23523284,13.65894242,484.225167,951.9547956,92.26833731
25.72192733,31.58083993,14.76938964,397.3880348,483.9699506,96.79578076
21.19055233,74.34748003,6.290252215,59.08817335,415.0851547,83.47318845
31.27590039,49.08058229,14.71963569,480.8369689,503.376326,88.7390325
28.69462345,77.77801116,13.52639334,398.9478334,832.5765589,81.61035005
18.25233879,55.90396943,19.25088531,117.1286215,925.9241949,95.8055769
33.21854369,57.17988605,17.91331822,84.35215644,421.913899,84.56509415
31.45074486,60.77295615,8.704314363,188.6873421,516.0227109,46.20026816
33.99599827,72.78188738,9.122778364,330.8816882,908.494591,32.32543144
29.51439017,46.41017195,10.02012358,327.4460101,142.3392981,58.42118889
27.26830392,37.29524097,8.579008806,174.1325563,805.4818247,60.81833278
23.36486073,63.36344011,18.14426399,250.5537404,508.7959824,57.49145389
33.65456967,49.61865739,24.88860358,145.3505701,438.8665159,70.67263427
32.32127779,56.54947882,18.04216681,72.76040833,502.2291627,69.89765789
15.9043734,68.8168025,17.13363092,282.6367103,476.821608,8.719428392
15.52733949,59.64754447,13.19855867,206.1460104,780.9567564,28.55224517
22.52926734,67.21672903,11.25160518,294.2970945,935.15277,88.98601874
31.21106662,62.65200013,23.22147514,475.9282951,542.3102429,59.0035054
34.74552259,74.38778232,24.38003748,114.5166403,849.4604072,32.85246982
18.00833782,72.35619706,14.93552351,50.88290824,758.7500821,85.04586496
26.88261431,62.05139351,10.80400991,84.59519598,397.612707,24.90422856
22.61781713,70.73418125,20.40244415,258.2187332,628.5824331,40.91998644
34.39828796,82.41357614,7.649135817,368.1194134,700.1341075,27.62547717
31.84237846,55.93627727,20.31176475,311.3436215,121.1494347,87.13499238
31.76657409,54.76578436,21.37896749,272.7025733,456.3599961,72.82886868
24.3738632,75.85473725,7.498078893,209.283409,993.3743583,46.02256446
23.29639005,64.95323022,24.53722938,189.4883772,673.5307844,93.23008325
20.46814144,34.26040681,24.71024581,219.3287788,400.8196624,92.74447805
16.12750993,83.52672094,23.73438959,325.2357293,325.0216355,71.15250262
32.29444753,31.84698613,14.92069619,125.4892801,288.5334419,89.19936332
31.25802018,74.90378137,9.921482846,397.1129374,461.4772681,71.93931214
34.99435347,75.52764856,16.64018562,308.863958,273.9391215,62.82118675
34.93273674,87.18666512,13.39867677,171.1203699,221.6675638,42.07830179
26.10863411,33.2480645,9.118972894,275.5188333,427.656956,27.34697621
30.3797483,65.81141165,13.47352819,483.2504095,646.2997234,6.025735868
33.8953146,55.67043424,18.27779671,59.22118812,231.7592639,80.08699715
31.99294781,49.83797729,6.418266216,139.7851884,139.9089465,12.21630808
19.94696203,35.41911362,11.66836003,251.771108,131.1695363,41.03492407
24.01088271,63.75924718,5.3558978,337.2978748,340.6458272,23.46342142
17.5831883,58.74244354,19.98991011,145.5027198,271.1190615,45.46262991
34.08102055,36.27326749,17.81382535,469.1317768,585.3298243,31.49838255
27.12349269,66.74937043,6.253442694,339.1574056,510.1481683,82.96938463
19.57285611,74.27718722,24.29475119,444.844377,392.2899529,97.81785612
28.43401369,76.03669806,5.452431143,198.1930686,850.1885507,94.15547758
27.36256481,84.3223913,16.79921293,423.0292704,554.4522937,62.23699188
22.16325436,54.56824451,20.52734924,220.1986476,182.3769929,97.92765475
17.27115184,87.18436612,20.75792626,163.7382976,366.1879187,40.07226582
28.43146391,81.9257643,5.685702712,460.2449026,976.0053396,52.24874439
25.40615402,47.79009426,23.12830265,91.49831406,979.2795887,25.68498321
30.44636783,39.55698224,23.36903344,474.2999582,329.204472,89.79825321
25.40327002,56.12336377,16.22780746,256.3318426,250.5125159,17.97091211
32.04363001,54.11392248,14.64166398,496.6814631,546.1193316,61.04874733
26.03813678,64.54315832,5.897349261,292.8175942,533.3184264,79.94541187
26.21875943,65.00317394,16.23908285,390.8696774,469.1239185,59.53987468
32.53307205,74.99921906,13.18758164,53.18195735,576.4215047,7.877521787
23.06965732,60.59339689,20.45612815,273.500069,308.9758407,61.14468787
17.68030457,36.28935846,13.07767134,381.8540622,203.4364074,76.70793221
15.57565353,81.49748013,18.67161667,402.272159,613.4153126,18.78281589
30.10274511,48.58587499,7.028162925,121.1218622,939.3381971,73.6952856
27.40619103,88.27784762,7.659045415,238.5369277,223.974349,87.85777081
29.08159536,37.07160652,7.794203813,238.5823812,734.3332518,98.64584947
19.25928323,87.49507033,5.910509996,96.63836382,494.1070186,41.00592638
17.72742951,35.46070841,15.82657719,249.3704785,364.5789308,2.516238257
15.29089331,43.86216828,20.87935452,413.1918314,867.7982966,41.90790004
22.01175118,32.79479653,17.20822407,185.0813319,510.8425251,66.02278402
26.79835374,72.3067888,16.49909771,244.6585349,624.9808127,89.13650379
22.8448809,81.01792419,18.61247857,482.4314083,498.7506582,93.81057923
23.74949844,56.04426491,11.79290646,64.26863415,173.1246235,90.9575787
33.08317389,85.7113245,12.23908143,316.1847956,635.4142182,65.79597725
21.96510934,65.41794431,11.28540196,384.5462413,476.9568775,68.25230426
25.27978978,67.80042813,19.24217866,392.3970953,178.0809455,0.238380716
30.67306025,80.7251521,8.232806713,372.1721112,636.230561,36.37312434
22.93085565,47.8080123,5.260505606,376.9031496,108.8838388,90.68562361
27.441734,51.25594328,16.92392893,76.55569955,287.6683494,68.96176642
32.24727417,84.35711515,23.84762729,290.3614786,802.9625832,46.79207511
33.99041247,84.05780976,17.18815834,402.3360822,134.1346824,10.42524149
17.94146962,88.58896657,20.65843306,92.32927207,682.0138882,24.63166659
33.5317525,84.11029899,18.45581419,55.42246507,954.7362516,55.49225178
24.84232586,37.64232216,14.94873307,416.5528242,254.0732124,89.75015136
20.16488777,79.42345717,19.36784804,370.5324744,475.4006742,9.581234765
24.18271512,54.59030869,21.48208248,235.4928876,617.9479276,15.37554444
34.60065151,89.44808136,9.494632883,473.1783947,505.3742549,65.50050764
24.85236188,58.33685786,11.72260961,394.9691426,658.3399176,29.41497315
21.57503221,63.23016495,9.47451465,485.5374237,463.6877727,16.97037915
27.66801709,61.78649492,14.04345911,468.1918668,233.6537161,17.84359651
19.80291238,49.30422179,22.70129102,266.5821213,180.1399238,49.26132261
16.51726656,34.50132533,11.90414202,389.6190404,769.9988406,58.3744256
17.57759444,83.73907382,12.48933778,351.136125,314.7615546,90.43494667
17.56091678,78.16054875,22.20734469,415.1503445,862.7052815,52.98171889
18.03805387,38.37160683,15.30748661,404.459781,768.7245194,69.12735815
17.77654345,76.60609628,15.70897999,118.9543865,144.5078659,18.06859527
27.8174949,67.55079996,22.21602407,155.1809893,281.0900054,71.34602869
18.63760169,54.54862728,14.81053474,169.5792097,362.7933909,64.86935889
21.91334567,45.24126895,18.63115069,418.3243516,635.0340239,21.61820625
32.9357682,81.58372701,6.712893317,414.8337668,828.8443003,66.93774651
24.47923281,72.01129556,8.572634263,272.9009061,154.2999296,21.14920443
28.35115477,62.86439457,13.08752401,311.3745167,324.6480567,59.35777751
18.44639742,66.57411203,14.89678136,422.1149688,438.5887861,66.88497046
18.84578038,35.46397092,24.31467402,190.6671203,265.0394391,69.33505445
15.81737233,58.43518565,24.41303266,72.58044961,590.7628878,90.92665927
18.37870126,41.62201757,22.02394175,267.1683972,530.2022314,94.7837355
20.57180678,42.50302074,11.31197671,461.1727147,384.8460778,81.01979524
18.54020969,69.67823774,24.28056582,405.7107174,565.1981982,87.87481132
16.77405068,84.67536911,18.78681729,214.9777864,420.2394079,1.932888311
17.41271742,54.22539663,12.85880256,79.14711222,408.8746607,36.26681087
24.21557536,42.46495638,19.03349834,336.6137774,338.8559728,3.972221449
19.12667437,68.92481623,5.330454596,425.5208581,586.3941409,22.48453574
22.28539722,82.27122278,7.923093645,349.2268549,499.703855,38.17243228
25.06834542,74.89912807,21.59371423,241.2835991,276.6923057,86.75755101
28.80789657,82.12543383,17.91147274,105.5091259,111.6696348,51.17540862
15.7862428,62.19328026,12.28389403,459.8484099,235.8365866,64.88610511
30.98820798,75.11257466,15.0133328,174.1812466,138.5511413,36.28155947
27.55800779,38.40387356,23.10284299,150.9291664,488.4389503,60.29159068
16.63518064,50.89647692,17.63156219,417.1894995,302.5871685,81.55364989
32.47157248,53.37294987,12.96298568,491.5489724,478.4097993,30.1241382
33.41744801,60.67774477,7.406533148,347.0721164,396.504886,93.2256698
16.2215592,85.74458162,10.87493603,331.1647201,584.2133296,21.33134959
20.53755296,82.45779361,24.56680466,193.7438911,751.4801459,91.93013065
31.1240256,38.07152954,13.74726126,59.18605281,531.3825443,2.829754535
29.96519381,40.36737911,14.43678928,136.3090396,155.7712548,54.27522777
18.69042039,51.45843298,14.97196065,312.9936965,115.7594333,98.51729028
19.18698647,47.44463195,22.68208046,118.0924078,291.9080496,60.97787268
22.40944206,66.88625719,17.07856569,447.7261131,482.4707601,55.4861623
24.6904597,84.16656287,18.87354073,134.6651095,140.4145258,68.24702468
27.36509543,87.7374925,12.78827085,284.9470039,394.9604244,28.93022478
22.37827279,69.21617715,5.581752372,280.4059606,898.3231371,5.391533908
24.25069432,80.28955208,23.61945828,321.7755336,181.0171197,25.10642492
29.94941876,61.51213201,23.98255362,197.3453314,953.6648588,17.62471672
15.73366406,42.49961681,23.98306107,443.0903905,871.004598,92.35692368
20.04873889,61.48130473,23.87374173,249.9356912,848.6030404,85.22620287
29.26699172,63.30495609,21.30483882,365.0691104,877.2926598,31.77138836
32.90413675,74.54745385,18.691921,336.1598874,172.0452387,83.60693063
25.23354884,43.19297938,21.89019837,102.7202374,236.0512846,21.17526886
25.64226971,52.09862293,17.01092478,330.1877087,220.9351839,19.95792537
17.14344023,51.84164815,7.687392278,297.8162051,200.1176297,76.7535429
23.94824734,87.56637574,12.8243633,454.3718285,394.9400976,32.69306126
25.65234533,56.63669762,24.42589824,446.3944864,847.1951947,6.479263942
19.84941007,75.30563804,12.02275627,117.9296543,326.7659293,71.99865809
20.38486462,75.04868288,22.35655827,86.75831551,319.7995111,98.96013801
22.54568326,45.93265109,6.864229415,182.5664986,708.2998817,56.59777148
15.40142396,64.31218136,11.68367685,493.9757855,187.2325919,26.36675753
21.44158331,83.6581736,12.01906649,59.70819938,424.2519931,37.29056937
19.22896014,58.51186317,6.032050862,352.8015078,365.8836762,64.86495586
21.54994704,86.70705044,7.381886604,323.8311802,862.5707777,70.13796122
17.39524264,42.86749376,8.863304222,340.9602262,563.0511499,88.63322229
32.81054561,34.44954635,21.75631182,148.2286504,681.8262077,90.88353723
26.87184907,83.48723239,6.268039799,152.0228056,216.1309044,86.12785122
28.58204638,80.86087188,10.97401803,243.788937,936.0264345,64.84909262
30.78342477,89.55539256,5.203500052,93.13601318,390.2069387,44.98523698
24.96884398,70.76360929,18.91255491,83.57594406,736.1549541,67.93054844
16.73840576,86.2012756,17.4060618,89.76175407,959.1635619,66.65654574
25.74213084,79.61694151,17.89964524,307.8406271,557.7839755,21.79829213
26.73682236,80.66557999,12.48765569,228.9838356,556.7817329,50.75536294
29.90878948,64.14849423,9.165356425,182.1275513,205.5244812,20.82147639
23.63319092,52.94187588,19.40640427,192.1187208,451.2480008,89.9123781
17.55160606,86.07348435,21.22235745,143.2774876,867.218445,32.32479086
20.67551812,55.92703054,7.772029962,235.1774009,221.5958564,80.54259891
22.26164593,62.32916203,14.73658856,141.3761311,925.7537175,37.72270649
27.91834483,56.76685843,9.97431364,364.120719,700.5784729,76.37361416
26.41556609,63.88909884,8.362137224,105.7696307,478.8638516,22.09124549
22.12193452,58.23030474,19.68650627,476.7089381,591.8485767,76.37432175
34.73030498,32.87805351,15.76193871,90.41852306,235.446947,17.95320345
27.11549639,82.92289116,9.323706648,474.5573214,295.7349638,49.08175403
19.74453583,56.66362913,11.20000022,424.9827372,357.7675844,11.36267448
17.03564945,65.33661891,24.33307343,356.3204543,446.3615064,52.78980808
18.05718278,38.35126817,21.97359129,460.535745,923.9697955,82.07143501
19.91915457,30.20327088,22.59893486,112.6484571,430.8121225,75.55469525
18.21362747,44.71740562,14.20024194,129.3416484,571.4517163,5.071521534
18.73134048,72.27516193,17.47614528,163.4686664,245.8235453,49.21775713
20.70190337,35.95167181,12.5353548,160.165187,762.3758809,85.22253104
18.46747191,84.53324642,6.554239514,189.8817219,604.2527642,65.01034903
32.93530849,42.90135416,13.02138621,309.0339042,495.9167122,5.920131902
16.60467491,42.27561686,16.87961506,62.67767509,952.467819,32.56320234
25.49022779,40.8904777,10.74288542,222.0226678,901.5857597,55.65868887
23.20793654,30.83890278,21.95901149,160.8733076,693.5601451,17.26514752
34.64757234,76.30832811,8.022003183,322.9834316,929.6311655,68.19140672
17.24077804,82.50207187,12.34258179,493.326199,608.3036154,63.48464094
22.95711198,66.84976216,7.498078106,282.9445755,844.2434365,20.24442802
34.38940867,41.2919989,13.09664268,241.5583576,468.5141478,55.03979648
32.31014252,47.11667982,5.793226099,215.7095953,178.0697722,81.17185559
31.34144142,58.55560184,10.4509879,403.2271485,994.7337306,37.48266998
20.15805654,87.2607571,13.0147051,82.39141924,249.0683687,24.6986575
18.41775175,44.84108231,14.56330727,481.8967315,326.3590353,70.12205735
28.3728644,73.89875424,15.87392717,238.0630487,246.7930505,7.080431401
33.58751978,56.3668934,10.4998226,191.1653266,403.7315662,83.26738071
26.13525786,47.8708409,15.46082669,488.3306524,360.3521204,94.34589673
26.43225379,57.35495622,15.18009243,471.1454885,640.9920237,96.47870052
20.59958187,34.27240305,11.32356102,338.8703629,996.814013,43.25387543
30.38985866,77.92124226,21.60400661,58.32831868,147.2581499,62.3202841
18.74087497,44.59811568,15.91282253,386.8407393,800.598802,85.73645575
21.47358473,73.52472739,11.64539437,201.00083,215.192732,22.342399
23.50872877,34.10090229,23.94677024,224.7261039,117.8515222,2.770266876
25.15220757,87.30591337,21.90224826,121.433958,674.7191381,38.45662325
19.84819465,41.58089912,24.65175623,285.5561377,885.983706,88.4371059
17.29673649,82.96452457,18.84467749,385.0486683,258.668656,50.50719115
27.21240085,78.56839258,12.56445811,172.8550031,407.4524062,53.02189485
20.77261106,88.07159544,10.61721333,472.4298086,251.8751838,69.14740452
26.62476443,58.67343966,18.26635687,137.6315852,915.8568124,57.45172604
18.08725431,73.64383763,24.61633165,79.81805327,343.3243892,5.447663904
24.62280204,52.24263942,17.5343016,339.963743,500.2416023,56.08601251
25.65178865,41.06209428,22.63229882,432.1934293,905.2671487,64.79588509
16.03647074,56.58455598,11.58206862,478.9097867,597.5822834,64.15957778
21.73208556,39.94494092,13.13907565,395.2269547,939.5648207,72.83441591
17.68829354,88.92267737,23.12550479,139.8425052,933.8053732,51.99202771
16.26749941,35.77478947,20.13733404,489.9475332,515.4409179,90.00587978
34.79920465,65.35270341,24.62820641,463.7461442,624.1443515,46.42606134
21.4470769,67.58783132,20.49528419,123.4253402,307.2828463,51.8186473
31.19748892,62.28477257,13.97031414,301.4536221,991.4822369,78.03057563
20.0928131,69.73115314,15.6213604,299.9828417,350.4849944,83.32349757
28.63005444,36.9708465,23.01030985,249.1406502,804.9762892,64.8361467
30.2045572,63.30111145,16.03293472,492.9265986,381.6721541,12.63732127
26.91277481,47.23275427,10.10794748,76.83000673,381.7380359,33.19520942
24.43152377,86.4105638,13.71239626,332.2440088,193.476634,2.015555236
23.23681828,75.72429921,15.32631978,142.3866302,603.9062297,29.54498082
21.97736533,88.35086893,6.934396671,287.2990421,320.3491043,57.02442913
33.59058288,32.25336418,19.87525349,400.8833473,233.555282,80.52307393
31.61238816,47.10799051,7.187078667,161.0270614,304.0000251,58.56497736
34.30053821,41.7253552,13.09835427,227.0117959,325.9838414,3.989465572
17.48594447,30.66927524,21.09244883,477.8456334,553.6751105,25.91064599
29.6173495,44.53954381,14.35140723,392.666332,447.3307329,57.80616815
33.76680914,70.72655901,21.84031039,307.725433,167.9412529,70.90477216
18.62466132,43.86533533,11.83762644,149.8988245,582.4257246,86.645385
16.32992535,60.54020673,24.15272588,241.3874469,808.9727064,96.76452161
29.82241299,83.2690869,9.189368636,398.3275936,616.8116448,89.17866213
26.48946226,71.62547522,5.7652829,419.2443851,977.086227,46.73279869
31.83657554,53.67774419,22.44853086,160.0727892,189.2351873,74.69295111
17.79544753,52.34813633,20.04405432,347.9270947,839.0371031,24.05277998
30.90534624,57.34414884,9.639676741,92.75134646,555.1234029,6.383079451
19.0325464,40.62248646,24.69483214,60.44553835,569.4356598,5.506901407
18.27311886,68.04004604,15.04560259,296.9032655,567.1899412,24.13056847
18.28531596,51.84916915,24.0213088,150.9709344,392.7869451,3.754108515
31.2914944,81.14192096,15.10057543,85.51041406,392.0995128,85.02724139
28.30394441,75.3931596,14.43749174,378.4227408,668.660056,48.99207575
25.4613085,66.63078985,13.98277074,274.0885648,140.2885768,81.09000407
22.17660968,51.85213336,11.69750552,408.3246549,629.9074408,93.98982769
32.54401082,42.5959099,15.67402994,348.7749079,752.1316464,99.39078866
22.84890215,76.56911185,14.05109324,378.412223,420.6936641,93.71640095
31.33198879,59.18454594,5.734937532,188.3122616,295.6212455,71.65567972
23.78269817,43.48500229,10.20870467,168.4741216,292.0482215,44.19796518
22.53888859,41.7104769,9.262456002,320.3937014,173.655688,59.79848391
24.25359571,39.92405427,22.34871205,140.0369632,180.7473873,81.64963679
21.02755748,76.62967177,16.97739954,416.935452,250.0190814,89.75545051
29.9521876,43.73923112,20.27366201,285.314076,117.2556145,95.64684686
25.0544078,61.59853581,24.13652075,152.1454696,339.6118668,73.06056991
19.6442539,57.09278166,17.88078545,331.3257045,375.7616463,53.99535491
32.99149147,64.77665395,24.65219983,475.2660808,995.699128,96.83717098
22.67782443,82.62929402,11.23528103,86.94262697,992.5189639,95.86249618
25.87105722,82.0648434,8.725343646,99.20534329,268.3439622,47.75528376
33.12944222,57.06456431,13.06619776,429.7276161,291.7289423,64.86583905
27.48475992,30.92197504,14.4159883,99.31719856,542.7157335,80.92671479
17.33796081,55.58662834,22.90723086,67.71891621,233.9059004,43.30791067
33.79664247,66.37161225,16.19880878,206.5687615,553.6354673,82.93776267
27.55416106,63.46588555,10.84361999,260.0176482,459.4507343,11.14554725
21.69811229,69.08016635,19.85268566,306.2499965,392.1606019,48.11517209
17.78544145,39.24454395,15.11663874,278.2851047,840.3446537,48.26124989
30.88050379,68.79210593,8.242638906,460.9330532,845.30593,68.46570562
27.40145512,40.95909712,16.53639575,395.9006452,989.1005203,11.64130102
25.66922184,75.03143884,23.22789074,492.7146151,300.7793027,10.32104335
32.87785166,50.3452568,21.85245235,264.4049405,899.4497474,90.05948124
30.77194422,72.593726,16.73619945,87.94832443,584.0613367,30.37414645
18.03349759,32.87193593,12.54166348,479.9887893,632.3134882,32.69223783
21.23444136,54.47160154,6.739575021,51.85092272,906.6638929,77.68615467
19.9697828,72.30207134,14.39297847,399.2432062,948.3677167,41.49090361
29.87892585,43.61223098,20.04158875,64.07691385,754.1301319,83.29237541
15.67064869,77.71722269,12.20547439,392.5463858,413.0581887,40.14687312
26.3977937,67.84678399,9.708936511,472.0725229,540.7011907,76.05997662
30.24917371,65.25370633,23.62759439,225.1671338,653.5484776,52.53099578
32.53531274,51.21293125,21.43111401,158.434183,845.7760351,93.58281263
21.84163497,58.94708822,17.76551239,151.8256186,692.1529348,32.7388973
31.42514609,65.84095806,7.735666878,271.2729399,428.902855,36.2690595
17.21263474,58.34772683,7.898176808,126.8991661,476.0924062,96.99865162
31.92904583,71.89879944,7.064391829,352.8156338,145.3939318,73.7525098
17.54977325,56.02181599,17.32593334,215.7585609,931.8410744,77.25673386
22.94574581,42.1363909,7.311255929,195.3992716,179.307112,29.59767489
30.94590732,42.83602697,21.85254398,257.5785093,621.9377116,53.20443973
17.99834855,30.34822613,24.85930004,294.1643761,884.4866931,31.35409854
19.5850279,48.05746293,12.32696369,113.868618,478.7787246,25.98688869
29.44505137,74.93505843,14.07339694,368.4935137,820.1129388,53.52411876
29.40073073,77.64976253,19.23334354,447.326195,823.4344717,98.77606242
27.82295266,42.14805253,23.74306013,175.0941123,153.8614347,21.46226472
28.87896889,87.54263981,22.88187547,131.1759058,470.9293532,24.25198591
25.85448887,60.14416761,6.151836575,392.2274407,721.922938,24.31289883
20.03598118,85.01872494,8.381436051,132.5937757,480.1181582,79.17022616
21.91391987,72.40591691,20.09194397,68.56482216,590.6505234,51.04820611
18.63195434,73.34600538,18.77786216,328.6594492,635.0121141,38.47676567
33.16901123,35.10261728,7.664371881,157.8881373,236.1064391,84.37898344
26.6678359,43.19946761,15.04129164,127.314684,470.7830855,29.74906384
23.01702834,30.52889,20.61629262,491.7212338,125.6168995,39.22178987
24.24011607,72.96765843,9.375613645,181.3392425,234.6634749,7.362055929
33.94566679,50.66629731,22.42575271,456.5494806,561.028657,11.89101019
18.06702806,77.19915096,6.059435496,130.1984446,616.2273981,13.67310667
26.72459664,50.3361732,20.6439017,418.5397094,231.6109659,34.69752384
25.11777358,79.16002514,17.316378,275.9084929,780.0573432,52.40852605
27.22908471,37.84189522,11.30398693,85.3676461,435.6890991,0.074431489
15.36220368,40.40238941,19.41865097,380.1223821,928.5849359,18.99323115
32.44247818,50.45259238,20.6473159,451.4330173,448.896451,17.56500202
33.64236565,54.50924333,23.67797943,123.3576457,234.8298788,25.33468488
26.30266367,50.92216865,12.35549344,376.5156091,782.1734128,16.60809261
28.93301648,75.81882195,18.72033472,250.2736336,611.0207204,19.51281812
33.44998762,35.81708356,17.05232554,389.241704,448.0193514,98.3880361
29.14477269,51.07302118,15.50412139,371.2675767,420.3614471,59.47302592
18.05078086,80.23439997,22.80832948,61.97010371,235.6920762,76.26931649
26.5257672,34.00782464,5.063346283,130.4244662,406.7511647,81.93433771
27.13430093,86.54061046,10.64223212,261.9622593,126.4097269,66.76805974
23.48261343,89.17901054,15.76554479,470.1173774,552.1617227,70.408027
29.72888471,35.31409043,8.565865233,203.9330555,907.0513676,63.22834445
33.6873403,47.47635134,23.15733067,332.9930616,815.7977166,64.9373478
33.51137026,52.34403996,17.95190235,55.43768548,125.6690775,92.84496292
24.01678743,76.58348212,14.55765989,370.0071147,893.1342936,18.57384739
17.26476092,65.75560873,21.29403518,321.3807182,507.092346,27.47300358
34.69682398,68.66194203,14.01772383,371.927636,271.8023189,9.325854882
31.77796173,75.45058937,16.17306024,457.0972759,777.1707597,83.7324463
17.49325362,37.07873997,5.055019911,115.9245199,390.5861952,44.87553236
33.41683765,79.99256741,12.3140106,167.7153182,327.9865808,90.71045605
32.39792724,72.33718825,7.775809447,498.1014015,245.1865661,41.16757132
25.37676114,64.64050351,18.79377361,120.3277813,537.9597162,44.26141581
26.82550871,83.38412009,14.58053918,374.2821529,184.0545996,44.83565013
22.98005408,72.01838123,11.03515115,376.2841597,807.0518162,61.24930922
16.09523278,42.10199776,14.35664679,357.3471858,523.607119,76.6124117
21.70394483,55.78472286,9.192597759,152.3482652,502.2787751,35.12922761
31.05706897,59.64257202,23.50173265,146.8103284,101.6685608,63.01654534
15.09264046,33.31305761,6.079452651,349.8534806,836.0774743,20.39674368
21.66998343,87.2782508,22.30834071,133.812583,543.5533531,55.40471045
22.96337387,37.71463565,15.22717577,347.7034993,495.9050678,54.65848998
25.74791206,71.84767603,17.37892992,271.6377269,785.2463968,88.87158656
33.39711233,60.37386217,11.05211242,223.9829904,156.6086942,89.58452238
21.92691989,31.53793499,24.33395234,185.1045572,430.0124105,48.72111583
21.93906404,85.48484855,10.63701917,476.40962,618.1605618,2.459946578
29.75002496,81.11020853,16.77755994,278.642146,514.5198065,84.46219506
24.04435882,61.45547567,24.8683341,302.5633831,263.4750009,0.062247057
19.49209646,43.73654017,22.62188793,477.1652381,369.3488569,47.82536355
24.04879032,37.29737344,15.72659651,344.2447931,370.1805019,1.979015763
17.81714041,51.80354877,24.80749046,481.0338175,992.7737225,35.25912944
18.52773973,45.32569686,19.02739723,97.86503324,393.5774069,63.67646861
24.96735545,60.40147206,9.174008323,430.9878343,284.6638563,37.12009031
23.37850899,87.98455777,13.11192421,200.9365826,840.3734378,92.68913586
33.29691802,64.49720959,11.68986668,414.7193863,479.0541295,64.07636334
22.24787798,83.39586335,11.88027417,435.0364809,499.477325,64.64438726
26.61176701,69.05273025,20.20912879,172.1695488,594.0001571,37.4437046
27.64528576,58.5147916,16.68525855,233.9737774,636.1202775,3.85435243
15.26188913,81.27645376,5.761854232,376.7064594,631.5000404,73.81797235
28.27074744,58.28208661,22.54896967,94.5750339,131.0497502,71.62447305
18.56071934,82.11769023,10.93592281,389.9900905,836.9581896,53.0125027
34.22140635,47.49460617,24.94149754,99.71281672,275.3675372,41.62680393
17.97325456,37.72878443,24.08381461,461.5050795,363.107915,53.831705
23.29248247,81.31886786,23.81061433,174.352682,256.086568,74.68154042
16.70699336,65.24490983,21.22255208,309.0197061,790.3689918,71.27854308
34.93748504,83.34554389,9.412266634,102.719075,625.2921934,65.81096623
25.04390021,86.26963242,15.65265488,171.2719196,779.7665375,90.37772674
26.90770035,33.21770342,9.486052536,231.7797696,688.0585649,60.98883773
16.34152955,60.05815811,10.19350911,269.1719945,193.742771,1.450964755
29.99920941,52.49787294,17.21903539,50.03037394,371.3497983,61.80638356
19.19811186,67.55150382,5.816670907,449.8950931,556.5386436,61.25592457
32.96108579,77.61547183,24.38917134,53.4536643,374.4505283,6.963616351
19.10279281,46.83541296,23.37346345,398.1580533,286.573514,42.77297543
18.81375441,63.40790306,12.61535144,261.7605106,882.8307722,65.1096262
15.73099336,72.52371479,15.30844896,285.7460112,773.0053077,70.45012317
24.4413389,38.06586497,14.32238839,143.7194657,410.6980545,89.30496252
26.29682267,78.84401436,22.64399557,323.3157577,788.5111264,84.13809807
16.31417279,66.36657599,18.77203753,291.7543591,664.7847566,11.65518093
30.51055233,86.97224623,10.56222495,123.906383,103.4071603,60.87844266
24.06577669,50.37173515,13.93682509,157.1535506,442.2358234,59.64814112
25.48780539,36.48875654,13.57931951,80.10663306,361.4387493,30.37479177
23.81525494,60.39007206,24.18670337,79.82760744,296.1177595,18.41057061
23.01526122,35.1486463,8.50621821,56.19910368,326.4304547,19.9508659
26.19280663,88.1715914,6.791526746,149.2134465,948.1283619,17.7547769
18.10480492,32.3210975,22.61237664,355.8475523,537.6853612,80.62636724
18.63856261,75.21023407,22.93371979,192.2969247,862.9378464,14.83930507
32.23571242,61.50614389,22.43478176,204.2304214,292.7954369,26.43919773
33.92230924,52.11723915,15.21953831,109.357427,256.9634197,21.77884045
22.46618633,33.95052987,18.19488857,308.9618004,899.9106295,71.28568324
20.41489346,67.33001545,16.26726095,203.9646387,546.1342172,15.83958944
27.87999086,65.11321976,6.388956521,354.3425615,905.6369128,2.406495261
23.17468342,46.85299638,16.91669794,383.656761,156.7259676,37.42254219
15.50772711,84.61330208,5.272282945,313.1117939,924.79197,30.50942612
18.12305195,48.24660044,11.49974819,174.2312916,473.9007847,39.7704705
29.31944458,56.98352464,23.64585152,278.8735097,239.8334387,75.38157391
28.17847884,62.62574736,11.08090539,163.3688621,715.0444205,1.23669089
15.54191985,36.01391269,23.79653285,456.3107759,817.212415,3.770760174
19.43944324,85.92970315,10.00267914,394.8735875,142.6372548,25.56446319
19.62149593,52.47216915,11.29124481,271.8526577,988.476377,88.92084863
28.43785487,34.84675283,17.56814993,484.4557144,727.3241986,16.90745006
15.39421076,53.23747042,20.23253946,296.039951,389.2617925,99.70379568
17.08217164,66.01215283,15.02775536,197.8409646,236.1644161,80.56925661
30.99832171,60.81916031,22.64231374,92.96028536,453.2782732,45.61365531
18.57089324,71.67251844,5.804808432,294.6855402,298.5090945,74.78622452
28.05492216,33.32903652,23.44389677,437.1874752,544.7379012,51.88151249
19.76365562,47.07243662,8.926155998,440.0234277,803.7034376,56.59922646
16.98882786,79.15383461,22.6847749,322.05518,694.1173501,58.07717419
19.86344382,34.79362127,13.01726359,227.0472635,492.3414143,64.87205129
29.44533864,81.32915728,21.65514112,342.6333386,207.0495321,6.076419003
32.11392936,35.51376552,18.433311,392.9631596,961.4412301,61.64981049
31.60439729,80.06725289,8.51883265,235.231153,343.3334729,71.69485819
22.94367059,51.64730406,23.3609514,264.3143761,350.0510913,31.0723135
28.36170273,66.7325438,9.91034781,356.2773383,680.9519997,97.85788305
19.09968591,39.17322694,9.882802374,444.4936727,793.4586599,14.4445086
20.86295461,33.9701233,21.28357793,405.9546702,985.7374888,91.04425225
32.92671637,42.95629224,7.117465111,60.07611619,972.2478346,67.64494079
15.26003847,37.67122907,9.440718127,105.9675547,922.3844718,66.43144782
16.71017062,48.74435386,15.07355147,433.7501811,491.7822106,87.60226599
19.1577251,60.86299479,21.60954057,425.2202726,250.0026938,83.17292113
15.53064408,65.32556781,7.949679495,224.9630524,626.024083,34.54344323
18.6287087,77.39208644,15.95336469,312.9250651,115.530855,70.53698023
26.66083122,69.37439359,19.22481184,457.6302421,276.6239551,5.060258269
23.42849101,66.52549951,22.21190449,460.2014065,102.2764571,46.40184322
32.85343422,54.70692165,23.7113112,402.3917806,262.4823213,93.77772607
31.34887123,58.4285061,20.69279829,144.3150223,527.2814111,27.40894478
21.83634703,54.87124976,18.05656796,378.6272633,453.99188,4.997078907
20.18846867,80.5299618,13.67240171,95.49429456,432.3669084,58.29449919
22.59384816,43.80002715,7.242203084,452.2723068,847.8575775,35.50997631
26.80589885,30.34325589,19.19474385,117.1169616,707.4966742,37.96834701
20.36127282,69.07919383,24.85474609,348.0568881,942.7885866,58.24571871
27.48297816,42.14773102,19.73521189,324.6094734,500.8069816,62.15890593
23.18823304,83.40690818,5.334221875,399.6048451,345.0067079,43.73219656
26.04094362,81.54277978,14.92519956,298.2098761,210.4160842,50.75492422
23.72253058,34.60364232,17.29293265,76.80495892,704.8246561,99.32557567
20.88931519,36.38330432,18.79348402,367.6308143,857.5669796,95.7147958
33.96906614,59.71029553,19.39451671,222.4195515,265.3654278,70.7317072
30.27211588,66.55335977,16.16216882,194.1282505,890.8774701,16.14795269
17.80226352,46.49450025,9.467206655,496.2530973,573.6485815,35.9960084
32.36935952,73.007863,23.84401323,315.6798947,229.6725689,88.30882241
24.74862396,65.69496126,18.93332935,369.823583,678.5769924,42.35659162
32.89104454,49.48944658,9.736800737,286.8467616,568.0474674,95.53676494
30.99710512,31.52228928,11.44643665,396.4876907,125.3651926,48.83017833
23.50427009,75.00901688,23.43855341,388.432731,459.3188843,86.17691342
15.44938617,42.88521995,22.74970373,345.7157521,806.3091936,3.537889953
20.37354719,80.06842461,13.10292877,498.9843776,599.8813781,43.41636948
25.83268429,55.2174156,5.76614444,256.9070903,353.8370136,70.02618507
27.6695644,64.62464656,5.969947378,367.7865567,935.777587,86.35645323
20.15775371,82.37692382,10.67836582,409.0000833,314.0011342,60.96328928
17.78712148,81.81738006,17.58244439,219.2156193,327.4624062,17.32620259
31.69860474,52.29117451,16.68389271,255.7287624,419.1754117,88.57941652
34.68804361,42.53333356,17.67655574,486.1252699,905.0840751,57.48131627
25.51380365,76.50876466,19.34565944,64.53095771,556.8628559,10.80181818
18.43358572,55.98481222,5.380645072,200.8830443,713.9611533,46.38467774
20.44614653,41.52251961,7.101711903,268.7958331,978.6377553,69.89433935
15.36781353,84.26552054,12.18966904,50.65924688,804.9666672,45.10157463
33.28597613,41.88625165,8.09719995,454.6071955,255.3401068,87.07901073
17.35502166,31.54843009,6.506400851,178.8099801,809.5185361,42.36943146
26.53032951,31.21679843,17.81928792,165.9671744,773.5034343,58.34526895
20.48110441,67.33892139,21.30672955,419.1467879,309.355295,21.1170436
26.08356005,69.70050364,20.05253315,175.0924528,392.8148478,51.268635
28.02840777,48.6625023,21.34079557,345.9301673,739.1154159,22.28573099
31.59483607,49.20065935,18.31713088,419.6764148,314.5537847,22.51871479
19.12842544,50.3696349,19.70690644,406.6145815,287.3681821,27.99025422
15.21991657,70.80951281,10.43557548,401.8778318,733.1254949,4.419926745
17.7377126,33.48802746,24.86016073,89.88690644,892.5359435,16.33096417
33.00037284,85.74698116,8.66331309,85.93113541,167.5150144,42.43606253
32.47780155,43.35126265,9.289877488,188.0465161,501.3169617,13.10604987
26.94826204,89.98039231,10.77843664,66.17654654,646.4576983,13.33847505
27.01033721,40.29136163,24.5066486,275.1933814,708.6491072,96.79318284
28.30073349,76.29278744,24.76577179,227.6519298,996.5763211,42.70973632
18.50742557,43.4047527,20.89787499,300.6616606,714.4227643,40.37326996
33.28823892,34.8508081,17.58115197,184.4548424,658.1387017,26.77356548
23.3754105,82.49599946,15.4012515,268.5893013,990.7607371,51.24471591
22.66277056,81.52507555,24.41241691,200.6351446,154.6013263,59.60649017
25.37835411,54.21422355,18.91245606,137.8436415,166.9932065,41.8185522
15.93931934,72.14376855,23.89460257,342.2150065,604.6142738,39.38085165
18.32566738,63.42395596,11.33101599,353.0461557,422.7981529,70.04266836
29.76067233,81.17736682,11.67549585,423.1542617,187.0277624,94.97767009
16.65597336,48.90335816,22.09449188,443.6383024,375.8040065,87.7822071
27.06304219,61.420344,7.997098412,367.007857,706.9190387,11.86202669
19.90698219,59.12234227,23.91855723,359.374139,892.5534673,65.23086704
22.78591228,51.23434958,15.14948709,75.5040494,184.892029,0.70476125
20.77387474,83.48730387,23.52827757,99.40065866,586.1305562,63.30917774
22.11345433,39.95267548,11.73585577,415.6532197,366.5040083,46.43535889
29.3809181,38.97051837,19.31917808,154.8280677,700.593547,49.11130523
20.94243431,64.61457212,14.65750244,210.0042771,594.506345,58.80256079
26.32809281,69.4496538,17.5360726,115.3838092,934.0399054,74.26553813
24.52100804,41.67715526,15.08744986,137.8183859,133.9154983,72.94578026
28.27342331,53.44304654,24.34231235,398.9377559,523.0335474,4.447903155
33.73659479,86.79383058,18.84210796,167.8368288,273.4835998,73.64943863
29.65144194,44.79704536,10.02637937,252.0657348,583.1035378,82.98159807
19.29880757,70.10164213,23.19353844,118.2521179,868.2214097,6.817262444
15.6236627,74.40896362,10.88059476,355.0684578,920.184875,32.29466007
20.24528089,56.88772197,12.43210199,377.7213804,458.4084969,79.20640768
26.90155861,86.25155921,7.04247396,212.7615431,830.6024709,49.31068157
16.02851627,74.19940411,22.9993304,403.1359908,352.4572673,69.48910688
24.92732494,57.47547479,10.72224046,157.9579934,105.6744517,50.23158076
26.93685698,64.16011211,10.17835236,361.3567379,869.7151518,97.82224498
21.68487782,71.55680661,23.40525196,378.4840616,207.4710182,93.61930729
30.41824407,65.53141083,21.11053725,485.89582,115.850011,28.11452419
17.13196506,82.72185503,7.82157843,154.5447493,418.417897,38.58848217
16.50275563,51.41331974,20.38649008,92.16971602,441.4419907,43.13459978
29.56377512,47.9931444,23.26066196,168.36594,169.4981537,10.42043329
24.90982632,42.83033337,6.570224364,105.2879885,832.7643818,40.40749469
28.76804793,32.26697808,21.5042999,126.3624388,465.0334572,77.48478212
23.69654677,32.58083786,15.94840104,200.3515303,540.9312524,84.68962814
19.92804066,82.20331159,18.38394899,236.295836,338.1627412,88.61327504
31.38204635,70.70358878,14.85708678,456.6759016,560.3560771,1.455900017
30.98831758,69.63194493,18.9560617,138.0270972,790.0582516,78.88060387
28.89392942,66.87856914,5.681957233,487.2915392,915.564444,50.26276845
20.44290274,80.95314868,20.25413446,414.5689445,973.4766407,20.61591448
26.80461334,58.81601554,5.666873957,446.6621255,484.0515321,49.87450225
22.21947794,82.22464971,14.10599695,468.2497954,991.0304729,84.42604667
16.83164147,51.56670157,8.019299863,388.9585387,365.4601406,43.42493678
33.34627151,85.60245026,21.47148555,404.9509242,106.2783418,99.04610806
17.73637262,71.9194188,11.27321818,247.0182335,790.8553395,61.66831847
34.00474708,45.43062816,14.08187089,279.7026056,260.5920837,48.97636691
23.92011546,63.8450953,13.57501483,469.618442,147.2093543,29.48893279
18.70265858,61.98183369,20.45003931,220.2151602,931.6080303,1.105106264
25.83801895,38.2739293,14.6228872,68.87618288,812.6297474,61.05483567
32.45891672,65.47457435,20.7791667,393.2394735,192.3983214,57.74955464
29.64449773,48.88713742,6.470165536,307.9208803,799.2191371,51.68143552
31.13122296,33.14092601,8.831879358,416.6941831,859.5997277,53.7704454
28.17566733,86.91936946,16.03068499,83.99806997,914.7714987,84.35223711
28.84553129,68.48942214,23.9417665,329.5543957,589.3246607,31.68699246
31.98391303,82.61513591,6.495156934,161.4676496,733.0708635,55.0253944
19.99336018,70.5633603,5.861684323,456.4708675,786.0153511,67.99476259
24.78849927,51.41902153,8.131013499,99.45947288,719.7750416,20.98189269
19.42418884,60.76128434,17.82306258,429.3811727,682.1502583,92.4819415
34.75336016,70.54480562,12.97985833,89.84941339,592.8033275,73.71225248
33.88118679,87.61513951,21.51104759,61.29380997,531.2759088,5.329540016
15.78853623,45.22016755,6.43866303,155.7767435,996.5125176,86.51066979
29.11150345,82.49862352,8.928281736,199.8700434,403.8047024,92.98701454
33.50496635,85.44466832,11.00052811,331.9379473,179.4418934,79.36700482
18.6115069,70.22493088,17.53460173,109.2760688,788.5332685,42.62246017
26.35890461,85.87599764,18.70345381,246.7984701,292.4419401,99.43768997
33.30976595,53.87271525,7.484065879,141.9186209,579.4240237,12.44358994
15.67891957,87.18097056,23.87609418,434.8864947,186.2213649,53.66058414
28.94840534,72.16697263,11.8208827,70.23492858,657.3554747,17.03908041
20.94698015,32.52034605,19.26337526,210.171977,949.6066635,43.93488028
33.48792391,84.41236991,15.48415438,334.118336,750.4342413,92.74243066
34.4211649,59.06836854,9.455162271,460.8896801,293.0813004,79.42611284
33.88532978,57.61961909,21.92456646,440.5970402,974.0242408,78.20819415
24.48428433,63.98799636,21.36476056,452.8363998,376.3782379,35.3853801
32.24085302,38.96307281,12.92143708,78.28398216,492.9534878,93.42701774
31.89098797,58.14996291,16.77215171,428.4154677,548.3053183,36.82609307
21.38200946,79.867633,10.15651392,400.9606603,991.646869,3.997343572
31.57830948,30.92894755,18.79703257,456.0942422,162.0022606,63.78012625
15.74015269,46.37502962,11.18053625,190.2093203,727.055465,36.26476165
26.92539757,30.14727519,21.88157469,460.2942978,425.7377881,15.37248882
19.60017675,54.94267855,9.347702086,231.1884883,170.4927872,93.46580621
17.41133772,73.69893063,5.296068456,335.3448585,941.5284919,63.7239534
16.53906403,77.92630975,10.37016084,240.880546,630.8724872,94.05296895
28.92577552,86.71138567,8.821049729,242.4417937,778.1662068,58.29786823
21.79749928,66.51027678,15.16572879,295.9866585,316.346892,6.386365963
29.49533543,45.277612,9.074065833,210.1670193,785.3868304,2.994051371
16.30712682,85.44887695,20.26379741,406.7316474,845.627896,90.0561435
21.30580676,76.51894523,9.82741276,335.1374309,487.7464575,3.872793688
25.78982585,64.46570898,19.1393636,360.3900927,614.7608255,61.51757972
30.8144633,71.73841294,16.56941846,153.9656601,974.6852814,29.79758074
21.37505006,85.4589813,24.72499713,486.3088798,862.0566775,68.76581391
27.51782753,72.74364171,24.99801954,347.079244,500.365055,28.47224287
32.71955496,52.10247046,22.39052167,138.738139,698.1164729,3.722217045
27.31726376,72.78169214,20.19966739,387.7206096,805.8083291,73.08384728
19.6591895,32.41668976,12.72912828,128.1713464,121.8959385,31.09026303
15.48801563,53.18493371,20.06553454,78.52320333,629.529388,55.07989273
32.40197748,54.37938191,24.13351074,287.3990283,986.0757521,77.38658199
15.42538822,40.01029407,5.467551508,299.0857794,952.4625848,70.28233018
32.49403345,31.38512883,15.758294,135.0345086,849.1963553,34.85711052
25.57874268,38.0028742,9.359966088,206.7705249,195.5926838,74.78266592
33.78135397,69.27728975,16.15752632,475.5961831,994.6373073,92.5681007
30.97566472,78.13732898,14.3289418,178.2514544,648.5843378,60.99745925
34.95868221,89.29220956,16.51537163,120.0056273,300.6174245,70.35060606
22.01423631,50.78181019,16.01924443,496.6528814,706.8418207,86.59081397
30.34376578,65.96275334,24.20214078,186.0374914,870.8712059,84.36406163
23.03861827,86.22869801,16.04372218,356.1141529,201.0949848,35.16013275
24.59751241,40.02250688,21.92464176,154.2020816,924.794329,99.17005968
27.55010926,73.05873518,11.39640574,297.5545386,928.1838533,2.856600005
32.47354228,75.29872399,13.76201378,223.826894,112.1179656,98.67075718
34.68166938,35.33853215,14.40826952,482.7106675,910.2872095,24.59971334
30.36546828,81.67496311,10.57456087,244.7626435,952.1361264,44.04370505
23.35533564,78.78630283,12.59580523,312.8783829,133.9226173,88.36887378
23.42714005,32.00418039,16.97026159,475.1448197,364.7496912,24.43288385
29.75164603,35.46506489,16.60375527,495.155435,435.7967561,22.47816351
19.77554292,32.94761363,17.72870689,95.7462638,414.0014249,64.31087622
17.20948226,50.08461191,12.03635831,425.4443204,783.1029135,70.54505256
22.09244315,60.55733944,11.3166299,221.9524224,422.2940133,0.74706842
20.74477983,61.94086368,17.23235766,317.6729178,960.9209289,45.0444236
20.92616241,46.06000559,7.657234969,218.7716355,995.4933628,48.91089779
19.67215502,84.69581319,10.06063087,230.5022925,385.1369836,27.18351997
15.84186379,52.09576739,5.842554739,121.4858912,557.9206779,54.61097146
15.35747869,32.73300936,6.452217052,307.7449063,601.9352563,15.45776057
34.75444779,48.01362669,9.867665585,296.0221757,621.462547,32.36058019
23.55546267,61.86656535,5.390585606,135.2101048,436.7880948,71.32392336
22.68653294,54.49330936,9.908211842,293.7786932,249.3941518,87.37865379
28.59294565,46.43055115,18.09952646,487.8958472,149.1044876,58.93789617
19.36507776,37.87939499,6.222141569,371.4838681,195.7137991,7.484453934
33.99922368,79.14987001,13.73473356,266.4421518,911.1621138,67.87458698
30.72690029,89.76871453,23.26217574,462.2377935,352.337506,89.75978209
16.78822005,49.77252801,20.82569658,308.8914604,169.1406849,50.4314043
23.35161552,52.89726265,11.10875005,110.7715994,661.1767296,49.36919661
32.58236615,67.08225148,23.49610958,296.3793415,167.7764361,99.14135795
33.89464045,73.10648848,11.59292993,131.4379019,163.0476457,63.62977875
24.34803022,53.52177209,6.450309927,395.3771774,659.4134553,80.60289017
27.26822778,84.29577102,24.88111914,485.2283964,632.2557198,64.64934853
18.34067892,63.60023935,22.40045054,212.368363,137.3295583,22.09156866
34.82337252,57.02340458,14.31865567,245.7130461,514.430051,28.4078184
19.63343403,68.80036519,18.32753048,239.6734101,492.1914771,66.57057587
33.85463548,87.16823089,18.42456156,178.3849891,592.0202167,45.60711301
27.99293298,77.67313767,8.889644615,407.3809842,764.0602394,40.43477902
27.1547359,32.40078783,9.000972663,327.9777497,354.5200428,2.245195338
25.25377022,49.93859464,14.39161407,78.82320059,489.5022552,88.43690674
19.61339623,58.2326811,23.2314628,427.4628508,813.4684159,88.44977898
18.53056064,48.87105433,5.199875497,134.189704,930.3007514,46.09711247
19.40972418,72.01125365,20.65011272,490.6180228,902.1906757,70.07392086
18.72876524,79.57614899,6.150535674,219.4984126,529.8678569,17.78193537
30.59168947,73.88070571,14.5644423,327.4023412,568.7792173,50.38110246
22.00250518,89.35999721,17.75745666,85.0206285,576.1948979,43.88656419
16.15685353,46.35285887,18.73518534,205.0984736,881.8440127,65.66135708
34.3820526,82.4993697,6.169585272,411.0592808,855.9455562,46.96459011
32.6757177,75.99735991,13.37207235,264.7438214,380.3792757,49.84342827
33.55504566,51.73072545,16.67674521,457.0715676,246.5647205,29.5712457
34.89815645,74.04747262,6.320910746,308.8122985,441.0771053,4.84231683
18.47790498,36.24455739,7.701891132,467.8574879,359.5657449,91.7025759
22.92484038,77.36000894,18.27297979,492.1744582,955.7026523,1.223162351
30.16476951,61.93983616,15.43276393,254.2525518,339.3241115,28.13244286
28.92041236,47.53741036,8.236573225,304.3204577,263.0860136,44.76107822
18.07791813,69.34663811,15.70478674,425.7142895,909.5311563,31.90923543
31.3166625,68.49719992,23.25384747,149.6898525,177.8307439,55.19178701
19.48881144,42.56917336,5.311751696,437.7333082,334.2394463,46.16130152
19.4763523,31.82384489,17.85267547,316.3640632,495.2000746,25.54762359
25.73948846,56.01735521,6.473008692,376.4750609,635.5966403,8.802013091
26.8587987,64.17071216,5.128988859,85.9343102,394.9056067,13.75352706
26.60172416,82.5963167,8.013089773,394.7844576,546.6105972,48.63200693
16.82973675,85.69300774,13.45813264,189.8541071,278.9480678,84.5945534
32.54921725,61.72831309,21.04687998,412.3545246,616.8467082,10.06388919
20.31200085,75.22820903,10.63570993,279.1186422,467.0351275,67.72063852
17.59029843,56.35819634,17.51346425,173.5764507,864.3337185,79.20911458
32.7749616,74.76492939,13.22313276,478.7418637,474.16072,27.67722783
34.11302996,42.2880915,9.686635839,394.278079,499.4338761,66.82394929
32.24255235,52.26388409,15.28494229,493.5587332,632.9574904,68.66579447
31.19032149,68.05367993,20.94928981,214.0114543,210.8530037,70.7792731
28.10483961,31.08947794,21.6498474,342.1488351,241.115659,89.08090916
26.01714741,73.34767862,21.93039064,325.214905,811.2139725,39.85260645
16.7397352,80.13213008,11.77115625,359.4005335,346.0769012,24.36891377
23.16906426,53.94849967,20.86912129,67.24245472,716.227236,54.38448679
22.45377034,56.87654503,9.243569102,181.2736957,187.684273,6.254837324
20.19507568,81.07693273,19.76850202,459.2019082,839.6619943,33.39209302
29.46840227,76.53927812,23.96768853,240.7190247,989.4052998,88.32251267
24.9175147,47.28896934,5.274876694,482.2896556,436.3218507,53.20575602
16.62092432,49.43856639,13.80727862,146.0764277,554.9770917,43.66753042
19.40366404,70.73269394,17.95541977,498.8407881,498.4407819,26.56839107
28.66517527,63.79188555,19.03551541,363.911409,904.7689738,25.03756847
16.52261719,39.73377427,8.521755165,399.3770408,108.9406339,23.66120214
32.02413828,48.59579455,24.4436655,228.5875275,688.113389,82.92336681
24.90293054,83.99899661,17.30530736,458.1536546,687.1314455,98.50203722
24.61173155,71.2904662,8.286812025,295.4583054,444.1465075,53.47984333
26.84815569,89.15845906,5.410450234,356.4222711,297.4002779,7.983341717
31.49361932,76.0207518,20.66528398,92.6637221,315.7144133,75.10390459
21.95618416,86.51846593,6.594094789,334.2563154,820.4177091,87.70544234
28.56032305,42.97131443,7.821018421,445.5855447,159.4927867,93.1228171
26.31463928,76.28909249,16.49660054,130.2274527,607.4417316,62.8775346
20.3405654,31.21305121,17.07011007,381.9766706,376.1565427,50.68808333
32.57259973,70.2456013,18.73774237,61.43034155,338.7230312,62.05273145
30.94852043,58.15693669,12.87028025,466.7913575,555.163899,1.295071761
28.16903669,50.80560432,20.47797338,492.3127022,908.0753557,65.54198753
32.01163458,81.74426114,24.48717199,209.3810301,656.2827271,70.96463933
32.34588402,81.25606156,10.42189886,98.18323237,809.749565,72.20303476
29.16725953,31.33810229,19.06057233,346.3593657,640.6154013,56.30717809
31.74026657,66.57030735,23.56937305,63.42553137,727.9442019,70.00443713
28.94942923,52.06993346,18.72573525,267.1188266,489.1668839,63.88323907
28.60281544,54.93966009,18.62218997,172.3006288,933.3834717,11.55284198
27.37222756,79.92244435,9.475451382,263.0025743,551.7451184,89.83667694
30.05433279,48.59038629,15.70260401,58.22398163,596.5972023,62.27275077
18.17210211,86.58292864,16.25045687,73.22548238,572.4689529,72.77943705
32.61741518,40.77802958,19.00259125,57.18912298,384.5701181,34.28875199
32.43687055,69.7633454,24.936429,328.6093415,308.114592,91.92395162
15.58494566,70.32630402,5.672876451,302.041813,166.4514677,50.26157662
31.51633501,45.13170969,6.304653225,154.9210993,746.3574838,67.90059917
17.57739735,49.48503654,6.559001389,340.989408,360.3477369,95.21820606
21.70237709,80.08790955,19.85958269,447.8932656,450.2781669,91.60827449
29.87016513,75.7083153,7.727075902,174.7949455,927.9353465,64.47987707
18.21519792,49.74575282,17.44903749,424.3972135,609.8026145,16.57413915
31.35934048,62.03739282,11.49337756,348.1291112,187.3702575,95.0568431
31.64268356,33.70081778,14.14639912,65.21919943,819.6507215,98.41356973
25.14935468,42.52475294,9.313263196,218.8174531,330.5175392,10.33966954
15.12771743,59.14923353,22.32213123,278.4907471,597.4352584,45.02976821
20.74076266,35.15842412,16.72300648,379.2646355,558.9833274,54.82555638
27.33853837,80.59994129,23.89126527,179.2087512,314.2709581,9.208154047
34.62372356,73.08037261,16.49192499,492.2285472,204.1939313,18.96799495
27.63627054,86.61802024,7.478160612,358.0428832,290.1354458,53.77053911
20.19607162,71.60801436,8.417408677,217.7661547,187.6040196,96.30894479
27.68011406,86.42408234,24.78147953,93.66126758,348.0652171,2.780997593
25.79970759,63.27075334,19.51130395,131.6154921,997.5677597,91.24430742
30.5969079,66.01311666,5.985575001,269.423492,461.8830387,89.860817
17.13961278,88.61826328,19.0756201,272.6129097,877.4995522,85.71786352
30.22055805,68.52774881,13.24346094,395.4734442,594.2599229,37.75509287
25.82533157,31.84719413,11.14416774,376.7794815,699.9247714,49.08235372
34.25984008,73.4281666,8.081215875,140.5728673,240.7131728,40.35946393
21.83744332,84.32812153,21.79807909,317.7304793,347.3252807,94.75861864
27.65243786,77.73481499,6.27682758,59.27981033,559.3990807,52.13506198
33.64056211,65.02999636,10.79670925,229.3463297,893.0290908,8.061260867
17.05019456,70.27821079,11.12765788,393.8473583,138.5992323,27.40598443
33.74456974,89.41150736,8.218105679,229.778867,556.2279636,46.20332129
28.75771445,35.43972531,15.16369767,426.0183079,145.9109913,95.35559323
16.35674118,70.03468972,5.234052536,489.2698806,511.1404088,56.89510906
21.01927134,47.00386167,11.01951031,323.2456712,665.9813434,69.60726232
29.16344177,68.4054238,23.67258888,115.2518344,770.2508723,8.851984733
16.34701203,66.45741455,11.21059139,220.8547436,224.6788047,87.73240459
26.6434092,39.20740993,12.20918774,54.26750978,249.9177551,53.9018222
21.91766114,42.40479874,14.46330096,321.2266657,523.0584295,92.12284125
27.41831036,67.29777468,16.2338675,419.7058254,998.2328122,44.54766854
15.91484068,37.69379684,21.1741729,333.4730355,420.4421521,68.30839969
32.43073612,45.91085251,8.806424463,403.7388031,484.7746846,47.08385937
34.46977938,80.11473286,22.43492754,409.9567673,489.2020685,14.25579295
34.37755711,49.62549036,20.15098714,432.9556593,172.6307392,27.2049978
29.99303663,59.28360938,19.45300669,169.9987023,796.7549308,6.725729444
17.6017248,86.46842011,6.736091474,442.0708353,327.791372,44.02663429
30.16526392,43.62894533,5.432813799,344.3422993,733.3003512,64.93415435
15.49173833,53.37756104,16.88025402,180.3765005,527.580891,24.37112758
15.44247103,66.38746653,22.26267925,494.2826217,650.601768,49.03880582
21.47220438,75.32033577,16.68882928,477.5820772,148.5744728,45.89733342
24.77286381,84.0992032,9.264697309,308.4984424,900.969116,53.34204909
30.40814836,84.92837925,6.810397959,429.4437703,319.4710925,18.4584667
28.66590753,76.59840446,18.99192906,167.6725199,703.0858488,53.39840884
23.91805413,43.6998502,19.43540555,237.2166485,818.2172009,36.42055568
20.47253333,31.4885598,8.450634014,132.7872923,586.0348456,28.6041849
34.94249,53.02643582,5.56380631,284.0461892,403.6006199,58.5982014
23.52362604,38.49293106,13.16567026,273.2006435,980.113037,14.80368035
24.02774049,72.62325885,16.65437404,145.7659517,350.5957419,90.06586506
18.27247642,69.66783521,19.12004819,352.7607622,953.7961034,93.4852813
30.89619097,32.6382985,21.19890018,103.005633,240.6017203,66.06096898
28.87364452,80.19562675,17.21074855,77.76115298,450.2999184,30.31546896
19.41539226,44.92459598,7.217612172,223.2072359,224.6460257,62.600587
16.64762091,55.93362453,18.65163344,234.42115,102.0164258,60.15234665
28.60998604,70.07602413,24.68353286,193.8832729,334.2326864,39.12509816
28.09022429,55.76512721,23.11169169,166.0759869,178.4893608,28.72472474
20.46519054,56.47726817,22.43337819,202.4493553,987.7109708,16.84529523
34.01727125,33.93767972,11.04340307,123.5190083,785.4879862,21.738384
18.02115784,54.08661296,20.01576353,231.5536111,103.3343167,65.30299235
23.64669602,75.89087359,22.02206892,457.0715181,301.2819263,88.58943311
33.8723184,84.91058023,18.56652409,150.9920965,703.1118172,38.49560549
23.39454634,54.80982822,10.01123513,358.002997,458.6969018,12.18994845
27.77051895,55.41514961,24.07667944,113.8030297,848.6583067,1.280630165
22.95188796,72.15762638,14.01638823,209.2579808,554.3747005,40.59056551
20.48430405,86.56632007,7.596111173,194.5286512,688.2862778,23.25669512
34.67955296,46.02365641,7.195557901,471.6632275,637.3336578,32.2555567
23.18668013,56.40865239,17.95037975,242.5919251,674.3520106,24.16698745
32.88198407,77.75839461,13.75419293,360.7096747,307.0889684,66.41476321
19.59909212,66.58161416,6.889677504,321.108264,435.9604953,63.85143008
19.26209408,36.63518064,19.80729144,113.4635339,145.5663276,91.23045245
15.62268166,67.66396413,20.98650335,472.793203,628.8728632,69.97449148
28.03333651,41.20477708,19.50831262,205.6411813,513.3326159,16.49413806
22.37052687,60.61295604,9.045217554,70.1412601,784.6445341,75.15944293
32.287165,61.74619606,18.79550912,185.1996681,285.7442182,18.12678626
24.46419813,82.57220173,5.214456058,201.0351766,493.1309045,55.86008859
34.36386856,57.74965644,11.10224279,91.73539732,262.6708898,7.707820949
18.71051031,46.76654533,12.97643063,328.9898329,652.5813027,4.732505697
32.37246336,43.85798089,21.70493898,206.0438925,863.2272309,46.42299926
30.53193706,82.4551126,12.80788746,333.1105728,788.8989236,10.49835614
30.41843689,40.26065127,5.225388924,53.03325362,949.7781754,30.66666049
31.89566456,55.55211365,12.04692824,491.9217795,974.5532037,33.88333783
30.22047982,41.2303869,14.97848197,126.7323613,794.8304808,76.9426919
27.52440643,76.39824241,23.98009573,346.698944,358.1254768,33.26801052
17.62489755,58.4623584,23.82068608,372.1029365,297.3352395,49.43001849
15.65052359,51.06862143,8.617480764,127.2237574,502.7941311,77.258593
33.41695696,51.66597844,8.702930835,100.2705269,994.4953251,20.48983068
27.33300629,81.1328524,8.267629129,118.6597363,471.4012187,80.48973922
30.93074582,63.22643726,20.77843865,161.0682151,279.1615695,83.1794797
24.63044703,73.07207107,5.120440807,125.7044531,949.90859,98.88467952
17.34616378,83.82231098,7.543543964,353.2997421,447.3261798,44.40476789
17.50371584,84.10450056,15.75919263,239.3749417,721.8089985,37.06493287
28.71130574,49.71054326,9.951241338,292.0062175,809.3376808,70.20052706
23.6061179,87.14707579,6.847129165,71.30155496,858.8403119,5.815111727
19.01049453,31.49255292,12.19756025,437.5620334,839.1523484,3.975151153
24.83189093,52.61013366,10.4841521,126.7571989,852.6221767,33.49908635
16.28417874,83.74793145,15.22208613,212.0685492,700.8880848,72.95150882
26.63942804,46.47821279,24.58467188,82.35573792,463.4479623,11.64544437
20.37986809,46.38488702,7.486092736,111.5569106,700.5581687,63.55468482
30.95118201,48.1573371,12.4545341,349.6097345,853.0609007,26.95052653
21.20723918,66.73880309,23.63970036,361.664151,415.5782182,65.16746727
24.10440298,56.29996654,22.53746087,354.6344681,366.8571913,45.69761239
15.2324108,73.60409018,12.8854207,298.4615545,409.3364954,11.51516753
16.44893776,83.69463855,18.97906529,478.6347488,596.1550564,24.72828148
22.84987113,70.4519625,6.757140272,278.2297223,147.1994873,21.97137539
24.59877669,42.26800321,19.25082111,252.2354132,801.0737371,16.45845927
27.00041096,85.96091414,24.45715459,161.3955046,224.9667626,46.83454484
20.83325157,45.8695724,15.74976306,94.48228817,219.5547911,95.46655393
28.89963772,38.99365772,14.96980454,296.6697185,277.8932254,65.80888003
32.20244794,35.39803673,8.746372394,191.700584,619.2346915,83.60020315
30.59701978,63.80302444,17.67576398,285.8114224,357.0115382,98.1080189
15.79237651,36.82574775,16.80874562,142.7535852,431.2812961,54.06226632
24.61013895,38.32655305,18.03866119,427.1777025,938.4841999,23.80700757
17.09860357,48.00182884,5.521665734,499.8637443,862.481962,92.7811007
19.84090032,46.89918058,15.97446977,195.0815796,866.9714798,69.89839891
34.73325187,66.25437062,16.89869687,429.0474233,619.87765,95.89412605
17.84991086,79.00471677,9.150602708,442.8437614,879.8195326,65.10319617
24.97776307,75.68097937,9.16665715,498.2332049,800.7092428,77.514501
27.36311469,45.74906728,10.52436337,204.2240584,957.9131226,89.06361948
29.04929941,44.71862988,19.23443183,390.2186272,157.9315645,75.92493115
26.19297367,87.94749181,17.12532127,152.9640516,125.8544203,56.2645772
15.19541695,30.4941745,21.91525292,331.1582006,257.5269467,47.19209323
21.52922616,82.78323198,10.91317144,367.1791563,936.1763385,82.33773349
25.35423287,41.98371115,23.2413612,383.5043116,645.0085954,77.19858128
16.75732998,86.83705939,19.87412324,143.2274759,483.5012659,36.64308239
22.01253862,50.53843709,12.9002334,431.9265067,561.4399553,49.83319673
15.66406218,56.42110643,6.905241313,239.4373372,846.6441294,63.49907559
16.57156994,72.42723684,10.13967325,147.366283,936.1989962,2.837021905
22.93846552,65.26014309,24.13536434,294.1389898,756.7289509,24.75686999
17.65431508,49.07635978,11.20726752,438.5107083,783.8630496,25.02143951
26.35081697,63.22985495,11.5980192,485.1895594,388.3402397,88.32315595
28.78929938,73.84241306,8.791778622,386.6935198,520.3316757,33.14877535
31.01173398,32.54009675,21.13701202,52.53029882,896.6891741,54.51433878
19.00300488,30.67195832,10.5128846,110.6153422,807.3406991,83.1586467
18.34965165,57.48401634,11.60516497,84.3232939,715.8438266,25.96938125
17.09135681,37.91019707,13.28696217,95.54618435,158.7221523,12.37570775
27.72860499,69.86065749,13.6745656,222.3657302,135.5564975,94.83598065
29.12951453,42.84314737,13.22681581,202.3219917,217.3698488,70.4682936
15.6317229,55.97106641,15.07487391,101.1582416,623.2519893,17.70537657
33.72424492,41.86025621,21.29025759,447.0059082,582.7481626,81.9711554
16.03942567,62.90901514,21.38570081,326.9424093,948.4217439,78.71266133
25.82592671,36.96320756,20.96626268,408.408489,725.283676,83.75410975
29.18121039,31.38641117,7.022496782,217.197225,364.5753556,27.62125767
32.41938247,33.06789829,20.99357607,234.6062073,245.3466644,44.85796734
29.28173864,87.25550649,7.40503547,192.9295447,864.5799154,69.36737432
31.03456166,38.53717312,7.494475401,247.2919754,513.6616933,39.06675742
21.78900385,72.50869519,23.95725543,324.6697681,688.1225477,6.997217222
31.29650227,34.07557225,21.38795689,271.8428035,608.6292459,13.6449754
16.60229693,36.48962113,16.04820934,427.0626528,196.7107115,59.71135051
32.89633312,60.53257508,22.49940409,455.0626259,151.3525453,37.51681996
25.95184752,57.89225581,24.78729285,261.357734,439.3163707,0.538013181
31.3459554,87.09481857,17.21284133,157.8865912,425.3952678,76.6854527
24.04636569,86.69012718,17.25796874,475.3365888,706.4183017,41.67037428
27.8715539,76.77651855,20.08854058,380.7673894,668.9803682,31.37692854
25.52805322,66.12610981,9.642779047,338.0571887,972.0468356,71.35191791
29.63179044,57.29761904,8.34249723,385.4361801,872.2895525,45.5108819
16.63259964,51.37071206,20.191615,84.19180208,546.9242732,69.48311094
16.20704168,86.82525282,11.8980959,80.43184744,550.0228173,1.319808238
19.94206468,66.17452869,7.701407126,118.9042937,706.7163062,0.942011408
18.1908936,64.74435166,11.29755452,116.3529353,202.6815245,55.99019304
32.43567133,43.91406731,12.17273736,239.3017137,999.9015082,98.22120342
19.38427975,32.80186907,24.30455319,120.831837,566.9272911,27.23572379
34.51730512,86.71131479,18.95919422,434.5365399,918.9143865,68.28935572
21.73791584,48.82411553,15.61712635,310.1436189,970.6207012,17.22575429
18.64235831,56.5553414,24.37746277,215.7178534,623.4784659,31.15486318
30.79397014,36.87839662,23.06279481,81.3301422,193.0137828,7.807489048
28.17415551,80.21545979,15.24001713,315.9625082,616.0112276,88.079316
24.96391433,31.65790997,23.11359271,102.4397693,637.8781934,31.04374016
26.10727102,80.03944573,13.08609316,384.4491127,810.2738231,23.04664474
29.38403557,38.41710077,9.608413307,411.2411435,143.4063403,73.06041784
19.56909483,83.19384676,9.653563536,294.7893161,519.6838305,19.94401556
34.92667832,73.78635824,18.24631049,117.3212866,930.4932325,24.02753605
34.49586324,39.88021575,15.02140641,404.0882257,992.1691708,10.36162537
28.00651373,63.94907957,18.17901694,188.5225052,272.2444109,96.28719092
18.99084902,48.75937886,18.72151929,150.1939142,883.5390935,24.76377495
28.60456485,40.69398593,5.446457458,261.7504885,231.6255055,99.56633028
16.44396818,81.55093196,6.080791847,465.1908086,857.0569911,17.6149441
15.61305004,54.21136599,15.65355453,183.8179814,349.5499547,2.065184998
20.15365777,53.91262286,8.820709555,457.5103254,963.6627394,89.56936134
24.25245913,40.19320049,17.65067538,74.14398893,725.9470758,58.00172518
32.36545011,52.98394057,16.04371478,87.58566726,459.1995413,35.141
29.5433814,82.29701078,16.71520717,364.3524613,352.8759969,51.33396625
29.85413042,51.78772263,11.0491076,135.7666977,311.7137747,26.07269549
23.50986669,87.09621375,17.79687013,192.4793074,712.7130943,63.47588503
21.91869985,86.77853395,21.58985273,111.3678414,906.2119023,61.64685583
22.42077526,38.69391956,24.96142507,199.5117211,779.4477727,8.019228904
34.75299127,40.63867521,21.76888772,176.2069973,851.3123842,91.06881006
15.80218383,81.76044422,16.14997519,381.3519375,803.2453909,46.05253422
32.34062992,53.56565514,8.868591834,365.9105247,981.2328998,19.51541321
26.57350817,30.26243894,18.62891752,479.7172294,782.0244341,30.73838594
23.77230838,46.43230918,23.75307571,375.9897583,289.2056666,86.62217548
29.50515321,65.85773959,9.237330795,362.6679889,812.4386189,38.3185172
24.73337883,77.95595796,10.11991241,362.3917501,389.8624249,56.19611712
32.46846476,38.00331703,7.980170868,447.335355,996.2198764,94.76897349
33.01403728,36.63248187,19.73443287,183.3065298,439.0053581,65.17164376
23.43441854,85.32555921,13.13123007,185.0414491,363.5143803,67.57167439
20.53655594,75.06890207,6.253912778,383.5462144,315.294387,24.85688372
26.84700657,65.38677605,22.49899983,152.9173117,692.6631869,66.8295185
33.24726691,76.1512074,16.15343809,460.4090019,198.2989795,39.38027442
19.21324378,55.73126168,11.62188584,290.6517763,958.2038936,91.10424846
27.45933167,75.50734484,11.87965952,185.0562176,364.8814108,12.95388479
27.6312044,52.30817948,10.8050244,399.2449684,365.8605499,28.56403497
29.66226045,44.64567435,14.10960345,190.5442834,141.4594861,6.600072864
17.6313537,73.74080528,11.74083377,483.4752427,321.4157661,38.09038492
29.31649929,55.18033753,15.95892608,492.3451444,477.0814201,14.83726662
33.18065041,88.88262626,20.47034505,350.0583089,432.6457512,84.51437545
18.59366218,50.96911094,18.48922567,101.1352504,345.7179293,92.5043202
19.7508665,85.30364523,10.88913786,168.4439825,136.6694541,66.94256448
34.42790188,85.97775291,15.57482023,281.937633,370.5232362,10.33346
18.61953905,44.51117682,21.8025232,433.1513525,800.4978444,34.16308816
32.08770187,77.8932709,6.364124695,133.1989236,494.9130568,96.44918923
24.84555713,55.98447031,6.56594534,96.98155656,361.6978128,13.6301224
19.94462149,85.05148363,16.12340136,83.51486744,374.3129207,55.64893826
32.41499803,57.00745636,17.78230257,278.1354031,598.9938188,35.2929476
23.9061051,74.65822304,9.228260316,448.1154363,372.06341,99.91626122
25.29634708,58.01804455,19.90440253,69.06165919,667.7175879,28.53890646
22.18466739,43.66804534,17.92526754,145.5446903,990.5090624,4.777226528
26.85901703,41.96100774,23.46578536,361.9656571,137.058758,70.21828148
18.27047745,55.52587166,8.379084037,421.6385458,251.8630801,32.67393302
22.82163073,75.32967942,20.02748531,413.3297882,261.1967908,65.7581434
34.38824645,66.30428911,6.672861812,403.2806258,502.3632861,10.46519868
20.16266865,71.31775739,16.30584819,108.4099104,137.2768408,52.30632009
28.13473329,46.93958104,16.03790279,228.756912,529.76942,37.52315484
21.50380128,58.88612076,12.76770089,493.1350983,936.0322823,53.6767134
30.46946251,32.6637159,21.89142295,494.9994072,110.4076798,85.34723979
17.61747321,79.05194496,5.087412896,321.0923264,428.4449805,97.2747288
34.3964209,89.39352973,15.40358804,369.1702421,784.8043949,75.31321491
24.07579083,54.41274376,9.343070997,478.0777083,239.0450503,76.68583152
19.72100927,30.65781919,19.86997238,252.4675376,169.8031023,52.89360897
16.46993495,40.18755837,5.861348526,111.590086,667.7006835,9.739994386
18.3951581,69.15161267,21.63109376,351.026994,108.9558181,66.70595463
25.39547897,66.72475909,21.76184453,482.0460372,821.5934421,14.77798718
21.74006353,77.27188318,21.65732025,363.7427422,160.1674782,24.56610566
31.57766732,45.23304066,8.051370535,411.4945072,571.9188335,70.75825131
23.61775047,75.81791493,17.60813037,240.2369618,766.1149392,65.69925941
19.97428545,71.27904129,5.287347184,93.40841937,317.8098899,31.43259416
27.34289973,49.36886986,21.95925183,125.9969389,193.1861457,77.2044236
29.13554434,62.72928888,19.45950387,492.1946732,258.0604898,93.93157844
18.34083816,38.83642851,15.62307462,271.9329426,869.2152147,54.52596211
18.35238433,57.15387021,19.61182866,55.40926558,735.2022625,67.7686659
15.73342854,82.87184037,6.886481933,479.9152763,278.2882443,27.17795845
29.7280403,55.27148279,15.57311664,274.0009604,744.5087174,97.08070446
28.27609055,80.37400239,10.82552984,426.3207792,737.7563532,27.37049118
24.49261751,65.41520192,24.45238926,296.8061639,997.9525883,88.74090242
31.88340898,41.51260279,22.14235901,95.76602765,452.4004212,92.78691118
31.11340306,64.86637468,19.66551392,327.006312,878.3681447,71.96285946
26.70708729,60.35899975,23.6749527,498.8301243,501.7984174,81.15874277
32.36542561,53.91848011,11.93686609,65.63200219,907.9842013,45.78568078
19.1168242,37.17782637,23.01759798,428.8073889,182.4404492,91.95467895
17.23839239,55.00251983,11.50476464,155.966358,257.7813671,74.2646245
20.39499223,34.36574257,19.65593439,227.2398002,864.9589268,32.67439915
16.14173712,35.92614308,19.72833824,217.7192803,837.3702917,3.494516766
25.62339056,54.95499198,5.366997529,454.4587374,374.8904127,54.07832264
33.73211385,48.32288892,12.22119397,277.018785,637.1184863,84.06503247
15.78687081,85.53265955,5.388653448,251.2284291,444.4297499,86.06681189
17.44219828,52.54234832,24.94184035,418.111299,109.2856144,83.51187255
24.04398057,75.47148732,7.443935237,72.00821044,123.4937139,21.47464854
33.67750035,61.81485158,15.85621791,88.90534179,148.8307289,42.61484796
21.3231221,72.24514012,20.81112478,59.75998559,634.6649389,61.38258552
25.14469617,45.60695898,9.025272045,359.5923068,351.3049618,66.75564921
15.83145718,86.51429837,14.70105336,286.5272617,229.5534685,33.45834216
17.96686402,61.80530981,17.14857522,444.2099566,947.0179976,69.26423238
34.73260246,79.87944428,8.204095088,274.3398063,209.1868004,59.08970075
34.30237393,51.90274161,20.5711092,149.8188077,706.5835448,56.67755747
15.09879962,36.01268094,10.98672914,412.3163179,904.7441645,66.30248237
34.03623571,70.42269886,9.220461527,182.4457344,247.4467005,60.33679289
27.78239876,30.4655789,16.16577493,471.060402,293.256714,16.68746347
32.35836589,58.51757859,13.20627255,162.6907495,616.4321802,87.44163274
24.09479711,41.56811416,23.40571889,125.4742938,557.6038177,24.05697535
25.31192057,67.64253027,22.60125396,271.9957962,568.9246752,74.44887812
24.77693161,88.76519239,14.66701327,72.73180309,599.2102846,17.6456673
28.33728515,57.86417438,12.18527549,66.38527782,954.9126244,66.09664129
17.7930251,79.04989539,11.51035963,273.2065454,148.4542378,89.56837588
15.5994718,60.46705122,10.35127246,146.7980964,784.4036686,0.971051537
21.15859883,59.75040187,15.89095707,54.20868728,309.2557802,97.96776665
29.09361525,85.82540959,21.09957209,183.2256101,436.3099032,2.967586666
19.03706904,83.39795212,11.21513216,264.8153092,180.3620107,1.136762089
28.46864867,77.14802791,8.801881794,227.4299157,501.0640922,85.75600983
34.39824092,47.7753452,14.50967612,110.9612598,823.797327,70.87040031
16.87801432,62.70050494,6.380688336,310.8536725,188.8663047,10.58106579
28.45204236,43.433834,19.02558012,369.649846,348.0432384,93.74149066
23.87500439,56.63500188,15.36716533,353.992623,435.7555378,67.19322412
32.36284509,59.05278395,14.92749616,227.1928646,193.5092828,11.10435435
18.54299579,79.89840241,11.00890759,111.918268,786.085129,86.05535959
28.85251904,83.76170192,23.09346875,274.7690481,808.2523254,48.09048523
31.76230579,54.87720374,6.809725837,450.6942897,852.305498,27.81336901
33.89228439,31.0622667,22.39648018,260.925282,625.5065843,82.50410502
28.66496057,81.70643039,12.53410405,138.0564724,556.5149388,73.84464537
24.94349528,40.45672071,22.61247032,91.87398639,336.2972009,62.30438021
27.3569448,67.31291783,19.57522917,474.7669871,689.6421706,89.85131521
32.37809969,31.49825403,7.083414533,384.354234,500.1071371,86.12798101
26.41219493,53.97038852,21.63072573,190.8351377,973.6987655,22.67916584
15.60774119,89.15761813,18.64353667,182.9085828,971.3615473,87.86861544
33.61897391,36.04161607,5.646038258,452.848319,914.6846186,37.40398396
28.79053502,55.42158912,7.674053642,129.9057057,424.0802242,43.17743358
28.53026772,48.42899701,17.71256112,290.7667803,431.1752098,97.23323871
19.31350305,84.3052874,18.25201006,371.0769238,867.4058476,75.98743285
28.1777094,82.16040647,19.93302866,228.3756584,756.2214386,32.14859544
22.87728811,44.26192562,19.40490802,67.95605414,733.9248728,64.79258897
28.02465954,34.87126722,18.19039909,152.4914662,351.64991,53.93243363
17.13186061,67.62830364,20.32477803,455.8136618,850.0137504,11.6603237
28.15690609,50.18212271,16.50171412,285.4035351,621.478515,88.7752338
34.98827452,70.32506344,10.21582771,416.9485609,502.1790168,82.18814836
15.96424078,31.92718536,23.24753227,300.0584943,878.8799117,77.77103569
34.54348368,38.00395411,5.364280619,474.6209431,454.7887874,55.91533876
23.13815921,71.18233397,12.3312344,459.110334,688.5332307,22.08374403
32.41506901,42.74223932,19.57740586,267.2996189,519.3146638,88.38960293
30.64770968,81.45526055,13.54312082,193.2233114,633.4640256,35.29656436
26.34032522,33.51545326,5.49668815,320.7509543,136.4918245,2.011811796
29.76898419,42.92891897,6.319618062,353.6994568,515.0036469,98.17741777
32.57031123,89.91361491,17.97274738,274.2597915,600.8421767,86.11571034
23.08280643,55.98456616,24.29729199,420.0274495,543.4474013,62.26803554
21.54066323,72.17793981,16.03727272,132.4978348,862.6693353,1.240713943
28.35186771,40.95978293,15.13515636,200.4853238,380.0115773,22.77160572
31.15691884,66.5921241,11.36650426,358.8693608,895.6688779,45.2049888
30.2457027,73.5663641,10.13381348,161.0077394,463.1157729,62.80849232
30.95627298,48.86859815,5.419699635,247.9301351,725.074059,70.81545167
23.7116663,79.73382672,10.45909735,483.680096,178.0504552,78.82726978
31.35668432,66.20505471,13.98220882,331.6441877,280.1386752,55.56609257
17.40418111,53.34738058,8.958995661,477.0757556,785.04941,65.61834279
25.88978196,63.4585436,6.74695977,375.0986315,111.095817,81.12426982
15.11517321,64.60565085,19.35455735,376.1000464,971.6749652,71.98413103
21.4917166,39.93211756,22.89240538,316.3357282,271.566011,95.48123322
22.3292307,54.16394219,23.73544139,113.9938677,911.1735876,87.46459004
22.92345383,50.60583528,17.35997457,283.8714309,564.3505254,16.93612778
28.90934413,54.05416335,6.055491652,163.6997902,608.1178302,94.74191267
22.77116203,75.66663531,19.8172526,499.4026495,175.7186092,20.41759926
23.97387245,58.95230445,7.201906105,170.132873,428.6968787,99.12637857
19.75088262,86.41896919,18.39496235,153.8086296,240.5969747,70.1329542
22.46503583,47.6205848,20.58731671,330.7474198,573.3383449,62.75315527
19.54539255,54.9422147,19.51729422,279.9269659,595.6589311,32.43227763
16.46391848,77.21740863,24.03767612,59.60881096,738.7002546,13.31075249
27.06897187,62.7614756,19.76292569,108.2899305,890.4503421,12.61730164
28.36425597,62.82168879,18.86419556,414.9693238,521.3618346,86.65751926
27.38980692,33.20040978,10.23486344,267.6613798,310.0243331,43.24418462
24.26988088,53.91597976,23.49537373,115.7068467,400.2144953,55.98518569
22.5957156,46.24402395,8.590877416,259.3591533,862.3808316,93.18361076
32.26667299,89.96010737,23.09793223,163.9170874,231.2771366,25.53547048
25.3816357,48.50130424,11.25325087,150.6161575,664.5304705,76.39374854
24.58363755,83.06979209,7.603271878,480.9763744,111.7772955,47.04647618
15.51284132,70.5740241,21.53366055,212.9110371,321.1023956,21.27546591
21.82495655,50.45498455,5.049909072,70.8939971,632.2676478,85.29716806
22.60391238,62.6120627,21.64176635,486.6470027,510.770836,67.99491734
22.97645562,80.4321528,10.24623684,407.6778086,544.1945412,9.492168258
26.60344738,83.00209788,22.69442546,164.485988,694.5058454,54.17571953
25.67205093,39.6236325,18.82958364,234.0013256,311.127422,85.17638522
27.15810186,50.37438847,18.32366666,438.0303086,352.7244463,6.693480822
30.29766523,50.11339081,12.30639126,210.8360837,716.0123867,41.62747972
31.25971477,32.52268776,6.188059478,305.3318189,584.4622668,80.52144705
29.36246152,65.89426559,21.60146196,290.6855913,113.1281418,85.83572801
34.11047392,81.28920318,8.418075904,230.5825469,703.2950158,77.53627763
15.36465165,52.89446327,12.44517284,337.7758558,658.0828367,30.5709575
18.91555971,74.4021567,17.00709371,262.9808318,170.7468164,50.69295606
15.1512575,67.66202482,14.64507477,59.55372125,772.7675454,74.12779767
27.94949428,52.53892413,8.973212703,416.4723984,569.8913131,15.25877529
32.96061098,38.46358797,7.812327138,100.9201022,284.2725556,59.49977633
19.86964593,72.55943117,7.464925445,258.8404689,603.4207313,72.03737252
33.5406909,81.27391014,22.26015763,310.9553559,635.9126628,84.99918694
16.20534781,71.15126954,5.631190981,367.4777244,928.1068563,11.16717239
33.68872054,31.07270904,24.54028519,234.8584409,767.929983,32.96746946
22.03245374,42.97397366,8.970573808,380.9968192,371.731919,54.16539492
17.02841657,34.16879909,7.206445938,109.1075381,206.3196708,70.10568999
24.71743518,64.22316597,16.5394331,344.0504967,867.8656649,73.00362955
20.13553135,75.38866073,6.599719159,421.8525174,861.4609191,25.3259174
20.69745804,36.63475122,17.04906526,450.2497878,257.7790133,1.387661202
21.1457993,80.30026924,22.0125329,310.8049232,155.9180667,69.3816978
31.06051796,63.3305387,5.957960429,190.8028391,740.6781848,90.91262873
25.78322553,71.39814073,20.99737209,123.5104303,750.3236478,79.75170451
21.22615398,88.28411092,12.88954882,205.5014388,259.4293783,62.24661031
27.20667567,35.02085929,8.189812677,292.9884679,701.3906736,97.75704406
29.32301348,84.07344138,8.521929605,138.3486008,351.0313702,43.31167781
20.45248001,37.56616176,23.37529087,478.6317076,334.5553252,52.5049751
23.27098203,53.5775284,7.212115039,453.710943,392.0661407,1.228676396
17.43772187,81.08632178,22.33565574,64.83073769,568.3567299,94.59513628
18.62298699,84.3752542,15.88489242,302.8828092,824.008531,58.33466549
28.62235708,60.38230041,5.781123576,405.1889556,548.7793758,39.07999839
18.62876695,65.6462783,14.28952291,160.426382,368.2384261,4.456433589
25.50326767,72.48884008,21.34899029,285.7533046,895.5768688,36.24190643
29.18092523,79.96552011,19.52405575,232.6963471,149.5809617,0.359810168
17.13753846,37.29067017,14.77564835,138.4458189,817.3823355,32.4335138
26.34624439,78.60415849,22.20099759,326.6318227,805.9435821,95.14549241
20.13125567,58.87656903,7.407295236,497.1614789,328.1921291,15.42673642
34.2585375,57.03740551,23.19882107,214.3792671,278.4656643,54.54111091
24.67091293,55.43398512,21.92882417,298.5705537,887.2305053,18.66173201
31.119851,60.55269511,19.16553651,197.5346067,602.9841642,78.33791303
26.00453084,86.7030332,21.35775484,444.6268776,141.4102219,56.23978072
15.86825066,62.89222637,15.87631014,439.0712152,901.7492648,20.22360184
27.66302751,87.1906523,18.50324858,130.4480246,414.1053859,86.62412982
34.02806684,40.81740784,16.21196141,454.9769934,407.9408984,78.40237828
27.0322364,73.44815873,12.10857061,118.17892,678.9591434,95.13013294
31.38377719,78.73437232,16.37721595,92.94798183,695.1798485,0.062819289
32.68412927,70.74772988,10.14930665,343.8205771,417.9845087,45.71169472
19.56159544,66.41533681,13.80558342,223.6568476,228.9510351,99.98413005
19.2408968,63.88876687,10.61550815,288.8332671,597.042787,81.1187917
27.21961978,81.65582895,7.457755789,343.6568519,662.6612482,83.12861319
23.2205694,79.29879583,11.43723713,73.77675701,874.2001286,62.11324627
31.79722606,37.33732327,22.03974436,181.828927,535.9959886,71.28996521
33.00046247,80.91525942,12.62161541,257.4078403,681.1264716,80.53262588
22.06842759,54.84411717,19.96007298,169.9643344,148.967945,9.228064759
19.73741118,45.2218098,8.503957085,72.03712293,905.0706102,69.25805836
30.6105103,82.18611408,13.48838318,89.00445795,394.4942319,81.54081
20.49612071,55.92148798,7.297121387,410.7865409,668.9990119,4.086578769
31.45228637,78.50188141,7.772421267,460.1240416,924.4464682,29.70531805
23.47476507,45.80421672,17.3487276,118.5049861,829.4732059,32.40116159
28.35099799,30.23575929,17.14963635,162.1678808,673.9334717,85.45823953
16.91070628,59.72755157,9.267438147,343.5122321,733.2470453,78.03513896
27.47718649,36.0136954,14.48846389,479.4222992,928.8146044,65.64214709
24.03535357,75.26255733,22.26612334,184.8153691,830.8838621,80.47231808
26.73216926,46.56450816,8.484030174,434.8461318,648.8731545,45.34297007
18.36028415,56.6187388,5.384210661,277.71109,692.8324356,87.48805903
29.7374749,35.22201391,18.03990281,480.4513876,232.5415817,23.42158431
32.25594155,47.19955491,6.069964162,111.3163981,523.1509118,70.45768815
19.334796,76.8894146,24.59880477,488.1525792,370.8978829,24.17511848
16.91429111,39.09527471,17.19240568,248.4403825,488.773571,3.986197341
15.47277172,68.82957367,14.40792706,478.8222757,696.0221862,28.41512398
27.83943001,85.04555117,13.5998508,256.4105977,234.2359842,49.29068285
27.14188072,70.79020559,16.46141317,288.5369604,115.6383673,84.34360151
25.93394825,78.66130136,6.812488734,412.1487544,457.2319629,50.88564893
19.63894192,36.53829776,23.60038118,375.1828253,389.965883,17.91506026
22.81811992,45.04390956,17.51284137,328.8214942,478.3888537,99.2765971
26.8895267,83.67233113,8.679569952,237.6410106,938.0988283,27.0073068
24.93533718,72.90633682,16.25162108,406.5972653,736.3756911,98.52947251
34.7557104,68.37322958,7.665130117,476.70275,394.7128971,93.63346815
17.72879505,69.82600417,5.351054351,54.41490362,261.35094,54.24415086
28.90289108,54.85203326,17.6103397,314.5302934,656.6304648,9.196308264
23.08637536,32.6733979,17.96966684,439.691418,691.8186264,69.54148115
23.5639923,77.06649252,16.67393166,343.9006418,535.2604155,84.57176615
29.35195531,70.72279417,8.669664087,410.373166,291.4846972,44.53010997
28.84872303,58.36826785,17.06859717,452.7774967,125.6997348,23.90404593
34.82511987,83.98557692,6.130218818,387.9279571,339.0946277,80.28241647
17.56788579,50.1695799,17.18476711,372.6578306,511.4534494,54.50778257
17.08219299,47.65930465,16.08034038,484.1356511,809.1408578,19.76300048
29.48677634,82.3677795,18.10509662,438.6580961,868.378446,94.9538641
26.56773834,77.81925929,22.90951212,416.9200413,471.6411037,94.80982267
20.48321333,60.89878864,22.0071621,88.88151221,816.5116492,36.70496734
16.58838738,37.84408437,24.61308383,157.5634474,994.0175412,6.400310914
16.71316499,42.90428829,24.52482066,300.5402109,744.9493374,63.07885345
32.88381749,69.37367942,20.44639387,369.3020472,755.7391284,31.72267346
18.83734649,53.10247427,24.12839244,186.446702,918.5828514,6.6355261
21.46743124,80.1883915,22.34567772,91.9976509,404.3297156,89.18064145
19.53312804,86.99730056,19.551649,189.9946341,110.0848538,99.81163146
22.09992612,78.33821552,6.507685093,396.9631313,988.2795445,35.04055137
16.38847685,52.65272538,5.980997765,444.8304632,541.4212699,74.47462634
25.38119582,77.32118575,21.75199135,460.8066418,807.1098338,6.577079228
16.35225127,51.08650041,14.79311716,220.4900056,831.2420238,36.97054396
31.00713016,40.02600527,21.29213369,217.6423587,457.7650094,10.8751766
19.67424164,32.00359229,11.25836541,233.0183619,587.1457421,5.534993716
25.80023829,53.14300277,12.95299717,219.1142612,585.9239735,58.87910405
32.60158175,84.21355822,19.00373442,349.7884734,298.1944084,80.20309875
28.01754738,44.33919527,23.30653474,211.245468,205.8750405,45.29702511
25.65915573,42.3907899,6.75522949,59.15477148,589.2150744,52.41791104
21.48667506,88.18924711,22.22956289,247.5610703,208.1289042,27.0730017
21.66003826,31.50024677,20.8602545,150.8684298,411.4798515,73.63872809
28.3897391,77.14692902,11.31078541,62.963212,267.4749985,36.10732671
34.88278722,49.28219734,12.10433228,261.8793282,736.2244975,6.749902033
28.2367838,32.24927741,5.929229544,142.6795516,884.8079681,16.5507711
26.15566835,85.06815241,5.314812222,253.7338167,620.1231489,12.84686052
29.6130102,38.37853981,14.54012253,174.987494,469.1402265,43.58777894
24.30411225,63.10675702,6.91079291,321.6689916,996.9783767,6.521267458
16.20284685,46.44325245,8.880036288,495.8948241,119.0882217,80.64843225
26.24593632,33.91156813,21.93534399,296.2543643,373.9069758,90.800519
34.15250569,32.99534914,16.42056783,341.1031626,350.8058374,24.83941792
18.50605885,36.93340193,17.67264875,463.674091,420.5832383,48.55097568
28.80009782,34.28202083,8.749586617,218.300188,307.536167,51.90630644
19.01867377,75.63348693,21.57323609,124.9468024,337.8365519,98.50012165
25.71655369,59.13397214,22.35959545,177.2587773,331.9093989,6.561957839
16.93352899,50.57352548,15.46655187,231.2577233,555.1696457,66.78823677
24.00741873,55.10213461,23.25115544,340.2579566,451.9497493,34.57649832
30.12326658,85.73680413,21.8965725,52.06461324,675.3520918,50.18062121
21.95143048,84.64510876,19.62648353,434.0224466,562.9610439,21.70345707
28.29823449,72.94058881,19.68151831,84.24228787,265.0796671,16.02422802
30.90899922,83.08094265,7.107869479,455.294817,829.040481,24.35652987
33.54355639,49.17888166,10.41672075,477.2455345,524.9756785,7.126196426
19.69284164,52.86655956,6.336944396,495.5462574,237.9083661,27.80902972
22.98631832,66.82273091,5.173624185,414.279583,250.1918586,69.0350922
18.04832027,67.41755684,8.166190628,113.8349867,817.2715694,65.14819352
34.84967004,58.90199028,22.60974365,367.7751695,732.6938658,55.44962056
33.54001936,54.03947091,9.797481181,141.4945808,555.8751573,0.038741297
25.79914261,89.1708187,24.40307925,453.707526,375.4733588,12.57819998
31.84066589,79.26741757,16.94581999,192.4726665,514.4698331,84.28694286
25.41915955,56.09881187,9.745169753,197.0581897,672.8351834,27.17383698
27.47171376,73.63754863,14.94261607,462.9439832,891.3540857,91.21988886
16.78248864,46.1737016,9.381896454,55.95398185,600.2810809,87.45461148
30.10540841,36.01015957,24.67947116,137.2847682,349.0617653,15.49270341
17.55426967,51.14586153,21.94529968,239.86952,138.4659232,89.81520423
31.52135261,54.17836801,5.524775776,365.3247053,257.9095503,62.78348306
30.64056175,30.99222747,23.95552063,341.4047747,685.1598586,63.02868053
29.17489395,78.8875201,19.42130215,351.2353438,244.3932701,85.26798656
15.72320761,51.55160414,6.64762504,446.0099128,533.3855978,40.50557645
21.06256712,64.82508995,18.41275493,104.4636855,729.0595139,73.52632964
20.2622514,34.43779124,17.93853396,284.9727633,377.4024113,66.77643564
22.20272815,40.49980973,9.375774916,376.4649601,702.1953008,77.15146679
16.75285494,83.38162352,20.168934,336.2532993,622.9648555,66.01889492
33.73915646,66.52125167,6.741294066,251.741354,495.0451962,8.005480066
26.07604481,87.01704301,14.78890362,57.70156364,907.520931,29.27110023
21.11048621,89.92500206,5.198464143,77.20351954,722.8530014,93.9920873
22.93963034,52.31160692,24.37474978,103.5235971,424.5373298,22.34251887
23.94405081,47.92818384,20.03127264,204.4524888,823.8380802,47.2260401
27.01188667,81.50136331,8.177041523,102.9440537,764.2919928,35.69279758
25.31358855,89.91668562,11.8334808,241.7370409,812.515569,8.629872333
33.38783946,67.77847405,8.211247556,130.3888958,676.8603847,18.1188689
24.93926966,77.70844335,20.33234928,400.6247889,441.4335543,28.66671213
34.8431603,76.90475153,6.177926509,442.1694275,413.720664,46.33184857
32.02849915,51.32038249,21.80813311,225.3413786,688.7362247,87.45239856
19.17021029,64.45622282,23.84392678,280.0992944,217.8100072,51.56162822
33.61190429,79.98341648,18.53255886,479.0733087,837.9229154,65.19049608
17.32732796,71.28683258,9.259309,290.9784899,433.3018456,42.59551517
31.34899417,31.26982884,12.20180192,497.7829471,667.3347904,87.0062352
22.61246587,50.20234013,14.5447975,113.9589472,549.1575234,66.26214541
32.55948641,38.6685418,17.09249544,438.0018893,567.3938428,9.063025314
32.3611338,43.97833272,18.3732618,273.7413512,764.2055316,47.75012073
31.118508,84.32936865,16.08429431,60.22135006,664.0030483,82.72342045
30.80060873,32.21359733,12.02627842,487.5003236,325.2780895,73.36553527
21.09358278,43.18804272,22.81834561,484.2715549,166.8033383,90.53111478
16.61838566,48.57416113,6.62784116,222.4718781,856.2106606,22.7667839
23.05960358,67.01304432,14.32512108,479.363932,896.4046673,97.71721642
18.4704903,62.04610141,20.51129677,113.454339,248.0468796,28.50776679
28.89902178,43.09616897,6.217453306,356.0495635,378.5293602,5.017987759
21.92199453,39.85446403,19.10670434,136.3680441,354.1081437,49.56726272
34.51220402,44.20788208,21.39423246,160.9912564,943.7037047,11.03387385
27.81944155,60.1517776,18.21662597,400.7018467,284.2996437,68.1310941
31.44961127,46.27066714,5.258737846,219.8111381,249.8853089,90.05562707
17.65049345,86.8561501,8.602740543,53.20737627,263.6546948,92.13432718
32.24028965,57.83191329,11.84226158,236.4072909,756.8822585,60.70372427
33.45514381,33.52776099,9.673800713,152.6311943,899.2178598,53.52648709
24.74123838,73.75598435,24.2530428,357.4984611,454.0306696,99.39914232
27.12505876,49.73071729,18.03187828,137.5019135,222.4719139,57.9425719
30.29619602,69.20933592,10.93941915,429.0140878,627.1497977,92.74583238
18.49677255,46.77566223,23.59394997,170.1918554,288.9414625,91.65950505
25.05132153,64.2446245,19.81188399,226.8627162,157.7363026,28.95137959
22.97326056,76.32915029,10.69214424,184.1165874,897.6082405,1.375107558
17.92747984,85.68052451,12.57763139,339.7655065,883.7571487,43.91684078
22.35068845,45.66762867,8.988577166,95.52359355,978.3191442,86.13701361
16.36344619,50.09141706,24.42147997,265.1447177,526.6042794,83.61342171
15.51623814,57.85598522,15.34592992,200.5046668,364.6010784,60.36691875
17.70332578,85.63049026,22.92113375,447.8620835,792.805371,15.665841
34.26230223,84.08321141,11.92999542,83.03544211,262.4454389,10.75877139
25.99059072,35.39269681,22.21683206,423.3627792,318.9628691,95.46819838
34.31644322,37.91578955,6.077736969,125.4562144,330.1143636,42.1397682
23.64995757,59.73055064,24.64180635,89.85994697,956.4574689,64.81610167
21.23632266,36.39715637,23.24068734,141.0452862,756.8406269,90.5864415
25.12283726,50.7348524,12.2640589,96.19384191,220.3253133,86.98931763
23.79023377,38.90312269,20.49444331,284.4427767,183.5612903,56.69031821
17.11329369,68.16242131,20.04515853,494.6967288,858.5333682,48.79051806
27.81652629,86.9697259,23.02509594,65.44730837,822.0468907,73.52592131
19.32076365,89.80402622,11.14509962,257.5077572,703.8951202,34.96456924
27.3917591,52.51446795,14.31040011,223.7316481,276.4905872,62.53906301
28.00402185,65.94075823,22.29999225,202.8228864,532.255185,2.315243361
18.04049706,81.37605921,20.57158908,199.3386247,642.4533509,82.43125608
16.22699254,37.04772437,12.86933437,452.7557405,938.9237742,99.80322752
30.61523172,71.37386466,21.91450466,58.53926759,252.4813662,95.47064924
24.19600848,54.5306197,5.939080785,398.7123743,563.9021264,35.98948405
16.16327591,42.36876962,20.64092606,163.8199305,241.976475,53.1101282
34.89732634,54.16521712,9.135317189,222.4829799,499.4644065,23.62169631
16.15561122,34.55761722,10.72241816,239.0674608,280.1214772,30.29874053
28.90070458,71.72442892,14.86429687,187.1292893,852.5675875,45.73461017
34.67357851,45.16456012,13.99469002,92.10148783,329.2626499,74.70809069
19.78360208,48.6843387,15.41140214,101.448882,475.3942446,1.788239084
17.84498737,37.26487789,15.89551191,184.1590058,467.0088872,39.37741304
17.42769879,81.87954683,11.63055382,419.8140738,879.665464,55.64969183
21.06550295,59.60665676,8.50455026,110.5824438,782.0177183,21.51830422
17.02091622,64.32881267,20.36962459,384.1879249,151.8179401,7.84786981
28.84322683,64.16596099,12.99952298,179.9913782,160.3787115,53.95738593
16.24583596,54.62958687,15.11681725,447.5592208,596.0775206,63.78099845
25.18844256,41.55179493,17.89393437,242.7478139,484.9471246,64.10022904
34.93393708,74.70796491,23.19275845,127.275491,348.0257985,35.6584385
31.27940539,37.62337592,19.15105662,493.6300025,813.3588444,23.73617959
27.30438876,36.23242742,5.909184512,129.4855337,215.7716547,22.0386439
21.12507242,72.60870226,21.77120727,305.4289196,976.6512216,4.052394006
27.47791673,42.53022123,24.7871003,306.1789151,121.6922561,18.4683352
25.54082928,48.40636508,14.44970051,217.766053,206.4076521,81.86061271
23.52166768,58.51364802,24.39180673,478.1698666,380.1849888,0.305126576
17.61420753,56.961079,15.94657485,429.7435531,558.2341857,4.388860256
32.7320843,72.5147475,14.19231992,423.4188024,294.5225426,12.70189403
23.99569298,67.40590761,11.62809529,488.3683709,762.593634,42.02405827
18.89245024,68.66376974,18.15109752,255.6992022,421.7877131,33.37378344
22.35518702,72.84325984,9.596408411,93.73359903,134.6845001,17.78358581
23.28259505,47.55676365,7.09868437,394.4551665,889.9497707,11.09494741
31.55075791,49.33999871,5.544742052,221.3656608,949.4791058,93.88625369
29.67228761,56.27986487,10.84760225,135.6553183,656.7072602,91.12502213
30.38609787,48.44773038,12.91541664,267.4613044,825.8827497,77.18986084
15.22062529,89.09627214,16.04153393,466.5735231,209.0003848,25.20219747
23.32307996,78.84311559,10.8549965,127.1106586,341.9382536,32.3698032
24.62688303,39.8792813,24.68119145,431.9144669,392.7085189,66.58449683
15.38384554,30.33564935,10.83490336,238.1922237,964.6778503,29.16988951
20.19626417,32.56699609,13.81950777,111.5608913,561.0003759,53.06228132
30.20579646,44.64380706,7.065523311,431.7720368,106.6722029,65.12838444
17.74219411,36.85747715,10.21253027,486.3291535,442.1672406,51.91962965
25.70620263,62.00028689,5.966642796,181.0718221,106.9755408,41.32847637
19.30403744,81.47971336,16.19017267,186.5912944,314.0251664,34.78940136
15.24241549,74.20501325,20.02129366,225.7456924,509.2300604,77.77499164
19.82402915,42.93654378,8.914196287,416.358664,391.0537499,73.8998995
34.5174751,53.95795536,12.35821876,54.68773853,129.4607911,69.62280641
31.03074224,60.47365257,5.332324535,150.7804483,204.7021502,37.46771132
34.19153289,78.61235097,21.79044111,367.654915,595.7979051,77.57366263
24.75708088,80.34729619,20.5992705,232.5377527,726.0444139,95.7703632
17.19472397,84.58309871,6.265080617,198.6330303,464.094111,68.89795191
25.95918978,60.55471503,12.29735219,442.5273,758.3335718,40.78992511
24.08754669,71.65648479,24.10573228,462.8002641,246.9995997,79.64812628
31.88714165,36.70802227,12.84054112,476.5937986,209.852153,60.93020761
16.96165162,63.9173376,15.52417353,172.6477397,855.5083443,87.76770451
24.76482274,44.92150857,12.10485722,460.6306743,405.2920136,71.31825316
18.00097329,55.9030131,16.92262776,381.6344996,489.0231297,76.99200538
21.49351854,68.0430305,24.56313751,119.3966368,952.8234421,66.74364631
29.74714155,45.41915627,24.95005007,324.6215127,481.7010951,9.202045866
24.52036259,33.13110347,20.49429956,61.85066869,103.1410953,48.51172199
22.5177657,30.61403138,13.08622196,368.7701701,944.1747456,5.648987486
22.88952557,31.32957213,14.88864402,380.1053852,112.7067701,44.7549153
24.18893537,30.50098425,12.13462656,405.2023289,696.0576554,71.64269886
30.70033088,36.62130339,24.7114926,127.6362744,390.6018186,42.12554717
32.84169378,44.36932287,19.15520612,332.7124734,523.3516809,0.163025193
34.10669373,43.27329085,13.97862891,130.4855082,592.5566509,36.92850931
30.73806773,89.20779565,5.242305402,475.9925375,467.6140516,6.775898319
21.30813791,48.36036631,15.40966829,353.7548117,796.9319085,78.05963885
28.76269412,37.645247,24.67856403,92.8966316,937.6357687,78.37515693
23.75206248,62.73375265,15.46121818,134.1645035,177.7708469,80.63785894
20.09341244,81.47744732,8.64853371,348.5570442,820.2275931,3.032719137
31.81743159,70.68362261,5.441874942,264.5017233,215.8040268,3.226930888
15.76852698,47.76492535,12.09407516,381.3339498,172.2494649,90.34493587
33.03523984,63.69696959,23.36456111,176.3549595,960.2483074,12.36838803
24.22954929,72.89135845,24.93108216,346.0628916,540.3680033,67.00902304
27.74402954,73.68626954,23.9073595,129.6320756,237.3429619,79.54543922
28.18707844,69.99230732,19.58839987,294.6696185,612.9614019,44.78637037
32.90235481,82.24862549,16.16285457,481.0098162,336.9134249,54.64720927
27.73339364,82.2063275,16.81372293,332.7000045,517.8781151,22.73807236
27.2786717,64.73619356,15.77984018,72.49712788,662.1936345,92.35999551
16.33304081,55.79138215,19.1409861,494.942962,882.342846,30.18011028
25.36816044,68.49421773,13.37746453,120.5898483,102.7732584,21.78111894
18.00338002,79.09272008,18.3840801,373.1310962,292.7265948,52.54035251
29.74867537,30.33912629,7.432242299,289.6385176,186.6434886,19.05137229
25.24443842,89.51982054,10.31390613,182.4623095,187.3879314,68.66916294
28.60455558,40.97362634,21.72006078,129.7897184,951.1996718,51.51154497
15.83345801,58.21493914,23.07497861,129.9660639,942.4746411,14.7804454
16.69584032,82.32178409,15.78016475,436.2798565,774.3772717,6.724641836
29.32646776,43.50242394,5.632712344,442.8106314,678.7567382,13.69534947
16.44168672,58.60771343,23.53947142,259.3154847,863.1734017,13.66246551
16.42513456,37.95493081,19.04128516,96.62965832,152.5678643,31.28505251
15.2421695,53.70457952,13.28055848,447.8742967,207.5372138,83.32706492
34.13002797,40.62812729,16.96757886,269.1574188,385.401631,5.729402029
29.75016719,51.81766493,13.59549669,247.4430903,849.2431419,12.80889388
22.06502817,52.40785301,14.30678453,233.310661,525.0092885,30.28991828
20.93071163,89.59024738,22.73619731,214.2563782,553.2172871,55.33331789
21.99406459,89.68878176,8.221684938,286.7024316,306.3388867,76.28828404
30.49307062,36.88717672,7.07338271,322.043552,683.5487331,92.11914525
28.22741222,73.55812676,5.05457489,259.8944916,899.0579387,41.20882086
18.70391136,33.10472878,11.28000751,453.4916736,396.5627979,10.58348144
18.48218671,31.81152092,7.94827533,192.9475528,657.2673458,21.35155434
16.96791299,36.32003365,9.399709903,310.2403356,398.7540677,28.72476303
28.20605439,87.92913942,5.224779653,184.9792641,813.4472007,78.60976445
30.28745324,86.45181287,9.543908294,389.0075107,527.4637633,68.66433176
20.30092857,41.63566922,11.65423164,95.9544947,405.52212,20.90053234
15.41889922,39.70034013,5.631349928,134.9145486,478.0439688,83.87455051
16.64343335,44.43210519,17.15808249,410.5406345,182.1047693,85.91558443
34.3572007,60.93281964,16.37600698,132.4389178,879.505438,88.2438775
20.90889555,64.18227792,6.94071557,331.5858558,962.2621498,27.50041887
30.38446296,43.29560583,16.90019555,486.6095534,529.6727618,13.37302449
27.49327138,75.39736729,24.97307837,285.3007762,299.2034873,10.3957407
22.63879279,48.57319016,23.88937906,134.3284009,698.1905792,40.00877534
19.11374524,85.32787953,5.053419867,194.3109706,507.1433316,42.93248103
17.42772836,69.40336239,20.90756623,420.5561344,327.0700728,86.8209998
27.30025936,56.18107166,12.07210552,208.2474109,134.5898291,26.77560449
30.49267561,77.3947201,6.273027407,375.5801116,900.7340066,62.68921416
27.87808507,79.07487756,10.91966427,399.8075283,817.0609168,78.82127098
25.60604266,47.42889634,11.43473033,275.5322813,846.1054519,26.91528944
15.83902447,50.38287263,15.46488479,402.446023,495.8557578,26.71395968
34.36977555,86.15730922,18.22167535,192.606352,777.9298528,66.91552624
30.97428383,39.8844623,19.98111224,282.271841,623.1027375,72.61362804
20.85644073,32.52902502,9.918060851,358.9512188,437.2977668,95.97626413
34.59940659,57.24331936,11.4354114,125.6329163,858.4678793,84.99406707
27.03763179,78.07259401,11.16763414,173.1298853,998.8817932,82.20514039
26.64845316,76.30008638,12.25473736,343.4164715,909.3540765,69.23142237
29.96146359,85.17183773,24.99312618,344.9120539,798.5727745,11.84866335
31.23539576,61.99203986,20.55886606,271.9861909,772.757175,80.92412254
28.12957215,36.00388029,24.49980931,408.0134106,685.2239587,93.53217259
17.56191493,65.32133846,18.86222119,266.9247059,868.2557472,39.07178165
21.76535012,76.70373686,13.12541403,446.5950194,543.773123,31.36619584
33.56167281,35.59968722,12.79488367,381.1565439,263.5565592,52.24816423
19.49231224,40.35944407,14.7716229,191.6126885,791.2447518,95.64556005
22.44334048,30.73743967,13.33739567,227.8643038,927.5557368,5.083227417
23.64153766,65.61915477,21.56652492,350.4590086,407.2170627,70.88806407
23.78809979,83.20406352,14.30004026,452.5036785,804.6849682,81.46683332
27.25879165,70.23979896,10.9122872,130.4189297,346.3504328,78.87491667
33.86151675,88.92240526,20.49720537,281.5985924,948.340246,56.6774405
19.81385424,33.78201915,22.08840819,103.4529896,715.1148928,92.05629972
17.43002753,84.18006511,13.40857912,175.7548199,612.3483885,13.45237586
18.9494098,78.84409724,18.35617144,358.6916117,801.8831421,24.51505967
32.738498,48.85449123,6.176090678,84.98058586,831.9080535,30.69563031
27.91621625,88.41159311,15.58929704,348.0613618,903.1329084,0.867740969
20.71813578,47.27626489,5.899622755,455.3650044,911.0075796,37.06692572
31.31893878,83.35828343,5.58381681,486.216631,147.421743,16.06598378
32.22739993,82.84491462,17.25849701,147.4844905,210.6168472,72.46261522
31.93028677,75.459457,11.06670765,387.0040805,843.4547904,41.49528071
33.37853067,63.80822843,19.85074325,466.8667019,951.446488,70.44594471
20.0448204,37.20016498,22.92165121,91.11618988,376.9046633,29.36532697
30.10083857,61.91830407,7.787823475,236.3106238,107.7416366,13.19177474
24.21078995,51.40777534,19.49045677,463.7343951,390.4346701,13.19890236
31.83997106,77.53302199,15.29039997,141.2543742,444.5777224,20.32637524
29.56981354,75.48775239,7.242385003,470.1923077,784.9300283,11.52156926
30.52894893,84.63675044,18.03185213,287.236432,142.8261991,22.05470739
28.12323675,30.88980975,17.18933606,94.95188714,291.3762125,57.90343447
18.54857539,78.54619301,15.31283735,252.4447925,904.5717276,25.6336015
25.90053838,86.30772319,23.52942409,196.817538,239.3383685,34.29465615
34.69339479,77.35802695,15.42159392,176.9918722,783.3228868,5.273398354
33.74776133,37.81166759,24.81030231,293.664009,425.179374,89.22090926
15.86347472,34.87674629,15.18457628,267.6167108,696.3941934,13.81609921
18.29629631,31.25071439,7.317040766,266.8852218,166.461853,34.86658356
17.63457547,67.72471355,14.40942502,89.663779,357.9021506,37.94792503
29.5195982,67.78035911,8.646575251,411.0431815,482.3107637,77.2126269
31.3557066,89.21482285,16.9426697,266.6476919,871.4913635,48.35428533
19.27022733,53.88259045,18.8626435,419.4076229,607.1462719,38.29562888
25.11705386,49.91437709,14.36870557,421.0675887,140.7027638,69.58746986
31.81406056,67.46549563,6.954059354,192.7108962,821.679916,59.70147507
29.6560309,79.53652035,14.37282797,51.95583671,149.0693401,7.813458379
25.84474411,86.20643697,6.629084295,460.0605549,940.9299076,31.27002512
26.80695381,78.18744997,18.64251911,392.3126119,290.5457014,97.86081286
25.16721094,55.60043884,20.8073645,98.26338057,539.1335302,48.3335203
20.95096903,68.09485412,24.24760654,365.7771653,165.0528719,42.41930698
26.30043986,81.3779596,7.976042143,59.0104709,605.5411477,14.99198013
28.77770604,59.4365813,15.64840671,62.49158115,547.5058307,83.90701739
32.46645832,43.00119862,16.35074735,286.6204578,469.2236814,13.33078775
27.72582708,40.18340638,23.44953068,93.21684316,132.0156253,10.50837442
30.22243074,30.00946467,17.54553281,483.9514351,891.0427408,43.90003505
18.2014327,73.0942797,7.910192913,452.224052,822.3729389,43.66468794
24.23114949,36.66583253,13.72702648,342.4154141,669.7270183,98.14689867
15.1866324,44.63034598,18.09525057,78.66903688,615.0069844,12.75334866
19.93357729,47.87257989,19.00568864,196.175866,725.4517882,48.38270987
29.5292343,63.62279161,22.26147997,217.2753491,229.5910143,20.12453121
34.83619903,53.87743664,8.610142397,266.3959261,939.3798217,70.17638917
16.98356199,70.48043952,24.03084294,126.0062933,356.2059624,39.16868771
23.02988632,33.33831956,6.18278824,309.8802393,690.8412452,64.84678894
31.00141937,37.43635166,24.67524269,246.0967916,646.080113,33.84111836
19.08071269,59.95269021,22.15534186,476.2836335,672.9525817,56.45459866
26.10169899,50.21788727,18.20545566,471.2878533,891.0569108,46.91369752
29.66142592,47.74880177,19.69991001,304.4632799,366.320086,37.43649775
27.31970901,34.02168474,6.453840118,339.9572012,774.0533694,53.75247927
18.76049469,83.74315048,5.829597258,112.0084105,638.5519575,38.3798677
22.10769137,71.50911517,7.035315931,150.4954575,168.4542979,80.60187778
30.67583569,37.29708941,6.747196293,455.3219319,472.7392128,49.52376003
26.08453028,33.90275746,15.94762467,364.6246653,854.1564159,90.31272665
15.10459227,88.49235201,9.308879742,135.2435888,383.81265,22.28042407
30.2198152,70.87035303,22.20411274,306.5946377,534.037495,11.21238798
15.7062271,55.04736427,13.91497246,470.6425627,539.7747113,38.09673595
29.91467565,72.10386245,18.91020953,205.3269978,656.2088801,18.36595614
19.0496112,75.37990719,18.05746186,133.619169,895.6160738,39.31193931
34.1614696,76.79773214,11.39706078,473.9113746,256.1852789,20.74109444
22.35881503,58.67263834,9.863351471,257.5694121,554.1551944,86.8216309
21.53863233,55.79296549,11.84912571,237.7588994,481.8405334,56.79045298
17.97776101,30.66168506,20.93316748,170.4052399,366.3280811,49.7589265
21.11208431,85.59342691,16.72553697,451.2133827,927.6473593,78.77450941
32.53301524,66.1984727,10.07077325,430.5275451,107.3539832,13.03670132
34.92668675,42.18923623,21.35692886,231.3456797,209.8943134,85.70147205
22.36619061,85.17620517,6.095187722,63.77597595,760.0100049,48.33040582
23.97221262,84.89591411,18.9836675,250.9931437,337.0974442,13.64332295
29.44141876,89.35104986,13.78201611,131.3861075,750.861335,81.94114661
32.72391561,82.44339379,19.62580772,114.2303316,849.0282496,46.07752104
26.86088668,89.86706327,23.5492256,226.8921254,329.1544152,60.46005425
22.83051396,44.68117129,20.00068196,94.58462181,272.7498591,89.36088859
23.25243682,80.53497511,13.83930711,480.8590281,230.7705694,89.06916322
28.91236293,79.38169853,8.01951363,71.3926318,280.0797498,89.28188916
15.06436527,43.85642155,21.12701952,230.6163323,340.4668502,41.69174592
27.39178675,35.90625294,14.21411054,123.2162159,881.8748349,74.96058818
22.10986021,88.76523082,6.506246469,359.9650947,793.0039719,23.32708597
30.88394663,47.76147309,19.38110796,85.46515215,101.6598852,83.11769885
16.8598128,82.25350743,10.83703932,296.0625084,886.7072279,34.17223064
26.76404534,30.24762928,5.97776459,397.8956728,170.9310697,46.3912462
24.6194578,31.26148843,23.0550203,477.5269258,689.7390558,89.13916482
27.84651052,57.95227852,14.66202184,364.3374033,236.3272914,80.57399516
16.29707189,44.32288104,10.61922106,94.77129094,156.0482295,95.25112051
26.59967575,71.39047701,19.32773116,89.83424737,783.7936278,36.34729898
26.22969176,63.93385953,22.71804755,379.2191218,520.4828025,15.10852697
26.21320189,34.64914785,5.006141501,146.8982323,639.156262,91.04104231
27.06975333,39.75769778,18.7570437,251.2576889,482.8177169,49.31543871
28.52935874,53.2829562,20.34023388,489.4794956,160.4546763,88.94007911
31.09977999,41.13624384,9.198548546,418.9580593,765.6563497,73.20735927
20.3964144,77.53334083,14.79247663,430.9670108,838.3160091,87.48029055
31.5009882,54.96421413,6.785717978,437.3464571,137.2784888,65.47229357
24.96511365,35.60591201,19.93499765,328.7954031,438.1454773,81.23720137
16.54116558,59.06057414,21.94912037,384.7702657,601.5848834,12.03359988
16.17101858,35.45029086,7.163733146,211.5324116,644.6650805,96.82946892
21.68476637,37.73623833,21.32920507,499.300802,620.337647,18.09792226
30.69793954,44.37658992,20.43140341,175.8299763,723.6465885,2.45027679
29.15361869,81.57166231,11.93826641,315.5033315,970.1345822,53.08073749
30.77229929,85.47675194,18.8057906,176.9277552,451.527869,71.19122628
25.34538113,79.57546376,5.000962478,100.4319728,600.9612103,71.64184343
23.80397996,50.04463305,23.63595309,305.4136167,729.1707665,33.92328452
17.94905053,46.34678647,16.00766471,209.0069019,633.1814399,75.38318364
21.56385507,62.94934145,17.40677728,312.4486704,448.075927,84.25600544
23.68038732,73.31118963,18.29318827,301.4053145,661.6713592,61.00117424
16.77200859,89.60236729,16.22738034,294.0155281,685.1003774,38.59920072
19.41223905,37.89424271,22.13527775,105.4855049,626.4716278,61.35745842
26.96450588,32.95751994,17.19403664,248.0813485,284.5995947,86.22304004
29.71326228,71.66135334,23.15519982,415.4017727,555.3832223,90.04717608
34.96695023,79.93354701,16.64663244,191.814573,895.9211288,3.151662713
33.66226663,80.78092679,8.42244844,249.7241774,881.7416902,12.23985584
27.85130399,70.70781294,23.27125112,272.2242156,775.7091325,0.451404793
23.42496107,87.24094825,18.63254997,438.2290907,727.475963,49.24421824
27.72354729,60.66028581,18.98477989,345.0198962,237.951224,43.63909275
30.71303236,84.8288879,24.70963501,95.09114068,513.5181981,54.58016618
17.36672382,88.06872822,6.503931084,439.3269436,199.8561788,68.3646732
23.19809779,80.82944742,13.57185214,424.429689,835.5560047,36.57837419
31.79604571,48.5855138,9.78190786,389.1406913,361.9388858,20.85772688
22.67665904,41.77293907,17.60852929,259.7261082,790.1792778,39.48203784
26.43744542,62.8872039,21.13623367,390.8954226,833.1210024,0.901100069
26.75538722,57.18088502,24.32621418,265.4339282,903.2464877,82.94466769
18.68952506,82.66550053,14.09192214,381.4805904,778.4470706,38.37262997
22.24470883,36.00190026,20.72436461,446.0495742,608.2561005,62.27883424
21.69022577,45.46440368,23.34103184,450.7437133,638.3664233,32.47256225
15.52393417,75.10793667,18.66650865,254.5603584,388.5240491,61.48123888
15.48383528,35.6991987,9.854651049,436.7042057,259.2965723,54.04353936
31.63394087,49.24586484,17.15708302,95.65582123,217.5725843,20.85593299
20.4614162,53.22932364,24.39904096,95.81873787,263.821169,62.53240248
25.36157532,67.35562779,24.75107658,296.7201261,940.5566987,10.96224194
20.97451147,39.48795874,17.84719647,343.3300783,247.9899288,48.10858468
33.8135849,81.63626942,22.73975516,118.8471992,751.3637004,71.9878059
20.18593518,56.85253413,9.006987277,262.4810202,266.165689,54.90627218
23.59313625,85.02130271,9.921572099,92.46320052,977.7607932,74.62710675
32.45460501,58.07219482,24.05775226,320.9447685,429.9260819,27.31625877
31.83867134,46.50241554,7.70470751,434.7923165,470.9227861,4.881852999
18.72202836,38.50972972,8.822128762,381.9375392,464.0604209,5.597037764
31.0528662,30.22470568,13.41097198,220.2311986,834.8132657,26.87254853
24.16373773,61.9294491,16.79168576,497.2072085,296.4614723,40.76670921
24.65937744,36.42940182,17.07634438,348.3207394,847.9222623,53.75052054
17.66959945,53.50366582,10.83952017,416.8617955,691.352969,75.76612947
16.61203028,65.35630567,23.41227796,351.3638243,298.252151,83.96094835
29.55878614,46.54115381,23.30199815,495.237331,158.8667913,69.36809739
24.92922305,40.51345754,12.84136106,419.6118952,797.4932873,46.32089547
23.73701405,76.48329736,13.68583539,283.7404481,297.0667412,26.44870159
29.59016457,86.80747034,19.04994234,215.0958033,900.1601468,42.78023249
30.31025798,36.02642507,18.25991793,356.9696731,216.8067496,27.33961519
18.17816335,39.33541946,12.6459403,315.599814,654.7281083,62.44626139
27.20450299,87.60075944,13.28488503,333.207766,722.9515543,81.82068605
17.70708165,32.26705331,11.96077887,204.3552948,691.9321731,51.81887436
30.02750172,88.65794019,9.707700139,242.9277893,384.426833,4.583947466
28.13910313,30.27866899,14.16276726,301.1434587,887.9711709,93.97486279
34.13229242,82.42011934,18.72868264,427.6775309,792.8247851,29.42840118
16.37916033,48.43951086,19.83933411,393.309013,559.1857075,91.45103385
16.14109442,86.31533149,20.57747297,103.3951417,642.9637251,81.30683025
20.64374149,49.01671732,12.49464027,160.4994125,609.7341043,41.31251133
20.23411367,69.25837929,20.29271989,61.99597622,952.0287196,5.670376718
19.93957598,34.80195419,5.130326314,53.58225558,906.7719131,94.77039044
33.12509161,44.53978869,14.54099875,150.9689612,311.9475566,65.90536672
19.990924,76.42076079,20.878088,409.6944266,336.4837999,24.96539826
20.43899452,61.72115122,17.60089441,457.1364462,983.2942649,53.35362034
30.18796525,85.67814371,14.48126248,226.2957647,312.9046318,63.53705089
23.99479685,55.7250845,17.89284013,303.4393685,958.131392,22.66593271
30.53421114,82.18874195,23.13892006,367.7236709,684.7783346,9.354049984
16.30732315,56.93732625,16.32763601,478.8215147,145.0984951,26.74655458
24.75142387,88.75489672,20.99572383,460.8195068,402.1544795,4.760266826
15.672272,87.59006288,24.6148545,75.73653652,528.5386647,6.998651024
16.25306407,49.74820233,19.11136404,161.6746294,849.7836023,15.65850435
33.12874907,83.15542023,16.46651528,72.11504478,395.7268719,15.84063706
17.78490742,80.85668245,5.749718943,327.4440894,379.5204809,24.79515849
25.64841365,42.64082384,12.48955797,369.7219924,928.2369331,93.74292322
23.22191205,67.45742405,16.30885467,188.7275356,171.1309109,57.58200229
21.94686653,34.36093894,20.94413143,434.2333587,596.3690932,42.25051799
32.99666691,80.20264324,13.76209579,253.7657377,553.8153429,56.37996686
15.43646794,40.47275301,24.20116552,499.2716818,151.6012842,0.571155318
28.27579372,34.24888208,10.43587505,50.17986167,178.9832985,89.47469097
34.26788868,54.01314573,19.8913439,99.27036879,443.7706897,53.23131411
26.20336367,64.61532832,13.38062834,185.8069593,220.7450974,45.1650665
33.73644924,81.29501751,14.71976989,61.47841908,530.264714,94.16019394
16.04515759,88.45455153,21.05004068,402.052756,647.9999969,73.04080845
23.37586638,56.36955075,10.92430523,73.74730454,722.2570161,33.742084
20.20315582,33.62681538,6.936241132,387.040835,591.8230593,93.61574815
29.6164193,74.94693474,15.40511169,73.65580646,441.6940143,85.1997625
34.62594181,63.91039537,15.57589224,163.7272691,216.7827639,95.45337293
20.13060125,56.87348069,20.94335544,428.574567,322.7368733,9.622393741
28.08349203,48.55613273,24.36638412,477.9928824,477.4795093,95.52848894
18.96195266,60.14391167,6.106013727,236.5368542,931.7030351,54.28828389
26.30660509,50.32077627,16.83378947,486.4725339,282.3405231,67.22150796
24.27864973,75.42071206,18.62557061,332.0964157,472.0098078,21.22388997
34.44010659,62.63362179,24.71602701,237.1258051,759.0779716,14.04014901
27.17054545,82.61086645,23.85180429,411.2606048,734.6830168,7.938749758
21.99012744,62.61263488,19.24901529,182.8978341,969.033335,42.23130921
17.2819157,44.2957448,15.43578822,169.6083176,271.811167,22.13494696
18.02493657,81.06551293,8.230478446,345.4464546,114.8676504,8.16229087
19.5063386,63.4331427,12.6835311,225.7193129,390.0909349,95.50661959
20.01933323,42.41046229,16.7024465,111.1631121,234.7233512,73.33913432
32.01232116,67.4104686,19.50400793,80.13390588,593.6221471,51.78545082
26.22445577,51.4630059,17.70799115,404.5291593,908.9011497,74.33474828
25.46781823,80.66433674,19.28245604,354.1598293,719.4041497,61.14581723
17.29537744,57.19798432,13.58305009,235.3092011,222.2189707,17.80325939
32.20279387,73.58648149,19.55254581,453.3024358,204.481022,63.3436444
29.45628606,35.73217246,7.87482512,234.8855386,920.3048319,68.10122689
16.35336724,53.76146078,8.251726235,369.6329622,538.8485949,23.74708392
29.15670194,88.99448619,8.256642917,459.1018738,931.3056928,32.01446473
25.87076435,78.50761737,22.81729914,428.3219564,762.595944,38.33006598
16.63450691,39.59644814,6.520681266,279.9971494,994.0136146,60.25466397
24.16601283,46.66584297,21.03016745,356.2863766,884.1049684,12.68079821
24.69392574,49.78894853,9.671417961,236.1495995,472.790973,74.34781235
18.3154908,69.02193363,14.36859881,341.2387275,782.4050448,34.60242708
33.91396294,75.41968557,23.31913191,165.8985973,524.1053506,69.17726197
31.99950743,74.97159653,16.71874459,245.6339512,309.7650638,93.28873934
28.38044675,60.59244338,9.202353725,144.2955819,316.9263329,86.98746468
24.24591122,78.64923227,10.68180121,67.18322871,457.58993,73.75811295
23.23531083,56.22468497,23.40893248,314.8429328,200.3196034,19.33269837
28.01946934,37.43283392,13.5428785,438.9932054,259.9896564,73.20743686
25.90863739,63.8665105,16.73970966,61.51022358,550.5478153,63.5789406
16.24546212,87.13808308,14.19864393,138.2133833,958.5302296,77.25468225
25.25005298,77.57961908,12.56876176,257.0832767,619.9177078,86.88139208
31.12807234,64.72203886,9.465582539,349.6535676,467.6470743,31.1475114
24.18479755,68.80833962,18.72383001,127.0531372,318.4302879,64.43040724
16.03913155,85.83372162,19.36484053,75.51267304,276.3111742,27.51381853
30.72556399,55.70056767,10.49770183,283.571923,692.5663264,34.62849392
19.02727564,49.88364834,20.78021686,418.4193709,863.4927857,52.06445443
20.1724167,88.6344939,22.09070401,65.85570919,458.9703338,43.41633917
18.29412707,81.80658801,23.41350192,207.2162527,595.5931417,60.06306025
21.6043013,49.38261508,8.224248278,348.5816343,736.0540851,75.87614704
30.13503011,57.82683584,11.07847367,108.8339027,152.4660176,60.50200246
25.38771719,54.90468774,22.20706695,156.1760496,415.8073427,96.98004946
19.09762548,38.94574072,8.970804057,290.9716897,756.7776008,73.81200091
32.55660156,87.46915943,5.069369185,478.9542634,716.1571239,98.50118265
32.5916371,54.25874587,22.41654621,179.3041782,148.012952,74.34407241
32.4115685,82.51974496,11.52898884,269.3873395,314.0366485,50.79188722
19.77592423,41.36137366,13.2899505,229.9688884,711.961493,41.10057631
24.02478688,62.87224864,13.92668051,453.8285024,344.2744381,73.56603901
34.69979312,31.43768311,21.96549201,82.35043881,832.9692645,68.71243905
30.44024953,75.85322903,11.75784289,304.7664161,126.5543733,66.87647037
15.54334842,64.85483389,22.84559772,430.7538646,271.3123264,72.17838442
16.30409183,67.53537501,17.33878276,494.6529097,353.181682,87.21721132
24.27862754,33.10325295,15.54573448,364.4264739,932.7608513,22.77603075
33.18440412,42.66229981,11.51229014,220.970964,816.6870607,56.48947289
25.77403596,34.45985234,9.874233926,235.3209586,895.7305779,60.33011876
24.95625016,47.33485895,17.48116886,208.2569989,496.4312325,29.28568378
17.109474,67.64634046,13.9378832,321.6258949,840.3058821,98.79496148
28.13560209,63.97115906,23.2103202,382.7325968,868.1442147,78.55379163
31.44206321,66.7289893,14.83277432,418.7604036,459.9611415,32.12661025
22.60840015,62.95507628,15.23589833,237.4668994,995.015663,35.84343557
30.51223702,46.38172774,13.33446562,372.518826,866.1147663,71.82581488
34.28953308,44.67044984,20.78525994,462.3001664,976.6872719,1.149342149
19.07532918,38.22358101,13.49678396,464.3711575,879.8473978,46.40403377
25.46659262,80.94425249,10.38683999,366.8130512,798.5832762,34.31109721
20.74275916,66.98876151,22.24061749,336.6059868,949.4594861,85.4002968
30.85708838,41.19066075,16.93656443,289.186734,477.8373201,79.12949104
26.55186732,40.63256279,16.8302044,132.4389507,805.0000901,33.20969267
27.69164835,82.38213609,17.21644414,105.6333437,291.6020853,86.47969775
30.95828319,74.56385183,19.37679496,268.5699531,759.5144692,91.36000061
22.91940945,69.56394479,11.26135979,121.7498703,806.8179547,55.24588491
33.30180137,54.41184645,5.676887417,309.6499666,744.8719689,15.92370027
25.66057734,45.71853386,21.21186322,340.5662286,864.8317588,77.03280828
18.15909646,88.76704579,7.578101078,286.5270189,472.0019022,31.934424
28.91798236,77.8343745,19.43639474,66.39202063,590.2913189,52.728139
30.86522701,48.10675339,6.646305966,75.97758146,109.6006696,4.558866453
21.33523354,80.85388778,12.50615684,101.0035331,231.4478467,50.00904226
32.14358514,75.53591692,6.260521397,119.1406122,679.7745331,38.02645332
33.1228651,47.82483299,15.44427359,495.4471762,606.0854797,68.60652932
20.53808975,55.59317125,18.06271546,205.0227576,277.5992622,4.078367996
34.67042945,41.15720672,8.428662824,181.3880181,319.1183147,62.49454721
17.81423056,36.66314666,12.43255237,73.51998605,409.6739817,77.19560736
19.04031337,73.36572197,23.60478982,335.8941758,744.7732416,1.277814663
18.68449678,46.05071144,13.84778234,343.4858533,648.7449424,74.99633447
32.8797942,79.20356194,21.05087138,128.9519103,162.6141378,13.02040273
28.08585105,89.73652269,23.5436949,463.6586934,783.9452341,69.80561155
18.04208566,34.59718884,24.4869165,410.222096,336.3936067,45.52763764
23.80646837,58.38210751,22.96644039,153.6436926,704.5837106,55.19913063
27.3059605,78.12375356,11.34810658,268.6323789,211.0265602,33.73472504
16.6692817,77.33705379,24.25145772,256.2758853,998.129149,24.54664063
32.64832737,75.5998295,21.24790483,206.8342,172.3016536,7.104735806
31.07207071,50.93969612,21.74351167,417.9356208,767.5606256,86.46899875
25.10413547,57.23119534,5.303459683,99.16901853,587.1973233,61.04292156
34.34253231,65.69810144,24.08477727,236.8914079,177.3452722,98.27991593
23.35521959,88.43643501,20.56180448,242.6140087,124.1294118,85.04519004
34.68220638,49.65283626,20.35934993,260.9265221,426.3991458,86.96332672
28.35839998,85.38863326,6.630494619,437.607496,822.0015388,59.78496807
27.69342547,46.16141509,9.651370821,148.1750916,137.0361163,8.094270447
18.31909791,89.34446793,24.2452333,96.31542808,733.958797,91.33962621
32.63855517,70.21582121,15.0135415,328.0138083,689.8386486,11.78862341
23.54979376,57.81068882,12.95716036,128.2255137,338.9839091,51.71460094
18.24466812,66.80342568,21.79881634,83.71943863,169.7428322,85.68557381
15.2521504,46.35187014,6.746808282,241.9921493,923.7897645,47.24080143
26.19511367,46.45043145,13.33884033,148.8408939,370.3148225,16.56703542
25.54799244,36.81327263,12.51401549,212.5474785,200.2449086,37.31968487
29.38707245,36.84301786,11.99702774,166.869986,713.3653705,98.83873602
32.80516106,50.86030449,11.15384487,91.68640823,295.0131059,99.97591865
16.58813169,75.77132867,9.201499136,302.1562413,528.06768,71.083499
29.62992981,66.47827006,8.45821606,62.15828812,145.3649898,88.79923094
18.74823888,36.15507362,17.80812234,484.8689066,993.685554,4.420672816
32.16354106,81.1341915,23.38789682,203.5987348,502.8590141,27.5971575
31.38127028,66.08205762,15.1770329,362.8208797,999.1989832,36.89595494
25.8158751,87.65133461,10.95949105,414.6632926,447.1073892,1.199764747
29.20485597,70.21112804,8.183203954,175.597158,413.0673003,37.69615556
21.28700226,40.51049182,21.6028673,386.9324191,923.1150954,9.303158506
24.42335798,58.42700174,24.42984113,424.5893849,396.5192685,51.7409302
31.43273795,68.90985585,11.98310803,158.5927552,488.8049926,0.44193089
24.18530394,31.69588206,10.81900851,496.6226046,170.299393,27.04498886
22.15596531,30.89461585,17.02985906,59.30990728,959.9161492,86.62834026
24.88424895,37.76418004,20.50657962,147.6502161,176.6361168,21.30580539
31.56498505,45.0998661,14.10805607,401.0093403,794.0664402,6.484342965
21.70416095,55.77294741,17.601463,137.3589613,584.7538544,24.97307844
18.47523186,59.24642843,19.33098136,364.2169385,155.2646296,82.7558706
29.24028041,38.28165654,24.21184576,434.9886822,101.5334452,58.71873635
31.51956425,70.40349475,8.30074661,481.6464227,941.9982747,58.60743693
17.01274957,65.7682837,24.94764988,263.4113819,767.9560638,0.057401167
19.79748226,47.66784593,12.8431331,486.9991053,717.7926192,47.21512139
17.8394398,30.81959301,19.46400285,235.2300335,494.7008775,26.56180397
21.95882823,34.65887492,16.44828756,148.1576179,314.752408,33.62090122
24.00701958,53.50168653,14.73337234,281.2648339,711.8767673,59.86866377
29.97652674,39.23846107,18.96150737,342.4204599,647.4709618,87.43397751
28.0229517,52.60917637,12.915077,256.0834922,753.7079754,18.16569058
27.41857135,67.69095627,7.522199627,305.1375998,429.2132667,76.82220237
22.04749893,62.83424567,14.77786766,237.3841345,988.2313845,4.890217744
31.82895106,43.87055299,15.43831741,286.1428793,160.3077899,32.67291659
24.42574335,50.62934948,9.038043068,478.6680524,171.7314553,21.89126897
34.58209876,66.84187191,23.71238713,274.9240186,925.1882628,91.55839837
27.68284277,81.65130168,9.549512933,163.9308348,682.9357914,17.79979064
17.52529483,75.19280632,13.18455188,391.4359797,393.7006614,57.86319181
28.52355124,63.20400161,8.098593737,201.913006,785.7574819,16.47831658
21.50208031,51.7375799,15.71593292,417.2932269,507.4960491,47.34837153
28.72654393,51.90307665,11.15275216,75.57889504,119.0093579,41.33999014
16.39282296,82.76503862,14.7854504,199.4800897,685.9933025,4.135719223
18.49762874,32.35461456,9.492338329,92.46195872,318.8007434,82.58675937
32.11474518,89.27895867,6.075502559,88.39302091,203.8016049,78.01127151
19.54359114,69.86252465,20.58453302,346.2753016,302.7458642,27.78583721
31.7408225,70.86826194,17.82172568,223.4006606,528.542093,61.39951369
20.58552177,32.27987024,11.81478711,442.1655239,144.8707882,36.26695809
27.8576382,66.33175649,5.949884494,282.382312,894.8371481,76.92271433
28.88301147,59.08668361,22.31150125,182.9044495,603.9262149,69.24844563
25.25309506,36.34673441,8.395900099,374.3999996,363.6965621,9.046698112
21.10621353,46.67532065,23.61484437,330.8075562,718.3043633,84.41881654
19.25288753,83.41886737,14.57190757,409.8175794,823.8128473,17.94261051
15.66378709,62.99930495,11.8077342,339.6147244,652.5321652,17.41097025
21.07892802,54.80499451,19.83518954,125.1560377,282.2452137,73.37468748
28.06325581,34.36092935,22.53678812,351.639517,199.2595781,18.32510614
33.76609637,72.84729164,12.41427127,226.1971389,873.9097273,12.23969535
32.42408965,72.1710494,13.14687504,258.4143636,311.2186722,33.55828272
30.32129553,66.84261642,13.66316439,464.7040591,118.0741876,83.87124808
30.76894687,60.61575877,23.44646123,211.9838208,678.6118973,17.68087582
28.29969807,56.02706413,18.85127983,325.3816143,237.5967969,33.90729931
20.20573715,65.59626558,9.952922341,213.56678,991.8728378,28.62539506
33.14390061,44.0037271,8.69999395,92.62736841,882.7577486,35.60608647
28.41464624,86.47554385,9.607353268,254.0864039,647.6011534,71.42717944
26.20881262,65.32767175,10.27127778,318.677677,850.4790783,40.5465581
17.21978938,48.67154666,9.603669827,233.3764814,523.4821307,75.95766813
23.94111088,56.98079105,18.17012894,225.7997831,809.63762,64.04031382
24.20716542,78.34108733,7.318670213,419.1703313,681.8801972,36.10991821
32.29127219,39.69696364,12.74716979,63.35832753,125.7801832,43.22407816
25.9329644,47.57013735,17.50107146,183.0134285,953.8819008,70.36227121
22.60801098,70.77048136,10.81719948,415.2907694,874.8276204,53.47554132
34.53600657,48.92935239,6.305487694,464.2385669,958.0666515,86.83401614
17.21441187,77.55010091,6.636478457,235.5348136,758.2293411,93.31834185
23.45096857,37.82720923,7.519335526,449.9574094,470.8548295,71.7707326
15.8404935,75.76117023,21.7168605,139.518555,286.286701,98.92071198
29.79808242,34.10110289,18.15727011,149.6421805,261.9967128,59.65367874
33.36153104,30.75555676,6.290448222,430.7861195,230.4246235,3.983079031
20.60074659,83.89341113,12.82137758,456.4659836,298.5486784,50.48520561
32.16683354,64.88035302,10.57170346,150.2625956,595.572412,23.00092794
20.84436461,51.10961383,16.56080223,76.69588549,715.370557,33.37131804
33.21540323,43.95567822,15.45611899,90.64586167,382.6509049,49.00700521
30.07923807,67.013147,14.62248047,167.6213759,593.8722726,29.50508044
31.09813554,60.54013101,11.29024741,392.6520847,407.1273935,30.96216388
15.36013111,89.49586653,7.755995441,279.4963225,726.8589763,40.20163364
34.25620714,88.9929592,19.84752766,255.014979,989.6375983,28.64573478
29.53341984,68.10147397,22.59713538,312.862969,720.1152715,16.95009952
21.09502191,56.57223037,23.88301818,450.6004011,153.1275192,76.55602626
31.5878933,59.46845815,6.172379412,90.6936708,529.5114621,39.52117624
20.63042397,70.94874397,19.79817423,362.6258574,793.3487434,83.17573005
32.45507679,36.09447265,19.53006919,467.0558805,588.0174456,88.27169895
17.25160781,49.70112443,23.94219228,146.0075188,955.9567268,75.09634862
29.07371955,34.51633446,10.05829189,426.9975422,149.2945113,39.6673162
25.81396953,34.40164557,19.84358077,364.1111198,362.039989,72.1322113
16.9306894,41.75035451,6.092525775,56.51084123,298.6462969,15.52205044
19.83787657,59.11519528,17.62491442,154.2252562,790.8599816,66.11157592
15.24808073,77.08645927,12.01695648,322.6301424,571.4137616,40.6032064
24.37535931,59.12975347,20.37818879,276.0801528,224.5097902,65.5644415
21.02530522,50.12859663,22.26608573,287.5713136,357.0339371,75.47905921
26.96714969,34.94117942,12.29642084,154.3686911,570.3933907,56.2686488
20.94475615,63.01773139,15.51172185,353.7515618,996.5160831,64.24785931
20.99838223,46.27611519,7.348081247,169.8882669,427.8631217,21.35279314
29.86386397,66.89605068,13.3381393,225.2457349,241.1434876,59.26995547
15.96285672,88.63126435,12.21600787,216.0121621,547.3598732,46.04742888
33.0578999,36.67885929,8.662469196,352.41126,379.1677395,42.80528596
32.04527749,42.72752392,22.8895725,90.61374276,609.3701414,41.03157544
28.35609366,58.38567229,7.961756761,142.4938555,520.0392725,31.0924028
26.8644314,88.11682892,17.71478715,140.2236818,720.5409295,30.53346624
32.84604996,76.30858658,22.80285287,98.79110335,922.861638,69.9706428
18.70660359,83.89375159,23.2393716,143.4177405,280.4629157,55.77997558
16.57938324,50.02289091,20.864794,323.1771206,839.0620633,2.995210736
19.7902034,89.52230843,8.522822677,379.4756769,954.339144,4.852523008
30.89156557,36.16996896,21.34862818,347.1365511,436.2487134,57.0119001
15.69340533,33.17837436,10.53129625,263.8346621,202.2964305,84.62834788
26.6561367,81.33615762,23.44796055,73.59555699,839.7200537,4.397781121
34.90875032,85.63589221,19.18173363,481.5531548,730.9862285,50.72069341
32.11392188,35.43512145,20.70535122,125.6344074,291.4409844,85.11353755
25.42891378,36.8056456,6.70064907,350.7896167,500.7012339,0.44479781
16.27281819,31.99044947,16.65530227,460.800777,620.1929858,27.57939076
31.62747029,36.27045376,21.42284254,363.9996932,252.868678,91.99202183
26.97957016,42.56518901,22.23180706,148.1223381,743.421544,8.146962339
17.29865994,88.20459713,5.572634095,192.1083344,720.8944673,60.69964775
16.8771457,70.07161333,23.78318465,63.59264015,898.4139513,50.73816666
33.19253639,76.71318153,5.866774666,325.7412084,610.545668,15.16793631
28.38400526,76.56836422,17.29037359,325.8468414,616.8817276,4.248700999
31.58573599,62.10442499,18.86775055,376.4752616,657.4486204,50.25871017
32.57957801,77.84933866,7.146905823,54.94833017,346.4049352,73.5130189
26.43544704,65.74845194,5.960237312,418.02858,782.7452662,17.72427773
25.34892704,48.87276586,20.69824309,382.4199308,696.2493351,69.13198288
23.60854821,63.66660653,12.6934125,113.3989743,855.2310629,54.63833118
21.33893176,62.01051517,7.142250306,206.4319742,791.7274045,35.78464256
23.69191922,79.40718323,20.25335633,337.3362018,674.7150075,66.44304962
30.47759311,88.90363304,21.9832614,273.1085937,244.8029358,19.19767776
27.03846862,54.66255393,16.74772382,101.7924188,927.2325909,45.6931321
32.8504658,75.80344071,8.224736169,89.30541881,430.4909632,54.93049816
23.86760029,35.98578024,5.30444943,401.6553346,967.8687117,45.86955403
27.14179157,76.60988217,19.01604963,120.1852031,461.6837218,39.75013769
27.62615106,52.28501472,16.0027935,127.4417033,231.3444634,74.09136396
26.83394325,32.36340977,18.01594283,423.9154064,896.3557727,65.61009665
29.05267546,51.79477071,21.2636934,325.4628356,815.5528661,63.94620854
19.74866937,66.63856506,13.68455554,322.1220237,807.6664505,89.18006449
25.24727555,37.15501006,7.490309377,265.7055971,180.4696757,99.35006574
17.08449606,85.44206955,23.79966571,306.0477565,891.3518497,56.72045332
22.69022655,34.6603448,15.90524254,320.7963607,636.7605734,34.82678777
24.75334137,85.80040319,17.30588238,485.5218057,523.3201626,77.88753492
28.04448519,72.42825108,23.66822859,150.3379884,921.8544593,14.20990628
34.01062105,49.78273052,23.63167313,146.5530889,699.4372172,51.2909171
27.01302133,53.44502086,16.44189213,75.74831947,219.7277415,52.4508482
29.87187832,74.44856188,10.95222849,346.1894595,567.5834585,98.34678675
25.12532119,66.08826605,24.94227268,297.0689814,672.95493,99.1006815
27.68208063,70.29857529,18.6163418,100.0576417,908.695628,79.92141383
16.41864432,53.34987699,13.16873354,214.0425208,351.9046915,47.30156878
20.08783162,59.26880891,16.19673606,130.3984424,814.8104971,54.722579
22.23706186,89.39204904,13.31668101,199.1667832,819.8316135,31.97416315
24.4498671,42.83537223,22.76610305,478.0688762,215.2445363,82.98457037
15.91297491,55.07137119,14.6499875,357.4934775,115.5098645,74.65461938
17.80048195,47.50939125,21.47056752,53.40609536,623.2687263,77.14252878
20.53628616,75.90669063,21.80352596,163.6286332,810.5309977,13.86763382
34.43065382,75.84075754,21.48664675,54.66269619,598.9877419,39.86339713
21.62694014,47.54672766,19.44377225,371.6908244,832.0127367,53.73516904
24.64082116,34.883419,22.09755434,261.2398109,660.0728264,12.46579687
18.92195425,30.6859606,12.74459159,497.3084113,687.9631255,36.86230264
27.21560142,55.64703199,7.293264123,380.1124675,125.3389832,8.743252241
20.61366431,54.62025566,21.84908409,283.0608242,179.7383826,95.88412273
19.13985157,89.30339272,14.96336831,412.1174427,752.5266559,75.12633296
25.33145257,58.18812454,7.547520651,367.1616431,786.5589541,62.0748121
15.11011598,45.38510217,7.306250444,159.6992799,587.9601803,20.48564335
15.15328065,83.47376646,8.18484788,288.6162237,631.1486147,33.41274372
19.38137618,59.46407698,20.01946519,300.1994262,652.9292559,14.44849019
15.73442725,65.95053811,19.21713347,253.0542644,194.492187,53.6119627
17.16051508,35.74012263,9.076373604,130.6366803,701.1177438,82.05159898
21.77721299,52.97498444,21.93846836,150.5160732,530.6229791,1.903652169
31.05171359,86.65342047,10.62589591,176.4713304,642.270679,10.33086697
26.44097287,65.37032305,20.85971167,54.61481722,606.8276459,22.93497739
25.25335452,50.67011131,14.77611815,462.6247515,786.7002236,71.40667432
20.86977646,67.54003084,19.63097365,358.7431962,386.7114373,89.39798388
33.63507439,84.62466537,12.62775326,360.3277921,436.1736206,75.30123368
22.94030082,46.43943603,11.94281194,307.5487762,452.4456759,52.49475502
16.74185534,60.30700311,21.82719198,360.1898637,786.2104893,10.51123641
27.34133032,87.52143923,5.70604509,491.8381474,488.0013596,75.49143744
17.27676787,40.3437686,24.49473895,223.3221519,259.3672945,10.56397404
21.90446286,73.17983554,17.96359117,370.6365141,984.7368734,34.76898551
25.14823877,66.86886049,13.64966776,211.788052,544.0436776,30.79915115
32.48445049,70.78050787,17.56109062,434.4299594,198.3232748,35.92234634
24.87093161,51.07317784,7.454818929,436.1128731,703.2474604,32.95290434
29.04517532,48.83276241,15.28104911,456.0198914,765.2461218,76.91797167
34.85633678,71.05258024,24.70191047,52.45849591,550.200555,17.1723734
17.6297824,42.93259711,9.705388757,184.1861502,681.8114964,84.58460501
20.49463051,55.17928469,19.44556198,110.265958,255.407378,85.82602475
22.89152151,41.29047876,13.69942752,254.2937891,431.1301468,49.09258228
23.43656357,30.49829047,18.04916297,272.9523392,245.645743,10.61487485
23.22042151,88.2034416,9.097744574,165.1568193,448.5117307,57.5407239
33.15222005,55.90217872,14.40929965,375.5509214,606.52047,82.09313718
29.28065289,88.16097687,24.60185428,171.3963727,498.2854665,28.94735192
27.15810428,38.41941119,8.90574302,434.2511189,633.8933567,83.77474242
21.18745436,65.24200677,17.72890056,129.9467157,551.583256,67.69188527
31.47580768,42.05844197,16.51195498,215.2558826,386.0329361,98.72464407
34.10121023,77.40444762,16.30103173,330.0069913,229.0743983,82.47113635
31.42396565,77.02217933,17.30246579,322.4007817,327.4055753,20.15004641
15.0313021,36.75642894,15.04475947,85.1131004,280.6419267,44.90040596
27.7280274,84.72386717,5.338615005,430.8163755,736.6800643,10.35084648
16.02270763,41.67777883,23.00193623,319.12922,837.97016,6.967056681
20.15214441,66.7786405,21.53957655,441.4367969,748.3497448,70.60542409
16.19049401,89.13801721,8.483353618,440.4360102,679.3607323,91.29318048
27.07590906,82.94379209,13.26546355,295.6634107,377.0662184,97.35755167
28.73179827,87.39383571,20.41097961,459.8516558,739.8870032,27.04663542
17.28975276,50.55592627,24.60124631,431.7835095,644.575114,20.17713419
22.67677766,36.33453853,24.02274093,481.1553251,142.20403,56.02198871
24.12473018,41.3008124,22.98718399,432.7242794,916.8509066,20.08600731
22.38106044,60.0296937,8.167477946,419.541733,171.958457,29.59070901
17.42050001,77.5937807,23.28950212,261.2122163,552.4371137,83.72263301
23.3789558,39.00921865,22.56889826,145.4139772,561.7622374,81.04628565
30.02356096,69.58389194,12.53899822,459.8189299,853.3064699,89.5073275
16.42015329,49.41465624,12.89045189,375.1471339,921.7607509,48.22435149
16.60360028,50.47212434,14.19817844,176.7865389,945.7082124,56.40857337
22.09542584,69.71506381,18.12351262,203.4480752,612.7049201,77.05895082
33.83451423,58.01996517,10.21671232,358.7353303,711.1380072,23.92655331
28.37145293,78.72199758,5.458968589,265.0177888,179.6678762,82.30935913
28.57339913,39.35511058,7.824590492,86.66715283,539.1244098,1.755747983
22.23839982,77.39689619,13.80231815,113.6515756,908.0710338,79.76598888
26.87321582,33.85411488,10.64005139,385.5419076,510.1274359,77.59079479
15.20262368,41.64323281,20.29033122,197.8562878,162.6345419,30.17799498
27.72192093,69.36898287,7.133801411,278.4422428,280.5770282,72.79123582
33.26573895,81.29553939,23.34930451,394.9796652,486.5562302,21.39936142
27.25146937,45.16077766,22.9065436,388.0290172,313.7754744,57.62326377
32.47397187,49.63149635,23.17513634,125.1567621,453.0633268,70.05867749
29.47946111,62.2272449,19.79219997,94.27723898,399.6656878,71.46988824
17.41116833,42.69436839,7.13999943,316.0185318,387.0361475,98.2935135
33.04906615,78.6693757,13.76275143,383.7347933,182.0481488,18.20056618
16.32887689,76.4181987,7.628107436,117.0679649,894.443222,48.07986289
25.67934945,38.71750272,24.75398386,217.3798793,723.4356281,88.01045442
17.84274248,57.82978391,11.66076847,441.6250982,661.0437176,56.15126061
15.23413221,76.489666,16.70661084,474.9004137,645.8224673,87.63890254
23.4406852,50.23977187,20.58786108,254.3313924,456.8520022,43.40587774
20.90081415,67.98640936,23.41232168,85.78217031,840.983778,79.53514211
24.72000988,33.01278729,20.11095452,165.9634053,937.0359945,87.0049299
26.54399773,66.52132563,18.49007558,154.8364641,105.0555241,84.64393697
15.87478145,39.1591788,14.31963564,157.5336742,171.2786292,87.13650446
17.4600659,79.83499951,17.10800268,272.2467674,707.4780556,21.95546966
26.17284793,51.32696781,6.883276177,312.4515433,312.4600505,43.89841306
21.86334706,46.89323176,22.67845084,105.1293149,920.5344989,17.45718711
29.58346975,80.4533386,15.87554618,450.2102029,700.6717586,18.05411774
28.04583297,33.00864138,5.802701009,328.9882205,431.4621296,48.78273079
31.91208726,53.79652796,23.39804251,318.7632786,473.7541625,96.00877547
28.84985653,52.20021243,14.78603948,494.2755493,721.7942547,59.19113063
23.59862155,47.08802245,22.37178283,332.6647899,226.8676923,85.38450966
28.45933245,84.70525992,22.13775908,468.0316172,895.0706922,93.71839945
20.50762349,75.05570361,21.31503175,178.8156376,104.2945286,8.657535886
21.12626998,33.83538985,6.228060386,158.0582707,981.052258,16.20639902
30.7797032,72.88124697,9.941332908,282.4334091,250.8809323,29.08417802
23.92839033,61.63794799,22.51095745,278.8740264,767.9002228,61.6777068
30.96760681,84.05207366,22.97982112,151.9176423,135.9322363,6.17292185
31.44844747,48.77673704,14.16137725,364.8450456,488.2860091,78.66545099
32.15124675,64.44971998,13.80082935,63.33521866,667.2823141,6.378871692
33.33270472,60.04531648,8.502812678,360.7837126,163.2047118,15.84318076
23.61970441,59.37365437,24.36821577,255.7300488,498.964176,38.17078642
21.37733637,57.36632397,9.262769507,360.0533799,372.8227628,55.77198566
26.64397493,42.33776853,8.818735687,264.6862838,548.4192508,88.15046739
22.42344847,75.34259535,18.2145794,489.8002023,554.1188824,96.37297786
27.02148334,57.08016196,9.85688606,200.608228,806.7084453,88.4642124
29.11171725,87.5109765,23.77543222,492.1578217,211.1540756,10.70446577
28.76810037,45.64850563,5.218139906,79.23827412,174.4476409,63.12294853
22.49105774,70.96463038,5.115065246,357.6923486,461.7012099,44.17145721
18.33720403,86.44302478,15.09753603,254.3986431,898.7679274,12.57922181
23.61058677,69.80749938,14.7612492,419.9619315,869.7425677,55.51123713
17.85188288,82.27637446,8.267280438,405.3272314,603.9936184,35.66583056
32.8019407,79.64885759,14.89039126,410.0945823,899.8964371,34.57878393
21.91754921,51.60706293,13.2332221,92.63236969,824.8092378,9.444511871
18.08919494,66.0074364,22.80659051,420.0645649,350.1455141,97.88529657
15.5089552,39.37568039,5.185078404,146.3180708,253.0956524,72.59599002
27.91644773,62.13155296,24.5253961,61.55611874,371.0408509,28.03342113
27.73804635,43.82531831,17.48785529,147.9824239,304.4060906,91.74751572
21.81208333,74.6242089,8.036868913,265.6782971,660.4469134,94.80871963
16.43423778,61.68350531,5.935200276,383.950112,626.4092015,81.03748433
23.1925779,54.67364176,15.76211317,148.3846164,638.5936451,65.93151641
21.2243499,46.12782577,9.697803319,100.8533966,270.3731828,37.63766197
28.54241279,89.92190891,11.02331074,340.6852648,812.6764527,43.43465078
27.11558499,34.30263125,9.902643297,492.7541164,490.2634752,45.50112534
22.29187456,32.61364083,18.00344627,320.3916359,525.2067283,94.87626551
19.35785109,43.03544403,16.07057924,360.9758139,997.2656616,76.01346047
34.76071932,88.26434752,6.55948847,302.5253497,354.0446074,29.20143033
24.08003242,88.7542901,15.53053066,402.0567999,454.7242037,62.4640587
28.76548472,69.29566409,20.82379531,489.1119891,708.8168871,59.39005367
17.81105935,82.80640003,6.623891816,294.8581532,892.3717182,81.21269993
24.71179399,42.83770385,22.79477952,237.5557303,214.102906,9.530839598
15.5507344,88.32252565,16.56613299,437.1543775,761.5412258,70.12715915
25.10910236,38.56709101,24.01248939,486.3777547,926.4524734,33.11698403
34.28034814,36.06751129,7.962824354,108.1317384,480.6321521,12.96320407
22.68413426,36.73269235,24.87129999,310.1769345,358.0542306,73.17733311
15.77992025,64.3876754,17.88545732,406.6069966,709.9634321,33.16460239
15.61911582,76.85846404,16.34988399,290.0027323,321.4662861,73.01237437
22.7597352,52.00003067,15.30559248,234.1386357,445.8607719,16.24369501
18.20049873,88.67375927,5.473087462,344.8534195,907.2220367,98.59278245
15.46704193,56.06520829,23.79278383,171.5576425,631.2992973,80.34080157
30.12427228,39.02691305,17.87988946,207.1101843,185.4795399,28.9151786
24.17046018,57.95800489,6.83252969,496.5244965,396.7277783,74.05242541
20.78489544,70.74222993,5.419043406,336.4094005,664.5386486,13.57998758
33.00166366,79.93354683,6.015672785,442.8172842,533.3478734,65.34374522
17.3227792,57.5260974,17.18791527,413.4958309,694.3053851,5.96368647
34.11837658,65.61640956,17.2803083,343.5226495,785.2972759,33.33874598
21.27933435,46.04068273,14.99334584,428.3280871,532.5536082,97.84625453
32.76807345,68.75499158,11.13531641,179.2213229,988.2565177,12.09203742
27.05885753,89.15831664,15.63485463,336.702402,923.2064881,59.74240324
31.53414719,32.94321436,15.32603642,315.7715703,153.9166655,7.060538597
34.68026326,83.19184024,5.388311198,330.0888204,339.788024,66.94012115
20.76810876,63.73695017,10.64938461,125.8843672,370.4891611,27.8662153
34.22270971,45.12591957,6.063706829,174.759368,265.861321,30.99756015
22.7896379,87.2933826,23.00309503,178.9962435,380.8148527,33.78025353
22.71023809,59.00125818,19.50446326,320.8757732,482.3385696,20.51568146
21.80774209,49.9014151,24.9223034,487.6460962,146.3958811,94.16573851
25.82815215,40.8898577,11.04342527,479.330398,214.5702125,90.58318424
18.08290086,44.66713262,22.56971696,152.2352988,186.6212909,87.001523
26.07422971,79.9709425,17.06108536,187.1803594,141.6852452,10.64455467
25.83409625,66.86460056,14.06250814,66.22785153,533.3473183,23.34448385
30.23803625,84.79473717,9.451462226,229.4670154,400.4227749,61.22258593
31.67299924,43.91810713,19.76784331,425.6033548,941.9025067,97.03710014
23.80882701,37.26831443,23.08281498,462.0882825,192.4844819,60.48173823
21.04666499,30.36525186,9.706167962,156.4234158,933.4318022,32.71017617
20.18669795,60.47172226,8.507806699,169.6075131,177.8910557,81.74041112
18.89247673,89.89841582,18.9244383,149.3824174,657.2956119,13.54305499
16.15295164,71.69791613,24.53946325,207.5466054,322.9573036,88.17418835
21.84895958,48.50367552,19.99910202,412.1417294,844.1250818,97.46767901
20.40495384,82.61151498,10.69161478,341.0858614,155.3273443,96.76526539
34.32834772,76.90333596,13.39910848,403.673413,957.2573402,14.76965634
26.15417653,30.92490996,12.68635271,312.3639979,142.5314803,54.96075068
21.94554078,79.01162883,22.04190036,165.9798851,317.0019415,58.49190296
26.60935202,48.03160543,20.42741558,152.5973811,517.7662535,19.49185904
17.78393403,38.98040788,16.7795087,54.05031764,780.4520979,54.67773472
23.88087498,43.57985038,10.49918221,401.4419616,956.0014458,64.6537574
27.52468643,58.11478826,23.75977055,431.2045518,485.2381882,32.89617447
24.77795664,55.49207562,18.0663045,395.7271698,781.5790844,31.56807665
23.03557601,47.33323796,24.40953293,83.48092598,754.446299,6.023849978
34.87696778,40.33309933,16.60234066,392.9997322,614.0520058,95.68255599
32.60629524,75.73384738,21.42385517,70.59535392,721.8272585,80.3615928
27.46811916,89.40658702,21.26210759,97.51687957,134.2600148,75.94491309
26.38754722,76.66749483,11.74657554,248.2139178,497.4196608,2.177891994
27.4132096,47.75621806,24.28041446,264.266154,807.2746247,62.43091046
19.02624216,44.68853768,5.438829352,417.2533865,526.7990305,18.06285355
22.90275487,43.05995256,20.37421818,355.7871014,886.1541258,66.17175313
15.78919066,38.20170447,24.31114172,118.9940804,850.2740889,62.1155491
24.51092075,63.07983298,11.77816407,151.7660525,877.1014272,85.19253577
25.86049168,66.32402232,17.96221176,178.5538347,216.9970171,25.54340953
19.55499472,72.33015964,16.244465,105.6526869,319.7270121,2.746177895
34.28057694,70.81280226,20.23014619,179.4401989,126.6375459,91.41108794
33.18909222,47.53999868,22.32355843,377.86917,984.5206542,90.86360285
29.44286471,49.81866032,17.06089139,158.6306615,312.5243255,45.5859541
25.66773258,70.89087213,21.31809173,425.9118412,430.384001,7.808805893
32.39938319,50.96685845,11.24571152,261.2826478,347.4338025,49.79689888
17.61304688,42.75739138,9.571741174,195.3210926,135.8142606,52.40142208
30.81019589,52.46016922,13.61335379,235.588147,335.1322086,82.17254718
17.49641628,46.32504945,18.55473199,369.2735333,188.3760996,71.71014444
30.88421325,35.29876327,8.744938979,282.5567165,454.8547777,7.080457593
20.51535137,79.80833414,18.60704384,53.27539879,970.1417065,70.53376109
32.54181162,81.18668335,12.88187297,465.045731,728.4361349,13.57394685
33.88084188,43.18501801,20.91150548,79.69820135,736.2107108,8.947202705
17.97591939,33.88633197,5.736716342,472.379607,507.85834,39.86071314
24.2535121,74.32964624,18.35965276,62.66877063,830.1736096,7.736360683
34.61974756,42.69171755,17.99644673,396.9407007,917.4557502,82.92689938
24.66814872,53.60612937,23.81870952,290.6036187,965.3950055,46.3129185
32.27095045,33.84811513,19.26735107,277.5767813,189.0912005,58.70037557
26.77463044,43.57617509,20.92603793,82.75032614,891.6796078,57.68645235
22.50659816,77.5741367,23.09182032,157.4352547,302.5745952,97.81097863
20.71567111,78.26378681,18.50103837,399.8962927,457.5402118,91.57825069
19.06446182,42.42508949,10.8030727,451.0669235,410.9294752,84.91280588
30.23596383,50.15483071,22.39547599,288.1034065,707.6170361,38.32692269
22.73081014,38.05430515,19.95156239,209.0045284,638.1320862,14.50997005
25.22550924,34.45035782,13.48875208,76.97444363,198.1943873,59.18670025
24.8465096,89.53030287,19.21058345,356.9803367,804.5403666,44.03160751
26.54558058,69.33563707,22.35377754,175.3009748,495.6808616,22.55266524
32.31154291,62.52579055,24.51304263,74.75617175,101.999659,9.769211526
34.61478687,75.92991002,24.04703008,349.6332781,473.0529402,43.60932973
23.15168417,80.40462958,11.50655654,268.5739071,564.6984182,65.08677203
31.55037844,78.40288608,13.43387427,55.38296737,161.9872167,62.53898137
30.29055589,30.99236696,7.1907321,99.9158176,236.0217335,77.39214398
26.47057903,41.20847389,9.95088574,364.6408682,994.2149543,46.65546269
34.12094287,69.29431813,22.64842417,78.65209988,884.0758618,32.16395753
19.00949031,52.54556087,12.21699853,439.6833792,219.9946774,53.8700417
17.18528421,88.94895906,17.41105317,190.0968248,622.2784597,97.50060598
32.07923934,69.92428756,18.31931237,89.8999117,441.3189675,4.509053805
23.78299633,87.39293452,20.6365855,391.8908202,589.3663678,52.86658032
31.93937708,42.0867889,8.656000605,285.9922555,523.4816742,32.92645024
32.8618041,81.83742169,11.09626269,187.9880146,143.3340325,10.53502389
16.24915187,49.28113835,13.96672683,232.7442538,383.8782799,43.4670566
32.66929526,89.37388849,12.29682122,59.63557802,212.9685238,64.116413
23.96638111,39.46132032,24.65810466,348.2143419,540.0712831,52.81655672
25.20864978,60.98038913,21.69881606,214.59816,916.585048,2.917647026
27.53185022,77.57067203,14.59373509,371.3169064,995.9794953,57.91174645
33.52765213,55.95854884,22.58537252,332.6770157,949.8277616,23.20025838
15.38232189,58.08504361,11.95305895,343.0643837,987.1274125,34.1476555
24.53686937,89.18134773,20.71656648,406.80172,113.7216842,31.22047433
28.75444085,55.51848902,9.473511962,334.0211353,756.5022806,85.85133078
29.45413915,66.24432604,20.4464409,238.4266682,345.6539292,4.757301764
28.85064863,33.27237964,14.12906806,225.4674028,879.0561804,34.7996752
17.68870259,80.53260481,7.14998642,103.811948,832.3601416,39.48163369
20.98791177,68.89008294,10.46524909,400.7495359,481.3071183,61.88342635
22.17431051,54.24120617,13.04549248,392.4987988,525.9346076,78.89648485
31.08874415,30.9701724,19.98585823,160.8342652,338.5825021,72.76651377
20.57519745,65.50012924,6.459654295,438.2068607,359.9236326,75.26221033
19.21409928,30.75946971,18.1909399,315.051466,983.056981,19.23870163
34.14896038,30.07221683,19.32027282,265.4090791,899.9675998,91.17372737
15.1772657,66.96591373,18.0784274,57.87333573,272.6820749,41.41486795
34.95641711,41.34102404,20.21339276,222.2335336,347.9722101,1.110903095
28.53642598,41.51325298,8.56337232,338.3018457,197.7831938,66.80961821
31.56938599,69.19629395,16.7420671,90.38652696,989.9837047,60.4002799
20.89238793,33.22183128,23.82289894,256.805289,916.4888655,12.59576351
15.28630555,48.80433369,17.2156854,497.0461781,596.8881883,95.98676054
29.75739037,38.96591413,17.22672694,372.4423867,723.6037936,56.15644308
31.68289194,64.81058219,19.72879284,296.0918994,773.1522456,46.92639863
29.80952264,69.70590928,11.66408464,289.8647982,283.4301047,39.8122222
17.85700575,73.26815122,19.00951803,69.69428702,941.1997036,20.98513784
30.06855845,45.31387302,23.32467667,480.7914968,574.0684423,95.28128092
30.37845564,35.3549851,5.217909461,467.6799471,183.2063838,70.21586391
28.17081031,34.72101942,22.40226082,357.0821198,457.3743471,56.76037489
30.32231866,55.56909291,9.372366625,94.55524236,641.4819006,63.12002018
31.91842879,86.75066454,14.11846547,143.5252535,417.5408723,84.04204585
27.27208228,43.06374205,22.04695602,132.7592911,729.283985,63.5720281
16.77209428,45.40449608,21.47824255,283.8103183,893.8449824,11.4590729
24.75255619,36.05332813,22.83854956,143.5117435,794.7029119,69.72951588
16.55298669,66.33421643,23.80833585,363.1102527,678.3922181,56.48693759
23.15086062,70.79237244,13.94313914,295.3534487,560.9417333,96.63441077
23.14212978,68.57587249,18.12727622,57.94617967,329.0171372,73.37192147
16.32019688,81.66781458,12.80956881,384.8257567,509.4515485,34.4002916
21.97641068,59.1855501,12.01433435,134.9729315,363.6576164,13.53978514
17.21996198,38.06742245,13.63190821,421.1983039,940.621043,48.22805925
31.1647042,47.36430784,19.8615227,209.7704467,916.5800413,67.93542808
33.95376052,69.74579841,15.02881494,202.378856,240.243745,17.72755179
16.44632951,66.78731842,21.28119349,55.3178011,840.3581991,64.94442743
34.10230415,61.86018778,19.90436954,494.4780423,732.6232271,82.5611758
25.45153199,70.97786512,5.409569222,325.4019526,977.6905485,15.70501784
20.99131356,68.24345102,17.60476314,240.2285748,516.9759117,70.57857036
16.53724151,82.87949337,13.73142247,93.47963201,749.9569343,6.82576336
25.01248536,65.16098265,14.13257978,364.6166289,566.0955281,0.795008289
30.89031089,76.71608152,21.36746108,177.2287115,162.460447,3.263468633
29.14172955,44.92242936,15.95215972,494.7263683,142.0882748,63.15045776
16.00452023,70.69095508,22.71243647,477.7463116,209.9002986,97.33620527
16.45803671,84.1316471,19.25611185,380.8835055,366.5719575,77.13722521
23.05746565,53.14393967,16.05680018,486.9823686,333.2017952,25.440926
20.90580988,76.74625124,20.09075952,97.5352381,755.4940018,7.16886865
19.64768646,73.48735807,5.766981019,175.9619122,744.3304614,61.6654129
20.62008998,33.57157181,5.541673097,163.95948,974.2551219,0.322888515
31.06965487,64.89049858,6.666986538,82.40569631,379.3517429,79.25856243
33.58456107,37.81136095,13.7513065,487.5019691,944.6068754,24.31205258
23.10205389,88.03915033,9.709002913,76.98833899,651.5655431,29.9217076
33.12222004,78.68445016,24.68522589,435.5100068,545.7778399,34.39789871
21.42991402,36.58342807,15.84580278,395.6726411,701.05724,76.35529417
24.52873973,37.30511986,18.24831492,219.1401894,732.4799064,26.57418716
19.52057996,65.66843129,10.57640272,58.46331318,254.736126,28.44708939
27.80952084,50.69335045,11.43593817,52.74315724,776.5439532,54.09919382
34.5796223,32.09435154,11.70923828,141.7972283,752.655488,46.30005286
27.06986192,62.49849047,18.9747141,272.244461,997.7790556,95.55696888
22.15628168,53.27070598,14.47412415,256.0594902,920.7530026,26.33965821
27.95634892,36.06458954,15.35367305,313.3816595,716.1942085,9.189124327
17.45841357,78.11522354,16.84005964,397.3816893,741.1273418,54.09814746
32.77318161,84.90460592,20.37623312,219.8095767,951.3870705,18.45195787
25.06167902,75.39563604,6.80739497,122.163663,970.4604457,41.36267003
23.98699484,79.3453386,20.53747824,410.0220126,844.2686775,18.71979436
26.71729577,42.98943404,16.26470138,199.7108066,790.654191,88.09698887
27.49567726,45.81437706,18.3819089,179.096854,200.229241,32.74496323
16.43551612,42.51165242,11.5510353,393.9404173,847.2899723,77.48675053
28.65234442,75.90380588,13.18773674,470.3627471,327.8761106,94.86033931
19.83863361,86.87502474,9.623316393,461.7325769,607.4058664,94.05505802
29.27905265,73.0102324,24.58599995,111.8490916,464.8352234,52.48010966
31.45069589,82.88800589,14.94005945,276.4211691,411.0465706,98.32551064
31.07917015,68.32194569,24.92153832,91.79162768,379.2250013,65.59372184
26.05001935,53.25959403,14.79571956,482.4391815,869.8843726,12.84889367
25.40339785,55.5456969,9.395025288,146.8525486,792.2225086,88.83769431
17.85751923,34.51928593,15.14904793,138.8433086,571.1038772,46.86892418
30.50692301,31.88743171,5.791911436,449.9985529,698.0324445,15.26942878
20.42818761,71.72853625,23.09539603,485.5327498,986.0751553,79.14217554
24.93390846,56.30573352,21.37100502,363.9345167,457.7816222,62.44030076
20.68548186,63.13290408,19.51641041,104.4522652,595.9905454,88.21209716
17.67656726,63.45967486,17.19653431,268.6350247,580.1713413,82.73224633
27.59115394,46.6425488,16.59668467,417.4722923,942.3751376,32.01104262
16.0866407,58.55355065,24.93456428,307.6147327,416.4061758,25.6314565
29.97290468,58.2456133,10.55994868,109.6676846,987.6292752,73.38285482
21.35173591,53.30563327,20.59368731,127.3494873,374.2278522,57.33128644
15.00269386,79.240523,16.6280954,438.8637541,198.0163318,6.987481018
25.22258278,57.06984022,24.51761088,287.1631237,272.2361907,18.16377993
15.93703817,66.21867147,21.55606367,367.6265482,483.5992077,15.13534468
20.52339116,83.73120722,24.97050226,217.8781368,684.7803548,58.97968829
29.13952975,81.97401737,16.76649989,289.6185123,565.142698,8.576226317
16.25379243,83.42533223,9.090879151,489.6964132,438.6503589,20.77009369
31.78676985,46.20029979,15.07374071,198.3663666,605.8299391,54.53764958
15.07639845,32.0989493,19.22222268,353.6548374,854.9256487,13.30568099
19.93647738,45.66400799,20.48720772,127.6275007,855.0379249,24.82718158
29.81808112,46.72244074,5.01019978,104.7829484,753.6050994,90.67910338
21.32540299,84.5616196,15.10054177,402.6380501,957.2036124,69.71175185
17.03784776,68.95456397,9.704691599,429.8486945,631.1842007,30.6881428
22.20467838,34.90223758,22.49823667,350.7402629,106.8918739,87.73551224
20.40786573,38.12271576,8.058108881,121.1881269,361.8366695,25.02848083
31.85423804,39.34056753,18.32912499,158.2645845,395.400434,58.90827103
21.26695835,67.82530489,10.32124381,460.0290686,592.5934696,36.84943376
30.77864944,74.12484153,12.13084286,179.916822,914.4005242,75.21494094
32.8374429,81.57863463,23.81118522,418.4872323,854.3034672,37.15873559
23.67634839,86.43819305,9.808962508,178.67178,308.9556868,24.88616727
33.19886288,42.10227344,6.900055236,472.7581562,567.4512123,60.77046075
22.54636108,48.58634908,6.385698029,461.5038108,693.2337719,74.53404417
34.28156833,44.41937284,15.0923022,69.46842813,988.7603866,53.63636882
16.78579049,51.52569405,17.83422965,396.6862941,128.1725374,71.62882857
28.74038533,84.87990645,11.54587287,126.2577921,517.4895851,42.20162054
24.87628081,64.50675402,18.80519484,146.8722317,989.2977886,79.54461451
22.75297611,74.29151384,6.220674371,256.9303455,979.4852173,58.50246795
27.65423757,59.40715417,22.1466929,309.3431674,397.6538658,19.62499848
29.07714183,31.7314748,21.33134419,196.6098735,100.0150626,89.07517031
15.08726539,33.85172916,24.70992543,308.9225145,628.0611265,83.68239579
18.33906177,62.27538188,23.73009962,126.7962671,880.2449657,96.39122092
29.26092101,73.12734209,12.12394328,60.05194447,391.8675018,56.90085164
28.32770827,42.91983165,12.98550768,307.0509748,940.8429684,67.57409841
34.3209501,73.31457444,19.91929695,282.836867,399.4321934,86.35792362
30.22075581,78.63994641,7.681655439,360.3442838,649.181188,5.259133209
34.01545415,54.7138487,11.2802942,342.4199279,749.8414659,91.22046334
29.05081003,74.78515397,7.37081874,453.8688711,410.874188,27.11634209
20.96104417,54.24179702,14.09772898,256.7608791,416.9857708,5.704368169
17.10729845,70.70103777,16.0400856,53.76626361,522.9953467,23.76069868
30.63647727,75.83982296,9.223209399,333.7937067,851.7010853,58.63599634
27.88298443,89.5155971,5.532633738,353.8095933,190.7656908,4.784699874
15.96372025,50.72379972,19.38711664,284.6727452,668.3314469,0.076476632
22.20100932,54.66244683,5.400103289,360.1871916,709.6131364,63.93626731
34.13599631,39.93720356,24.46805218,195.612716,602.085484,45.33873474
25.00802291,42.2443835,9.432145135,116.9637364,942.2545486,84.4330251
23.65458272,71.60370016,18.27800184,349.0491488,641.7916452,25.75472869
24.1539921,85.02273541,13.69503452,160.3338931,671.119076,28.07076043
19.17765448,53.6762971,6.193477207,255.3421592,639.7840251,7.754640391
22.37414342,40.79066681,14.44367213,271.2302288,749.8168974,53.85116799
22.39626512,47.10596996,15.33521269,264.7397977,221.8684741,36.59043899
16.0471004,57.30310229,22.09366416,319.3021147,904.8486912,33.97078485
30.35135257,47.43901976,19.64698139,63.25416902,138.2430906,45.76326742
23.33008864,44.01474499,6.586049495,495.3571227,676.669564,84.96873768
31.44359774,74.15906933,9.183253669,372.3397133,653.932839,10.51885959
32.00696002,30.47069527,11.23775368,241.4245018,287.3090147,52.35936275
19.23988109,62.35383164,7.328153729,136.0985136,136.6398763,19.64350037
28.14706964,77.62600842,14.13798142,86.0797951,224.9518573,21.23911974
24.44563608,45.97369718,24.68618382,352.4856893,344.5048495,25.6735212
32.60313476,66.19749064,15.29225582,192.6300267,893.8951215,45.94016927
19.31481358,70.13400634,19.83764337,153.2653062,870.1609638,49.44000493
28.55626401,69.30148178,18.65875595,220.9794742,157.4700168,87.15112616
27.15504245,56.75097805,21.9982287,316.8153895,360.3412072,89.21121406
20.90602955,50.79467927,9.314469809,352.2673475,900.3846189,58.6664203
17.73201807,80.15544438,20.07652523,340.3265312,312.9931256,28.14041557
28.03279521,75.50675742,22.62710481,438.4695126,996.3687734,81.84369909
29.77194916,49.2753104,8.43019646,148.440844,331.1561762,79.28819935
21.31254688,36.18115167,11.9360444,336.5357734,765.201931,79.79534327
27.89665208,34.30845273,24.40203529,95.50146928,475.3532562,1.63675835
22.90261815,35.65655867,20.61575692,296.5706105,222.6200968,75.3863858
29.26413767,64.97216167,10.65181665,312.7812811,329.639152,85.27194571
18.9843055,33.09973055,16.27883539,147.3067845,707.6062681,60.50329383
32.80430005,50.2156125,13.08652246,226.2619085,403.3507618,75.12441979
20.74819193,75.19198211,14.79930353,422.2368003,643.7153985,77.61702068
22.35571976,47.66088999,12.10332383,116.7840742,284.9779385,50.65834057
16.16183904,75.79848463,10.58662037,245.5277889,503.722875,81.36207162
17.23024425,74.72802229,18.49526083,469.729882,561.0212023,79.22909735
25.31723805,44.74962796,20.5708363,276.8490175,471.506107,91.6104357
20.35185353,73.72933081,22.47914245,376.3101703,278.1262282,92.13736321
31.70960451,74.8665983,8.106599346,422.0897178,515.3981721,52.9714583
15.29386777,53.84723554,21.45711047,141.6984687,723.6105045,3.149384008
22.58188097,42.62522902,10.09601649,148.197756,968.4150965,1.910690645
21.74691094,61.27624841,13.5467278,391.3661552,810.5694584,93.89267016
15.38655262,85.28385528,23.02887372,388.9880322,245.3234334,33.73610859
17.48736798,68.37700395,14.09007202,77.08249429,345.4316648,37.75332031
23.2728535,40.37534986,8.941270681,195.1242083,170.9415059,46.99080294
24.85729169,70.96541548,8.197373105,229.3396214,222.0845718,26.57989972
23.08579495,55.63218164,14.45967533,423.0681816,325.6146684,59.04141948
25.61875357,65.49172784,20.25344848,239.8380149,279.5746297,78.46203916
26.9026335,74.0438421,24.94410288,466.6680007,292.2843257,25.7341637
15.19847642,60.89684109,20.74817257,498.4734997,307.6932038,74.30612578
24.28190319,78.83903847,22.54023918,401.3267746,370.6108262,67.20191433
34.26998482,73.32933476,19.95664722,349.8740103,213.0274618,52.55834628
25.3806456,66.9044004,22.90870202,226.3537247,350.0514854,32.5442097
28.55084535,39.04756895,6.525870866,80.16775072,719.5706446,87.27744596
21.23727716,80.15694665,23.59863198,307.9124404,312.7608998,40.27960717
30.47982756,86.15433512,12.92812307,212.7672075,254.6545849,37.46630682
30.45842964,38.21790743,23.43228447,207.9041341,160.926096,64.13708514
25.42592095,59.29446777,6.514656749,359.4691637,549.9743376,92.03316577
34.52027647,45.53332452,19.30485914,258.6377114,857.7844551,50.80179187
17.5110043,75.27139845,19.71377497,388.4422301,153.1149798,72.26906636
15.3389533,73.29777816,24.93821779,229.1779502,588.0934245,45.68830249
30.40316424,38.45310723,20.37710541,117.8885235,685.5570239,21.8807651
31.14311075,82.62163628,12.65147412,257.6063868,633.2154911,12.39523263
17.40414458,40.85838384,16.14497103,477.9556314,889.8608832,13.63264365
20.31165666,77.83554154,12.33101876,410.6860831,879.7560222,2.132571586
15.35104727,57.41882158,8.920372906,142.5871648,151.5768333,55.29022771
20.86617222,49.69633761,9.97004655,226.0852257,424.8495723,13.11059794
30.46283748,39.49435576,9.440210685,467.5064428,703.7468474,86.56983409
25.35921055,40.05685537,15.9763066,105.6645764,957.2001899,98.28975247
21.96191186,69.71343328,23.12321269,164.2776088,824.2163168,49.58687268
22.4347859,63.02582328,23.25453252,168.0001906,258.9303795,44.9673946
15.02707251,37.3251253,6.095275551,306.919794,351.287954,34.80724754
20.99601055,36.76187163,6.597988019,234.8299939,787.2344773,63.80269455
27.92917483,34.33863449,9.902381143,85.9418033,524.3273625,60.8027092
34.48388888,74.62604084,10.10118905,333.1316546,592.5721978,34.33821209
31.94121654,72.71292511,6.897783505,94.58503903,648.0818382,34.31666517
15.47189929,33.50585945,12.76926682,322.8867194,192.962366,64.48038333
32.97121209,63.61620454,16.75450785,278.1537711,870.3658301,55.45461822
30.66396827,35.08056931,16.56324401,272.1508973,876.8209954,71.85554277
30.60752247,84.22474624,15.86859363,80.37331038,521.4154997,94.13923495
24.15991518,84.42704515,11.7734385,337.6492011,664.1606967,77.9591561
22.96010586,71.89397939,19.12911371,244.0941164,693.913708,30.4345708
21.05831458,85.57133529,21.52967882,234.997755,270.7503263,75.91224339
16.31389718,78.68718182,11.92548533,318.4031284,201.3263456,45.00245273
19.56470727,79.71231456,6.710707186,322.811627,118.6056518,77.76563907
19.9320727,64.18247103,10.92660502,56.76498309,921.5936441,88.65712706
24.68154139,48.36355189,7.747373091,106.3516555,411.1419601,24.99393491
29.94888813,43.06794691,14.34717454,156.4331994,177.2478415,23.86450115
24.47619657,49.63200132,8.118703026,355.0898,519.2199806,43.26249083
16.15688899,67.70972581,14.25689515,309.5335072,168.062602,5.153387365
34.15579602,40.35939215,9.420057846,390.9331096,176.7256775,68.56859393
33.85448638,45.5184142,19.77462211,383.2735125,539.9968111,74.97010796
30.70379086,58.08365177,5.551364817,433.9322911,557.9529937,34.54300053
34.82655803,43.98300591,16.09492608,219.5666876,622.1287768,46.52852531
25.88964666,65.31862018,8.389765498,205.2787398,690.680332,59.03565871
34.25536701,85.39056171,5.019837289,423.9569314,701.4406332,7.359784602
16.51210081,74.88536194,22.38400176,156.9206902,489.6970188,71.12975339
22.31361497,69.98559685,18.43055576,257.5275682,679.1797527,52.67016707
19.50762536,64.96328856,6.978856441,137.4465434,374.2657806,62.42622822
18.91666168,59.27687456,18.28144735,461.228334,497.177372,72.38305809
17.81605898,41.19383158,17.23294665,233.5113559,453.9943437,67.55587408
27.44827283,83.68262733,14.46713374,145.6191042,396.1990011,9.532158869
30.62643711,44.91216012,13.38516197,361.4060258,314.713743,78.25920761
26.56596799,35.47853265,22.74139526,160.0901052,170.6131005,61.00465818
17.93925419,75.00091075,9.902960398,474.5766214,555.31943,71.4880842
31.2224754,40.53693206,12.96620114,215.4276567,583.5593676,26.1501725
27.71909414,52.31375997,11.58230826,349.0883204,402.5395397,22.14272192
22.76331412,31.6970957,20.42402058,205.360219,978.2594767,82.60922779
28.48260591,38.22407655,23.32930612,413.2605123,601.2650893,39.03891849
20.19809958,40.39221785,21.99563397,453.6152335,900.109467,57.53467224
21.90384417,33.26460767,20.95407861,404.5632617,613.0767786,55.15954724
33.34971686,69.3994174,24.73579891,431.8245584,270.9242677,58.51668225
20.81009011,80.22046775,18.94289101,95.84637257,977.1602856,6.950642747
24.39976536,52.39892438,20.02107582,465.8291047,896.8015094,30.24736456
32.80282275,82.4745886,24.65605079,330.935328,524.1463106,6.648053949
29.15442701,42.80079447,5.139815708,441.1478895,318.7521026,48.01609753
16.24406452,49.52342541,17.68096753,357.9965439,300.4026546,90.20986804
17.94606089,39.04421958,19.77943064,140.8314508,825.4183844,38.91761833
15.15683182,67.23355173,23.35654108,324.2997957,162.2067503,78.24497539
27.6184358,55.19217545,22.67688608,90.92580788,674.2543433,28.72463589
23.95346851,66.79700081,21.83921362,363.0753636,676.1214312,85.6265772
17.68549702,75.70049432,23.91582544,234.0505135,264.209093,41.95031089
34.15868242,62.74218096,15.74758376,118.2799279,734.4211316,35.52174157
25.59319448,67.65782129,5.138401912,490.6534171,734.8656603,69.74796045
19.83786588,86.11501886,5.221087974,455.4879909,415.0277807,51.27572823
25.01207142,47.94385858,15.89278111,452.094671,535.0383214,33.73200447
28.59240665,51.54983632,13.70544478,404.9691379,849.487196,5.809222948
16.52478436,73.0622017,14.02490107,361.3915063,570.8379461,16.66393238
20.4940763,66.67833102,13.00809474,344.7857661,656.3413909,77.23237171
31.13930982,40.71197427,23.35451618,97.74222697,471.4926854,92.07317076
24.19329741,52.5688386,12.18340702,455.2548059,234.6391802,16.88382848
25.93154284,58.07028079,22.12453884,446.5077783,998.2599685,56.94412215
23.65632004,55.16339028,23.05729588,386.5336819,578.3828683,3.417369394
15.87799885,40.6964885,14.9900354,467.2917316,402.8018153,29.08434572
18.3149956,85.46580551,13.93876075,298.8875531,742.4085934,44.8787959
23.91083277,75.7391257,20.22041208,251.4390506,658.73959,73.58778673
19.18370931,58.88134993,19.15943015,485.576331,309.6174523,4.410785347
15.99958057,70.8036617,11.57070233,258.8590345,889.2329495,78.1230651
31.87299328,83.83696033,7.050962518,338.5959985,163.8126432,20.26477643
34.62385058,38.17044854,10.297048,217.8779661,645.1284267,75.9531771
30.86285748,45.02238304,7.620570116,336.3468017,530.0996423,62.54708118
32.07569843,62.56207484,10.89464552,374.044548,386.3785724,33.95758369
19.83954261,77.94062228,10.23643131,331.0949864,843.7421154,72.37514808
34.21253951,32.17529373,17.75422848,281.5533235,690.6493669,23.63225838
18.93851409,89.04108901,24.08992057,185.0498589,783.5495472,21.9727959
34.02859621,57.29439617,18.71487465,339.7305543,473.1928684,6.174475817
34.89638588,51.55386844,23.53298816,458.7930029,948.1584982,39.30771738
29.23445611,47.56346627,20.68264517,53.11066603,410.2510804,9.77066311
34.62287464,40.46140246,19.55755244,110.2680623,577.940432,41.95009054
26.39079559,77.49443454,13.2812388,103.8979213,940.2851006,0.980357608
20.19083566,87.32484988,11.49589006,465.4423863,174.8700621,15.50833472
23.73991771,54.81868529,21.92554745,348.23646,197.9293935,93.23719407
26.87121871,87.14524169,23.10786466,478.3046479,994.7689897,79.55618162
16.46163124,79.42785693,14.03764987,312.2659729,974.2520413,23.61635907
27.44686529,58.86306765,5.181261964,257.7798037,794.5314453,71.82920071
34.62355674,70.44157075,20.85062118,406.5543103,535.7694485,66.84817911
18.802153,56.09905075,10.70137681,122.4240204,555.4547638,17.6925614
30.85190233,63.52340449,5.1977573,221.6021523,331.4915862,37.1058527
33.15797588,33.48278022,21.09977118,259.8234082,489.4579325,91.37057426
33.87403186,71.77580852,15.34828378,184.3062775,488.2144401,73.87178832
34.20271209,33.16947867,18.70421493,217.0785256,132.481017,76.03491963
25.42919277,79.02509682,23.29379642,85.14733412,507.8423872,56.38860337
34.54615816,79.49681577,15.8234766,139.0926153,531.8149677,66.55397987
30.14620414,44.22463725,15.06388145,200.9735241,699.2048568,50.87384763
18.23342872,49.41976686,10.81324243,408.150695,564.807622,74.08938033
24.53800213,58.87862271,11.10387669,132.1238097,875.5146391,73.27276454
29.36662351,65.79977442,20.93084132,205.9881683,430.8056427,3.108318757
19.94680632,47.2412197,13.98058491,79.21412969,468.7458321,63.17743926
27.81230367,65.54918428,8.270524172,300.6969552,614.3342623,62.98136637
28.33200958,47.86722439,6.89057528,325.0628997,282.4504521,6.73199656
18.25399488,33.32944326,14.45840234,439.4824086,454.148277,41.03812652
26.30170625,30.15165299,14.29910047,418.6021993,717.5507246,89.87891236
30.43253822,36.06906348,18.06916556,178.4200796,470.6278653,95.34388247
24.97791329,77.53504201,14.42134955,111.6291601,915.954859,78.22109477
15.24206234,87.68587874,7.869514083,120.237432,653.7704688,15.1471189
15.18076938,55.61797196,15.1560577,486.0337744,238.3909749,37.47199568
22.14058688,60.76103721,23.13578808,352.9516163,538.6999069,18.25533492
33.52388137,38.81089014,8.188828232,69.15685451,788.300871,65.21361362
19.57353559,63.06188116,18.79509282,111.5506648,679.0106488,77.31444513
27.68727378,38.67929412,16.8771853,268.6100293,896.7372163,88.37657186
19.44151741,66.67285987,19.97171453,143.5229619,774.9846069,86.06484755
21.43339979,85.99552005,8.012005469,411.6465433,155.4523953,9.920992766
31.96084179,41.74191236,23.83210674,307.9477029,201.2613843,12.5674007
29.57722885,75.87382308,17.41932856,325.6844935,684.7738289,90.96718129
16.90798555,31.41014537,21.94142275,258.2714966,314.5671627,84.37844319
23.57404042,52.52983448,9.932135274,165.2282489,629.0514124,46.0378165
15.58339527,36.64491047,19.78825779,315.2316259,812.9958329,43.00520918
24.61780293,51.1485265,20.62061409,372.6365208,619.238429,55.27996749
28.24868023,40.41221518,12.94870545,216.9266349,473.939713,59.66358499
17.37005247,52.39829941,12.67906906,277.2246338,681.64328,25.42165604
20.77769878,55.05136837,18.1559253,427.8577867,229.2574998,40.37417635
22.95673251,48.03546737,6.868153635,116.9067928,750.887196,61.96929641
33.39062049,69.39731697,19.712483,295.3509887,727.3226023,20.62673861
34.86510031,85.13112308,5.857735197,206.7856978,562.9630285,99.88332376
15.89822598,54.03572245,8.811806022,366.2576412,350.9321455,28.29394523
30.22015847,41.54058939,18.28287514,58.46460942,817.807408,55.2415278
22.43448133,46.24336549,6.966473342,351.7129849,559.4952729,55.41595937
22.84916372,81.24004941,24.43684183,96.30398031,153.2592153,45.14852284
30.08529947,64.2983834,22.36792419,79.14548885,926.7512967,24.15434567
33.36852864,57.30066194,17.52604665,376.0804854,790.9447928,56.53530723
34.01857189,38.97820329,21.38114911,338.1539688,626.3246329,9.101441535
26.54245172,56.9836385,22.75160097,452.7211689,493.1429656,38.69261133
22.14242319,46.7095202,10.18951299,283.8447301,963.9097282,22.4252195
30.75098172,86.58978767,21.98823176,288.5109915,797.5185168,12.4177774
20.02002767,83.04420656,8.895875673,368.158026,581.4937606,92.54829309
26.28148058,35.03415251,13.26684528,195.5289094,687.8385057,69.99429149
22.17156923,60.99920936,16.16519262,66.61060494,352.6753616,16.88288823
28.13262147,43.50350073,19.27781926,153.5206216,276.1443485,94.93958606
19.80797826,54.64662537,5.602826354,157.1060354,345.9875926,21.59921081
18.83185891,82.6108799,10.81018826,201.0464826,363.8224894,23.56132638
33.36478173,61.65087119,17.17038196,474.5582299,765.7646056,13.32703755
17.03607366,50.0529176,12.14737358,412.1792594,226.0549366,72.78531354
25.11915815,42.47330125,20.50050111,471.1803103,799.8284815,57.08754326
19.41705566,78.01949156,18.03304322,499.3743156,571.055782,5.825113241
15.77859927,67.47108092,9.688029074,245.2005518,446.1157939,2.529994941
15.72037637,58.08392763,7.918579592,152.1829925,370.3564986,53.26594878
18.50443544,43.04906123,17.58093987,302.0018726,561.8805441,65.15311919
32.33540709,50.05478245,14.00934655,446.5104863,385.7666164,82.28736165
20.64957488,87.5906056,8.379140822,259.5793375,486.5067932,47.82729242
34.00918341,61.20539626,11.52748411,277.4296862,765.1137607,67.65304788
26.63244586,54.04195687,11.06093497,110.4975977,663.3986557,73.3655661
23.7322838,61.28532254,7.162639447,239.2049717,773.1841388,61.3052693
26.60177669,76.73931035,15.93818039,224.1476644,741.6763207,35.22162524
25.3339677,50.40653619,20.27297268,208.2598263,833.565244,13.1895483
30.17552508,40.72236726,16.50933778,449.2844015,281.5209637,64.75385445
20.64992132,65.0961671,21.5258273,76.68564495,995.6106995,76.86963318
22.06100783,69.91224621,7.551370944,487.4662323,528.1934049,18.98271187
32.88188605,72.76308018,13.71223716,53.71107137,746.4096443,49.48667191
33.92913026,82.91925545,17.18830207,475.5173063,709.9751467,39.72453848
32.85116455,52.27044724,18.52003122,296.6213763,609.5350762,20.57030755
23.38895988,34.52129377,18.91572613,366.10036,996.2345967,24.53131499
30.60731006,87.50091502,19.57930854,134.2097824,295.5842647,23.76741483
24.52671467,56.10071565,18.02859624,344.3951926,479.5559806,41.89309545
24.95079704,67.39545058,6.884561779,446.8809508,214.9575033,39.04619183
19.09360218,69.97831939,18.90611355,112.7660629,263.6519248,55.41787322
26.82260607,62.79082252,19.49565314,107.1867255,741.6676572,9.321068986
18.72271796,42.31545178,24.86959869,186.7900591,104.3584109,58.12503359
21.63129398,75.30858301,18.86724873,122.7766516,900.8385862,2.184608829
32.10060403,78.22511846,18.73660792,99.79063164,669.8660349,25.73751283
19.14151618,63.17853516,15.2962658,355.2435662,496.8145483,50.2138014
16.4231657,59.31366964,22.35845817,146.2219763,398.2249965,68.69363034
16.38015185,36.83629099,24.93669524,350.1567047,213.6466437,77.12656236
33.81569041,35.03709969,20.5808974,437.8681522,929.4063278,3.556131627
25.13840876,50.37389073,17.25000756,343.4111561,741.0900925,53.7486888
23.18824144,48.65076933,6.579096539,103.7151815,402.753699,35.44365925
31.21757162,87.21938706,19.53478263,308.1099083,163.8425615,69.49089203
31.71651856,77.01736455,19.17123137,227.1329079,393.1145484,28.37797621
21.64382066,69.59545772,20.51136296,204.5169215,266.1708653,74.37236296
28.87236115,61.05888534,7.491107768,193.3391609,807.6459819,60.22369078
30.42245632,40.04205184,18.07465,468.2445007,747.6388163,78.96723837
28.09301374,88.70740033,10.9144781,384.1283555,548.3445646,98.43939581
18.0319015,52.50244189,20.20542487,110.2319553,897.2569928,90.85859772
32.51766167,36.41553615,9.807479081,264.2024659,262.6126193,59.32901948
25.78189105,59.62793374,18.67957354,193.2003839,506.7690269,89.37621774
20.64944853,82.4398807,10.89985894,490.0722406,739.5582736,15.30898129
23.50456371,83.23746011,5.179885856,490.1130378,161.0221147,4.303515692
15.75142181,30.65795496,17.66715824,193.7905134,435.4096248,53.31332499
17.55733602,83.17774469,7.265381663,208.4509023,614.498322,97.43697761
30.31093501,46.28905305,18.18582946,319.7363932,430.1231849,70.97364474
15.0002327,32.33834184,23.51218897,265.6881564,532.1790903,30.51424036
23.33131657,80.86741622,24.38491868,145.8953925,647.3065144,66.87713528
25.45020362,81.83200536,9.718461747,347.1854751,431.5515528,3.99077131
16.0926884,65.77386479,21.18506455,200.3578897,195.4129203,47.06196207
34.46156326,64.46602544,12.07106554,344.1724242,225.5000476,23.72556834
19.52250662,78.78721636,23.00914145,222.656685,574.3035726,4.919815156
21.08397439,77.17857316,20.74979137,365.0944522,257.2660231,24.99103807
21.07885025,83.40632841,6.478434333,350.5097619,900.8503049,72.24604313
19.60833324,63.16484686,13.14273988,278.9657402,850.7671166,55.11887823
15.02947644,88.05882556,11.74635652,367.1329958,414.1288621,2.343489829
29.58689588,89.76880986,20.70362041,257.4345543,847.8884548,40.97377532
34.33691,36.9926766,13.20571421,102.2622348,579.8690473,75.21711045
19.48586967,80.97262557,18.69176795,131.947814,243.1458357,95.46046936
28.26094384,59.98933546,17.04870511,160.6969104,652.7906691,87.43575709
29.83792654,53.2539803,24.51277438,78.4530177,711.5060055,0.151975123
31.96850758,66.78433859,23.75569914,370.1215493,175.5024206,21.8701997
23.45258394,33.35793344,13.55399029,215.3256021,383.0077814,20.77368842
21.05861811,60.38766713,19.47156423,92.08548335,104.8455889,41.309463
21.50590268,82.2534342,21.58920188,418.9811543,384.785923,64.57545645
29.25242666,42.80769097,22.97771508,357.644428,401.9007996,15.30690609
31.33558933,55.58339369,6.362685276,253.5009067,667.1877641,91.5678694
18.63227936,86.36885326,11.04157599,161.3414008,279.1389517,77.71169148
22.41882016,55.71383027,11.40460082,118.2856522,127.0818881,41.93319373
33.03880393,51.50205794,13.68891902,256.2683863,384.0710801,58.39934763
31.13387039,56.43219889,8.385295014,448.3605844,843.0575916,54.18020053
34.69716806,61.16716599,14.9241176,134.7778955,459.230685,58.22300557
30.08496519,67.91948065,18.26428655,305.896653,473.5843929,86.01152537
22.86390402,78.04156806,14.9472784,482.7586979,522.1248066,20.01196395
26.81275668,57.12613235,18.3158619,336.7024586,776.6099477,68.37139687
28.22028508,79.04885611,6.328832636,247.9841286,532.0224031,10.70328001
16.56911633,62.02323968,22.51974663,372.3678378,182.1544773,45.91639748
25.88993918,50.30883062,23.78138384,421.0600636,285.7598196,63.58388689
29.18641657,69.47704969,17.35814848,315.732334,269.1076303,1.250166115
18.34642608,73.06333528,22.62781997,442.3245615,557.0769866,10.8066264
30.61263435,63.48293854,7.628920333,281.5662917,126.9365186,9.126676942
26.67545561,33.39689839,20.9489784,423.513051,355.2549477,37.46926076
34.04443571,40.19297251,7.382963869,478.4086582,646.4754469,62.20089569
15.84844596,47.11786325,13.16020463,275.5595602,419.185608,99.59650305
20.30652275,46.95753636,11.47637069,322.250772,736.9409426,25.40788853
27.03107759,70.40524801,16.7118365,324.2603943,452.0992032,13.59595315
20.93119824,31.1009197,11.0302907,401.6456886,981.3317755,41.47626484
29.28848328,75.34090662,17.74627259,420.3346281,968.8206584,14.59754327
30.18010565,45.92054849,12.34774578,62.25319229,819.856643,2.45445426
17.05031928,48.60131077,22.21580762,380.0118038,958.9514752,56.3959059
25.27708928,61.67458968,17.6776768,402.7168601,284.3004175,87.95725132
25.17781111,42.95553606,9.305965946,365.1932478,775.8308492,86.08501051
22.3856154,83.06827881,11.72258844,371.1630467,389.49277,10.07885728
33.65849725,35.12212676,21.94841775,68.63128663,752.764887,14.74769153
31.5501264,56.66294174,12.729595,248.9173979,436.5041155,49.11209932
28.94418764,80.96533617,15.71598131,418.1808424,360.4785938,36.77165201
29.28653271,66.95063367,17.97883872,470.3032136,962.9155857,70.30745428
24.23432288,47.53977095,11.95619299,153.2605643,288.8968976,49.49410002
33.41989042,55.24561247,10.87957262,310.6377232,782.7117351,2.011817869
28.89190855,72.40166282,14.50509805,411.9486078,707.2049469,28.45641783
29.57962123,88.3956446,9.297619442,388.5834393,373.1298776,90.14918707
32.23381808,83.5883231,10.68421174,328.5005526,512.5087157,51.15088269
20.48143179,50.5459685,6.241569681,58.41103472,228.6487863,79.79487517
31.14141808,89.89187276,11.07940552,375.7486281,929.0877439,40.22960993
18.90481206,30.21027981,11.41408187,397.9591265,971.3078214,67.69636478
21.90683904,31.65778535,24.23666333,375.282278,759.2167286,16.90032172
21.71220909,79.43043091,16.79457651,394.6141227,864.4783094,73.65332672
34.57050937,41.96776121,20.74764851,243.9117017,174.3556877,78.65810464
32.13074447,33.6461561,5.907545056,497.1884657,445.5717562,9.014025912
29.02339723,44.22888439,7.130733872,396.8541121,397.7300034,18.33107431
29.54113523,55.56600924,21.29073922,310.4060024,608.4564091,46.28892736
26.24145589,73.83397623,17.47099099,470.3860714,265.0197652,63.74367364
33.94181334,67.46013159,8.819640611,458.6892528,607.0431886,63.74913346
24.92517506,44.25727305,13.09590812,416.5551794,688.928829,66.82029806
22.6103542,60.19622689,15.77345,303.6627135,219.1177827,71.4415247
18.26070674,85.57284632,21.87219658,287.1954586,218.548638,50.57666377
30.72411305,78.90046662,6.208239834,197.9185694,131.8810509,57.48554893
29.68887864,49.39138709,16.93444579,162.8950906,784.8032047,0.840613381
22.68710077,88.93587368,19.34071843,280.5617826,397.9076832,16.66007053
15.50386828,72.51722403,24.55783716,310.0017928,302.8784102,49.85640421
31.77994655,33.74696134,21.14320157,160.0368942,800.2849555,74.55930581
15.22835967,32.1096428,10.52454627,465.1705596,228.9301211,80.89249
29.07399559,40.10447694,19.19158388,300.7732985,484.4650844,72.89436921
34.40514219,73.67135208,20.2655577,286.9273964,770.308008,48.64027233
23.75322656,41.02433555,19.59471,246.0372748,616.4490858,28.12775478
19.6994681,60.68920615,21.40288136,76.13208307,598.6001291,44.47161602
29.0974202,35.59560721,23.07459952,447.0806005,241.7170696,0.929489809
31.34256284,85.25316947,6.96859738,192.6474019,262.8394551,59.79594561
25.92860632,50.63763682,7.095277154,339.1071505,624.3029145,7.456690411
34.34070551,84.48792339,20.92799978,323.3451015,121.210175,14.53900949
16.03337443,86.69253851,10.04744953,313.0190714,882.2061901,62.59766205
25.09591197,30.36771884,6.170828439,286.5704909,415.4237206,1.334867235
29.36907895,57.84811123,13.02458362,131.647925,474.9545953,57.35553333
32.25280942,31.47936334,21.39753824,176.2725835,332.5891013,63.83800873
18.58511224,84.52156598,7.531300476,285.8846321,889.0039893,78.82750135
31.00006964,61.10445268,18.43683944,405.2041032,678.2536655,6.803052796
26.05414151,34.49664076,5.072317235,244.3950368,504.9176221,0.29316634
22.93107364,36.6166037,7.194748944,141.7651489,626.7779161,76.68578939
17.63430057,53.01054147,12.01700692,89.57499116,442.3326364,29.00538792
32.30591518,86.41405157,6.67204562,348.3549516,519.0242305,88.72052215
18.14546416,71.57454909,21.91803335,240.5029868,421.8689741,18.49685941
21.19575718,82.05713197,22.28141006,106.4169017,469.6073148,58.55057553
20.80091064,51.98739878,20.11141406,353.510096,383.4788896,10.94096644
32.42828068,32.59282197,9.849592628,143.4104289,169.8769698,40.26901484
28.45405988,88.45905823,15.4649415,279.0572217,133.6116503,88.2064395
30.93362794,31.03037944,8.68377051,187.7845888,256.6955838,60.83475084
20.00935798,86.85909918,10.625569,469.260529,326.4739694,68.96170358
27.49748199,52.12064543,15.32010584,152.7296298,901.4246745,22.59703304
26.43491966,30.6054243,19.70027617,238.9633347,650.1237891,92.27509204
31.65660754,71.3494339,6.893087608,481.7721186,962.4674527,62.34824403
33.12174121,88.83241824,10.93393395,193.426331,405.6821742,10.58854842
15.24313543,87.93754337,23.53242697,340.0669234,461.5642034,1.555224784
28.48039838,39.65622067,13.58246636,192.5271697,747.7779048,1.592251651
16.03671598,40.87486836,23.77739348,99.8037406,620.1118699,5.121179222
25.9771733,63.93233488,24.82801083,332.3962547,575.0920723,91.16158623
20.75265458,68.23828959,15.53319652,462.2141909,618.0076374,35.83787297
21.13553199,74.36507482,10.7608802,253.6541003,625.721781,29.82325275
22.05917007,40.86302163,20.81553617,331.7794442,789.1663818,41.65457233
27.42584898,87.54042521,8.186214711,324.004286,701.2738246,40.95715802
21.68099931,68.32435538,10.04093719,236.7903662,961.5828238,23.84932757
29.65398101,80.82281513,20.69759819,326.7034874,953.1667163,9.182800958
23.09054771,62.40394292,13.67291849,166.693138,479.7305647,10.86265926
16.36706401,54.85661086,9.03075874,220.1170571,132.1503486,59.91886982
30.67519685,88.6309744,18.0225149,249.0434854,109.967304,39.68350516
20.71516649,64.92728225,19.65523723,438.8039076,210.8740644,90.24553879
23.65533759,82.01241497,7.501424789,206.7498027,167.407659,46.37367105
28.70887766,87.19754378,10.5396052,335.8116717,436.0294441,50.34915757
21.64912314,70.52127762,9.425535107,146.0317268,147.587139,92.82449813
16.13171312,62.93632071,12.59709258,163.6563781,662.4226325,50.16407395
22.47842094,30.21065105,20.26889791,341.792994,271.1568034,50.19819776
33.88897165,32.40117844,19.27416205,393.0394673,562.5687867,36.31629803
27.83468795,42.05107296,18.25047821,257.9527294,192.7709044,71.04118604
28.42958297,41.16050591,5.125710917,200.7948635,844.9561592,39.22276682
27.64564307,45.28552771,7.842866268,459.6222002,801.9629454,58.83221704
18.97984278,48.29607826,9.465950982,111.1135168,447.8384989,44.73953437
23.36667728,51.60392961,10.43911692,374.3214069,919.5339993,52.8744861
30.01879597,55.2322614,7.928530833,360.5768374,267.1305816,82.70272992
17.02745795,35.93198031,13.20631103,360.6103232,832.5430347,41.37330213
20.55705552,32.54171592,6.5036117,470.9392,591.2698909,23.0077806
20.52638217,70.43666694,20.00044381,377.6856354,396.6220615,57.03204254
23.64037855,62.24008949,20.75441575,185.7043352,175.9248414,93.75088185
34.60737482,56.64865213,16.48533379,209.0341509,254.1800138,69.32120208
16.35005093,68.06639647,6.794097541,225.9999379,876.5763448,30.83632439
25.37401989,79.66076443,22.80166339,63.86390334,646.1974677,96.29938318
18.58729364,55.66157455,24.31271657,461.0796419,313.3860026,34.27169012
34.41353091,68.4671679,9.047271206,83.09867174,546.2675897,98.32540238
17.26607009,87.21433343,19.09279639,364.9074269,197.0530028,19.19897287
23.07202005,80.37746975,21.83877261,378.5724522,188.9582425,99.96495343
29.7576997,55.56004863,15.79687045,429.6717728,916.9881865,7.590564991
29.09108856,68.68301027,11.46646199,299.013015,512.0706603,71.32398817
23.45457274,40.62425531,14.5711743,376.3689907,425.4104386,74.0441586
21.93048336,63.63133109,15.24537502,186.225316,954.164644,67.9574687
22.95224757,88.87969747,13.01274088,385.5128049,459.1006107,77.76067676
20.28552526,61.09890691,23.59684987,204.5370818,402.6179152,47.18329416
19.10665877,85.65829795,19.87766222,456.2773153,345.687554,5.411394658
24.66079395,54.44009523,9.826032845,123.5218135,608.5565387,35.77532927
20.37067512,89.93068963,16.71114375,192.0907898,602.569533,64.23144972
20.7492333,64.75320211,18.77378302,274.4462532,114.5747584,64.62470473
28.13512127,32.53613965,7.803128434,399.1327507,688.6560916,19.51938323
34.37074663,65.2052878,12.16851485,386.9595973,809.4763927,25.30052063
27.07274401,46.47436174,23.11096563,144.8225934,654.3680882,48.66981379
16.53958934,31.94887932,16.343462,114.9060635,882.8993245,72.86105227
16.51167228,79.25119828,9.339954921,186.7863219,348.7747249,85.2798103
34.02846442,46.54377822,7.455695962,267.6893683,272.7814625,8.648484804
20.94581581,77.79291324,15.36453787,292.5522702,727.5502844,92.56199157
16.84133972,47.29305498,15.95371446,243.1119159,269.703192,92.77316625
26.98089174,41.65958123,11.68828903,348.3905525,181.9943914,0.79337421
27.47297557,88.43613445,17.60832057,242.4015246,186.9535617,50.64095757
27.9700964,51.69871967,6.373693724,475.8480545,791.5541439,58.7144264
20.34804056,66.08257269,7.902793865,167.4359816,125.8635715,55.37134291
15.30221368,66.59888957,15.92547642,332.3174543,360.5110344,61.57716575
34.30030739,63.62840893,6.236313877,325.1200724,216.2677689,50.33512819
20.01786091,84.88174461,22.6181753,176.7086248,779.4191321,29.38069138
28.52052576,70.46646428,7.842927409,235.259431,553.143777,9.570438616
29.1325974,54.22398025,18.47839748,214.4631287,284.943173,20.83794106
27.20014834,81.74282307,12.82406883,127.624577,775.3698088,74.02551138
21.25814788,40.86377395,12.99575495,264.7828457,775.3298582,24.10635186
20.42192508,62.65420546,20.29779057,223.9980139,570.7203824,82.97103356
26.95336565,87.03302232,14.98924268,130.242812,348.2648083,40.3488367
32.32191267,67.52385779,19.51310927,252.4460204,627.6493893,41.44758549
33.93467458,79.01810703,15.10382458,239.8297857,940.1770907,86.84987412
17.11811609,69.21364353,16.85810683,109.1145549,146.4727489,21.42888283
18.09657225,80.36225181,20.21429256,109.0343939,340.254862,18.96192367
33.89472518,86.66927279,17.14617486,341.3783209,356.4722759,98.54064055
29.73070457,46.37530365,17.31230219,367.9613621,668.6304972,54.06044403
32.6598765,40.17966488,20.78439183,473.531189,686.047957,19.05207041
19.05265268,59.03944502,23.98173632,89.15211071,285.6838554,16.580483
26.75171742,72.11174561,12.53432308,103.0376716,294.4905379,86.16649693
29.02279189,43.63147519,16.54234314,73.31815781,935.3914161,59.98459671
28.60223771,30.24608703,6.725463155,289.5027938,780.6689359,11.50382543
23.16303382,50.57610695,12.17607761,330.2359764,940.8427287,88.69080886
15.30789783,88.13156013,13.24098452,231.5855534,846.6966893,44.39050057
26.65852114,71.69804764,21.70474634,409.0559994,461.9061822,98.93572721
20.06203078,54.07952664,15.26784804,359.0147462,209.7168732,28.17603277
24.00508492,41.55456584,19.62132747,493.6281894,666.5953296,52.88172314
34.1516203,51.36538043,5.380148001,112.0527425,416.791956,17.31002807
22.98070635,40.190366,14.28985339,76.24204895,482.8707915,43.97059787
31.79603213,36.37834928,23.0263533,173.6616675,483.2917668,17.6537549
18.77081211,84.40454235,9.486278186,58.57258789,942.8676595,30.72310865
28.44920996,89.8590203,5.630443706,469.6751425,161.9761773,26.98657378
34.54013909,39.84686638,13.66817467,186.7782464,273.7933853,28.30939323
17.03786202,33.27135353,19.08863641,298.5935751,647.1485839,96.98263114
15.16639884,49.78386643,14.08927014,193.1313348,895.3822593,3.844648579
23.67165585,57.69955085,14.19956627,160.6138799,926.1483867,49.68615254
16.85250966,42.28927482,18.39610082,118.5641258,602.8236339,62.92458043
29.96768699,48.08549471,10.08777617,194.1646641,131.105097,66.07613744
33.29097328,42.05224414,20.03779583,326.9385187,426.5929309,75.45456881
23.68041945,76.45563411,8.062270618,487.2295399,926.949963,76.09654082
20.17423284,72.75467659,12.91501211,301.1414182,549.9496774,95.55029824
23.68806638,68.09709095,18.12016217,289.7190797,753.9519513,75.56679546
29.46895636,53.23307142,21.56738014,65.86835815,342.2740784,82.36892492
15.18108323,84.54245648,20.83062142,428.0445571,122.5062733,53.23154153
26.78907979,88.17195249,19.43371199,70.17861875,620.5241676,65.76733438
27.2658337,40.41835876,12.18192767,457.8045233,851.482904,47.81243168
27.75376494,43.38075848,7.446086326,292.4022764,991.2418272,27.64170468
19.8404416,61.53786168,9.336684354,125.8099724,861.9643971,31.33830803
29.28105447,35.47503416,22.29667629,253.2683264,598.5949261,36.05327433
16.82782973,56.18690393,22.1466274,497.7430163,647.8548299,34.06433479
18.98540673,64.90747589,24.03121705,187.2872834,841.7476359,53.31610626
32.54940093,61.32441427,6.519773038,171.2568958,117.8296271,24.76317253
29.77446301,49.85451498,15.73618171,103.1026528,956.4799134,51.66421135
15.27491108,62.54674836,17.9736609,318.714057,578.0991213,91.62413112
19.96752521,87.52805726,19.21314754,90.15214956,956.84702,40.59638289
19.28812966,42.36104426,17.8772647,394.7036287,788.0663499,22.26460645
20.41612656,69.2898815,20.4002278,463.6505814,237.0859108,34.68558956
19.95119541,32.60380165,12.18943153,469.342,248.7338332,87.68872945
16.25052591,33.98498427,8.588655443,98.56231379,418.2813784,94.16979234
24.17881033,63.10969345,9.091667443,301.2181688,337.5892197,88.66868932
29.6546695,36.29635082,5.239573789,93.69943471,495.3688834,28.73476114
27.13463449,31.34080731,12.00643744,307.4072637,643.5134838,38.78455137
28.45743337,40.29077986,6.834881018,416.7412633,492.9215495,97.49338245
16.62298357,63.89095026,11.42977386,292.005573,150.7785262,32.38523107
34.0298142,72.20045727,17.56420154,442.4242217,978.0684536,13.78598846
31.76983668,42.14871385,22.88956111,410.7534597,482.6099208,28.20942043
31.10180637,70.09556623,21.79210902,174.4467575,865.9675039,96.39775254
31.4596761,40.94857987,10.05348424,333.5460273,166.558863,41.58754505
33.65421016,66.8074456,7.681662844,53.33545691,829.0583917,93.38819399
25.88507932,54.71758079,8.861445476,228.2188622,256.0641739,10.40822144
19.00564036,69.22797056,24.41973304,157.0820755,711.4644487,76.60555722
27.33567216,89.70316515,15.98948959,471.7023557,695.6260266,9.334339728
29.85762987,86.26901791,8.65004446,232.4250553,918.8260464,19.74957247
29.75834787,30.25690547,21.81492309,344.3289928,388.6090123,61.61022413
25.42898048,83.12632586,12.90382489,379.3917242,198.0637839,43.44781619
16.36917439,33.98944771,22.98444304,397.9456424,878.1092346,66.66742528
22.42225877,87.18279517,10.21354254,381.0988364,398.4197767,97.3406292
33.41533217,46.90954075,12.86443518,180.1242774,309.2804102,5.271372672
26.6889782,52.92208982,15.09895526,358.7304635,537.5877508,19.1626672
25.76663887,35.49829231,22.85230668,297.054267,231.522121,64.02239225
20.37707029,36.7363655,22.37514863,318.8176992,367.2670178,89.65264502
22.3689784,73.60443391,16.48710141,50.36657779,446.7525707,79.764791
32.90692178,86.65993414,9.435510196,166.2159204,349.5297641,46.55824856
28.32926095,66.6449097,13.06713943,468.8076635,505.2335507,74.54746751
30.74774054,72.95100093,24.51266131,180.5342375,446.1856051,20.8097561
24.08690846,75.71818468,17.15546448,247.106985,797.131928,1.373059157
27.60494439,45.76885647,20.6219551,134.003292,926.5678092,57.00166503
19.96767217,32.71377786,13.99729391,112.3711484,190.8308951,81.3244671
29.10921661,30.11236464,15.64014551,143.9010359,840.9722891,43.34435394
23.55202667,51.03895698,13.57908224,299.141298,938.5940869,56.92487704
23.8509103,44.48785369,19.05841996,463.5628931,717.9518314,42.21811946
27.98644649,33.7390635,22.02942028,196.789631,996.7777086,51.40378999
33.72561243,40.77169755,15.14727086,195.5335785,401.5386997,88.43462638
16.28012693,37.4699339,14.61734917,303.8632641,847.2789474,47.81401093
31.49486475,84.89270284,11.80572934,210.534223,706.3322542,0.747558647
20.84766221,38.41603281,8.541933886,459.6872216,391.0859085,79.98486423
23.87838909,62.25890784,23.78495446,220.0316192,734.2088352,61.77173414
15.43826658,65.58635731,11.32159437,270.6990136,558.6596552,73.03933369
21.02092156,62.60936746,21.01382927,290.0251778,270.0765017,90.10872063
25.05262485,35.94338605,19.30694043,401.9305078,256.4917142,28.62142362
16.12352155,49.12790171,20.81835201,303.7576727,742.0589621,50.30699213
24.82191459,33.07621995,23.73536267,157.6197951,740.7374161,60.24835493
33.54221258,53.74019485,17.4674152,105.794243,577.6963849,34.53911645
17.10786436,41.31593588,22.95900687,471.998546,551.2741005,84.60671524
30.28881456,63.697952,8.353946458,410.7033476,262.0346011,69.75661799
23.19342107,71.56850363,17.53425152,60.33434463,486.3575107,73.34075838
28.10347429,61.92719161,20.44551226,419.6880429,884.2577689,80.80072684
20.20473196,56.0542018,10.43282261,315.7690073,869.2545755,25.80841813
18.18984525,53.24000525,19.81507603,283.5024058,694.8270116,74.56417897
18.20925229,80.50150609,20.56953658,55.50313056,997.6210102,77.38068596
16.40983891,43.1620839,21.62375912,401.3888254,903.860512,84.23925467
18.7129341,74.05310037,11.25765825,139.1292564,230.7073812,48.85378305
28.2843877,75.44893948,18.6321318,377.5915459,459.2227628,50.41896155
32.63381224,55.15200044,11.08506567,57.14071131,218.7437363,9.81782201
31.28251371,47.83803595,19.78080775,408.3591423,519.4806548,85.21209588
28.7026862,58.23248916,14.2594733,60.36776076,798.7445423,53.34881887
17.20863727,35.59283555,16.95088749,156.1518068,240.2098389,59.44347216
20.78374893,32.75580193,13.31679963,170.7251956,892.3798292,12.14406565
21.19613751,36.69619197,8.239658539,120.8788871,612.1517964,60.18225319
19.99913893,41.22870189,8.560590592,266.4761883,774.0500093,4.19883501
25.30011319,60.25060922,6.551378145,177.6595818,140.6402309,92.32087666
25.7110763,80.94819817,17.36145359,496.9795891,184.454338,86.3537472
22.1377195,44.13853992,21.97276796,310.985957,658.7750678,19.43174236
22.07578317,86.10972064,5.416736525,304.9150213,854.3727216,59.38006661
31.57111196,87.29447454,6.324790042,149.3913335,886.4785761,60.26991205
30.78585697,87.53427629,14.14933985,233.9102474,719.5323927,80.34324147
21.15591663,80.25376408,19.75441472,105.7900975,280.8448481,75.69203628
33.27576888,51.82950245,8.154152894,393.1381635,275.5195432,99.32432156
34.05630034,34.36103466,10.43302639,199.0216608,893.2264726,35.08406771
21.53485084,64.12912391,9.640124026,388.384625,201.911847,12.46324518
22.08849898,63.52088664,12.98102437,217.2632,717.4637777,57.347172
25.11268307,80.99854603,9.49997354,494.9407581,580.1561551,76.39916741
33.82241625,89.75946306,12.05197357,127.00473,479.2780865,28.57933523
32.52638866,60.48943839,19.57085197,50.68575225,496.3011095,23.62063669
17.05135925,50.71224186,17.22018497,317.6714936,950.6866265,80.24545953
22.85461487,41.15410269,6.623634108,478.82894,875.2988799,75.37222917
26.06742379,30.28798949,17.75491332,341.1743247,878.4854775,20.33919677
25.06264945,60.54682155,14.54154343,88.57558524,465.9564773,86.9270604
18.87726136,63.33112,23.69131149,293.2161721,196.2830879,13.47294173
32.17633542,79.49630879,10.78608634,459.2691213,998.0554898,10.92398253
28.53881566,60.27461807,19.52332839,52.92773055,230.8087785,35.11072365
31.7581675,84.98810092,19.61721646,125.1104958,564.0240973,88.6532593
32.17528559,67.68500859,9.43001562,416.5527002,338.1572697,69.54401687
29.96711707,80.42017429,23.0644725,452.258198,559.6685755,39.47185826
23.78421202,38.89810409,14.82366401,368.2222794,374.4398747,15.72509235
27.2109351,81.32016782,18.57766734,496.2020736,907.1979766,71.34765127
18.20730812,70.50863127,7.917111178,90.59716831,971.5074361,59.91472195
28.47290835,40.21398195,10.15607834,295.5544321,469.0578544,98.76829111
18.58506511,41.38581349,16.72214236,358.2476252,163.1706765,76.55594618
28.87899181,85.59003714,11.38054537,366.1901242,697.0024894,10.21239564
19.59196322,31.93292163,14.99385837,407.0680769,438.9630076,72.82150594
17.351026,57.7520966,12.48010399,462.9317203,987.3717904,25.74470455
18.3056898,48.8085174,17.81107593,212.7386505,180.4373001,96.1895699
15.0398427,69.9046464,14.74290726,69.33352676,207.2137966,1.927361747
29.37479236,80.37776325,5.092198719,213.0988615,729.4808028,23.83505903
29.64802098,51.62268729,17.99361676,352.2266435,782.7846421,49.89983765
25.298667,55.61412524,13.44243114,146.0552393,523.9867639,7.906840045
18.22725602,88.91506707,11.83396681,414.4878282,349.5381422,34.40628343
16.67108675,77.03499058,6.882935046,148.894006,378.8290442,49.72349732
15.38257933,83.83224786,9.407393811,54.52853107,404.1756698,44.69332527
18.31496354,56.32573324,9.475445832,278.6363484,302.7537916,46.05852251
32.8171107,44.04457224,23.70738999,376.9077071,865.5782933,87.90230519
19.83073683,54.71180792,13.65025949,207.3449032,158.5694868,50.52908736
22.08542654,72.96551507,5.841316944,387.0031098,466.5500417,94.10468508
17.10690969,36.56582429,7.776333645,247.2819504,772.8428304,14.77316808
19.44722609,46.22814634,6.580653515,127.2715778,103.442927,28.02560875
25.38449142,32.79815403,16.7773878,90.75127721,890.2292651,65.65157752
27.15505366,55.9408643,8.732429831,369.7642242,735.6638911,28.31225819
19.90704628,79.64674416,14.97115281,223.5716544,166.0365612,34.72760694
16.15464318,31.4798213,12.40124126,460.7481956,905.4969301,90.1028198
22.82065738,70.51941161,21.07752754,293.1147764,538.5744934,53.85591748
19.68406742,85.94975247,11.40979275,206.7945882,687.0154005,33.4660756
19.39107846,44.21567169,14.16530965,207.0459171,893.8300371,77.67117779
34.19725605,71.61809044,19.42571097,109.147039,893.0461102,7.066475405
27.32600972,88.50611407,13.66702414,317.2051191,467.8697067,56.36626102
26.13756886,87.73668361,20.86431072,311.9752109,313.9205365,9.966972215
23.31550207,44.09575158,18.23368712,409.9971614,331.6793899,17.6850802
23.57888667,36.01986319,13.21058228,140.5386331,789.3474277,6.244545429
25.81810008,38.89695227,15.07963851,180.8553391,936.4873249,90.16830288
28.92859614,72.12214011,24.34406912,93.75708609,165.007606,4.820445877
29.04292192,73.54553253,18.23222993,182.903991,113.5177553,51.64164479
18.43387815,70.4541937,23.09990452,242.6459521,840.6415553,22.4977402
25.00225504,50.16470326,8.575170069,483.8127827,447.9423429,38.35886337
23.2391619,40.18661639,14.66472312,343.8797013,348.8043205,49.36561847
32.41053933,64.84566552,23.1732334,402.2932684,269.5364629,45.00601413
27.62837842,59.02082675,11.45224123,196.4794483,411.8325488,74.80871899
25.65008133,73.73004883,24.35328396,115.0307658,974.3212804,91.18833263
17.30789284,56.48160472,6.941549809,165.5239739,979.3717971,30.02722141
27.11275779,50.31838168,23.05342341,165.4104609,398.3621739,2.454049716
17.34407811,47.60871464,13.90424244,312.4018977,967.3211065,89.39454357
21.74413151,42.6882192,6.474883303,203.6620096,369.8771048,97.87840657
17.8568393,45.94478257,22.59043185,435.8294889,869.0329857,43.33511744
28.84147294,35.68982633,10.03880425,494.8450337,290.8037882,45.57888773
19.12504228,50.81142066,5.44500251,204.4842824,843.8388295,14.41561105
22.83718746,32.19418874,7.716142111,367.2771232,418.3573578,47.55234501
32.91349555,41.18483083,18.18229484,345.8689619,276.1511679,30.3349236
19.08632767,74.80622668,24.55622978,137.5081195,941.3019167,99.43800675
25.15610128,49.52813932,7.229242792,463.1038677,292.7658992,18.48479642
23.38543322,70.09422102,14.23896096,139.7491642,992.6517032,37.8586732
15.36248082,73.01305054,8.612731019,381.6307093,197.7165031,61.6501982
30.85516227,64.87112056,19.90073068,206.424339,109.0187051,34.51235518
16.38091813,87.52186448,7.361177995,215.1867052,883.7141915,47.44235391
24.48510042,31.286392,9.79683497,254.9520738,627.9439675,97.34836332
26.2135659,74.31915904,8.928119353,439.0285901,479.4636719,50.80713761
27.56852913,87.52719864,16.05039561,113.1133737,173.767533,91.03204385
28.77263259,81.73630376,22.46368184,74.55631003,617.4032779,4.308286875
20.06544767,40.07356151,15.22180402,230.9183685,454.3530267,11.98183439
15.19957553,49.60921838,6.164869055,75.01329461,535.2597217,94.45115948
29.46887325,40.34711039,16.26777861,359.4203974,667.3526753,12.87311117
25.71313199,66.07850183,20.95041999,392.1462838,675.9402451,73.65511954
31.72235406,72.73127892,7.643123946,434.6205776,964.5393172,44.60036042
31.42776726,49.02442616,6.454224287,384.7290105,689.5480721,40.67483292
31.86652336,62.37039444,8.756155551,462.3581272,405.4637262,65.92202643
24.7018932,71.4552342,19.92172646,386.7355052,396.669545,72.76008253
21.67256792,55.280389,16.83360839,471.2340379,529.4448576,93.19692803
30.83116405,81.24093183,15.81189308,136.8998574,333.3949299,25.68854889
24.02588226,76.29299612,9.989597893,274.9384098,438.7950803,69.80803777
18.66884393,33.87993263,11.6447319,497.2687699,857.9014947,34.22858177
32.09948039,67.26751795,24.31770026,356.7101821,873.7854426,71.76097449
32.65119754,44.11953306,9.812504535,445.3885031,665.0132304,14.21161259
24.32619512,63.45109588,23.03290847,63.67720722,624.5568478,45.75425497
16.51399455,87.41330656,16.61063009,442.2910544,484.3898486,18.36297277
22.7565218,82.74372027,7.465929327,363.9709556,672.309024,33.64462298
31.07075319,54.27098419,14.34624756,126.8399453,825.4480112,71.56294075
33.03548057,47.4908315,23.97097435,61.55643039,764.0623521,23.33498495
19.06945485,44.06434466,13.37131196,166.9669602,131.9135641,68.48839038
16.33947224,61.95089219,22.2677313,462.0980115,758.0169987,49.5940194
32.54700906,36.8549072,10.12857389,350.6598224,747.9529005,9.203655706
22.78809878,62.95650049,16.41844304,463.7610969,189.091483,38.66946852
25.83521929,30.08001837,21.87704116,250.7678521,235.2226281,86.9206203
34.36131624,49.43097784,23.41376882,471.4821929,809.1176601,98.9290898
16.33129456,43.19605883,14.71646734,258.331917,603.0906204,36.89210973
27.96636015,88.2731274,17.79376204,141.914626,839.4660915,5.487473122
16.48210845,73.63453917,5.059602616,118.1270589,266.2697214,13.01877743
22.50937857,50.97920283,10.06446615,497.2153159,127.5532882,78.81484139
31.0762909,35.57070519,10.57424207,200.2381977,245.7475792,65.57870732
23.66944466,61.00803568,6.869860233,122.0238614,507.3130408,28.50119992
34.94364708,42.80687288,10.59390027,53.7837939,570.96348,39.12985627
26.1811857,62.18577275,11.42244066,178.5063049,871.9310098,81.11502312
21.42324305,80.12174125,24.37532079,450.1022646,744.5804769,41.3109947
19.40222652,66.94755313,18.37204761,290.3041943,991.3515765,75.57732118
22.01041069,68.02730517,13.52010159,334.5957732,170.8476322,29.52057014
22.45066548,62.46181734,24.76108921,465.0759968,217.1989653,72.48117986
16.37427355,85.63593796,8.064646405,280.7779631,175.9200344,46.63974431
22.39148399,85.91416107,14.52102388,427.2259306,584.6122419,54.53542817
24.28477039,60.76339206,17.94124414,195.7249751,340.1746937,59.87331124
29.45475504,48.34556923,6.11161269,489.6958383,715.2696461,45.05746945
28.13458969,57.57522035,19.33997716,85.46624308,219.4217996,46.61356197
29.1753131,41.19347473,6.997347058,376.1732865,192.8722596,26.57086207
15.16727364,68.18065892,7.805646172,347.254829,514.148923,98.57643781
19.35334799,60.00554015,8.193790249,136.2521776,438.3085179,90.5815056
28.23368577,36.19802867,23.57779653,224.9797995,846.2484244,52.73828276
24.67978736,41.85886687,18.6647109,190.7731025,853.7986675,3.462941256
15.10626951,58.77791737,18.10855002,92.52179075,205.6858011,16.84279709
31.08989285,83.25533944,16.10986993,313.1546103,831.0905019,85.39352114
30.45619147,63.98344324,10.85611997,497.1514305,607.7484841,93.08120731
25.96838326,70.89210001,17.41779409,301.8146635,553.2024465,16.12921046
16.32926652,50.34171298,13.2029944,295.3669581,185.2870386,73.45186564
30.33030099,64.28468358,7.908323002,68.14116831,765.6676921,62.30233096
26.67427175,56.84278936,18.79194581,112.6491005,153.6704042,30.338497
30.63919954,69.54779476,7.591643359,280.9485901,349.9225927,43.60914036
30.03493985,33.03453396,8.81337162,493.3303539,185.8883813,67.72694274
31.06004144,59.59801297,21.35398624,444.473481,577.6908489,10.12959138
25.36016133,47.75955751,18.20234192,203.0941046,680.7070528,18.90426519
17.80649036,49.57110368,17.61982308,294.3519144,901.7696318,3.331497227
28.42314947,87.65504589,13.36405569,298.716,760.4847289,90.22017254
27.4094757,40.96168876,12.92561036,358.4122757,964.993959,57.38961895
29.84506374,48.67471515,18.80525218,359.5019186,784.8548496,52.34274358
18.39762012,60.59355454,19.80011077,405.4066198,368.265793,70.62406406
18.899504,81.78161689,15.20426405,61.23696118,592.8263295,98.83502237
32.80819034,55.00020499,24.38538489,474.6560858,512.1456754,17.22372884
29.99955597,74.63191685,24.11399118,81.5279207,609.3718513,13.31060175
33.16456977,81.38244589,13.2485898,264.2720502,614.8804055,29.47908649
30.17430642,48.60098135,21.41244509,463.8106744,731.8909769,90.39441598
26.94310612,53.56501101,15.86535683,269.4509732,174.7394332,41.14606114
28.08265474,51.39337342,15.23511775,78.6365754,772.070616,79.34967581
32.78255848,79.97134852,6.099281228,153.1580089,229.3692519,20.29281599
26.57613509,32.66081172,16.47949421,310.4000399,123.5865744,49.36054424
27.64782649,48.50526533,23.01155861,89.53772805,567.0149878,12.74705391
18.12953432,70.76451346,20.60267698,240.655069,623.3292646,41.28984
24.4784244,63.92660997,20.72634289,198.0919698,131.3659631,26.22819669
29.32794224,56.17736156,8.198580772,416.8434325,563.8340033,54.94315958
20.41885397,62.39689363,12.16898894,99.55937225,581.1131875,78.04062131
19.04508361,41.85507515,9.664098333,357.2593026,147.2454111,93.83703713
21.27653616,55.8429973,11.31830565,232.9650819,740.4267566,28.38427813
19.83001256,60.10217905,16.59078687,314.4878062,289.2607316,74.31316957
19.29825274,84.07134732,12.29567627,142.4892974,815.0132924,88.55923373
23.49701686,45.65010977,16.21395635,324.3666581,379.7399168,12.48518771
33.15677028,82.06971013,13.77002497,353.2899773,530.1032783,58.59322281
25.14119293,68.65448405,10.73231117,81.6042041,902.6657915,61.18463086
18.75840762,31.22044986,6.908068684,420.9549204,825.5615202,27.23851023
16.53943339,73.47788021,22.83676915,437.5643508,803.6772207,2.251455961
28.9231229,32.13311265,5.22746732,78.59932506,244.3907779,25.67029465
22.65597529,89.84286761,5.033049763,321.4343696,143.328148,58.47346072
31.43661893,82.35820126,21.5359548,317.3051736,645.1830556,19.64427124
28.19021537,47.84062485,24.93621881,55.60628534,469.6224782,28.73451796
30.92482901,45.44467381,19.54205655,204.0558863,918.1695488,70.79224601
20.43892079,52.88646493,5.305476761,486.0166022,414.6339372,39.83155916
28.84717845,51.37001792,9.533804533,299.9528385,469.4935159,6.542538692
20.28123969,52.3402691,24.43645401,469.9453112,573.4004887,39.91658842
33.78136959,49.09659277,21.17208504,354.0400861,816.7605991,99.97689649
27.72748563,67.26800441,16.33599688,62.7757332,341.4691487,26.10515388
21.490236,39.85581982,9.737214189,84.97093912,947.6385914,26.52565285
20.39023725,80.75887755,5.287404119,374.9805299,585.9290014,16.98864147
18.8185317,78.74414904,5.417229453,299.5555057,856.8795351,27.16373827
28.89281918,58.58899247,17.23961727,107.2182491,573.0566351,57.47533034
19.37431226,81.16379792,5.436637527,326.3282053,794.7938762,96.4602132
26.90606532,44.8287042,24.87260284,414.6293123,146.2786772,60.76952723
20.29270054,31.05392734,8.66767667,388.8420936,819.2912335,40.98475923
28.2393789,67.1524755,19.21414724,160.773107,571.5634868,38.96336291
31.29879457,57.47456442,8.101194428,166.187735,504.4740294,2.422588461
30.56050486,64.02987278,15.80186842,485.5270123,200.4487,0.25423022
30.21702662,83.96036454,6.612225769,449.332161,767.406285,79.7193547
18.75444811,88.19553441,20.33556849,193.2517915,218.0472873,49.01606625
16.76769894,68.06718839,16.69842189,420.8245204,273.0860315,3.320941303
28.97897657,75.84333539,6.723333868,122.7823384,213.7809301,28.60270448
22.36694428,35.02850601,21.97172378,138.5784956,105.9180469,35.66818839
23.64692453,39.64293509,15.9403723,131.5382242,695.7224021,78.328889
15.62298186,73.9922883,23.4318462,89.47434876,343.7596403,43.43867032
20.19152899,55.88192738,23.33246747,434.6051523,234.5234133,78.93001748
15.67352808,56.75791622,23.41015579,310.4631042,387.9752343,63.37340509
32.58371545,48.5164609,6.555704004,166.5302416,549.1762224,3.313620642
19.86793366,66.44138301,7.419155235,431.8947647,553.0712688,96.86887041
26.14674339,41.10990272,24.75411619,411.1910417,430.4764075,18.14330367
15.77958641,67.61497676,14.75201643,95.42818316,545.4390439,27.56195617
28.33694783,40.42793143,9.764281057,339.8627182,484.607312,80.92940285
21.46054692,33.82956208,20.39328977,374.8251207,840.3987223,18.98398641
32.95838374,49.82146132,10.28570442,372.1223016,126.6525707,40.10877837
32.76236378,43.86842052,19.54431376,375.4142185,881.22712,86.49912182
21.50581237,83.33949831,21.74571556,126.2560035,319.5237301,63.72722762
33.01921791,33.29720723,20.68526755,191.7889044,749.6039935,30.20805995
34.92315347,40.59682155,10.48095616,429.8803288,464.5356547,64.40497215
31.50831328,62.92317633,13.03237148,454.2762876,364.8996681,81.26244755
31.89742696,58.86403145,13.26502006,175.634999,653.8126357,40.38892826
19.98017472,32.7511211,14.82545836,60.35878228,791.995977,57.16746845
26.53404798,30.43514568,8.347457031,436.8951262,504.9428078,98.79276849
16.34511828,89.28407652,14.04940101,219.691327,519.8984588,96.45628431
16.89835874,69.53008202,15.21565981,198.2586002,152.9708363,50.90373119
34.97785224,51.92436785,15.63417993,206.1498559,931.5963826,9.614125651
21.53278499,58.22593486,21.3980086,237.0633908,862.2070268,70.06820888
29.96367824,45.99300723,15.34668997,220.2199797,458.1935088,26.86207871
31.13330106,50.69242702,9.61567845,304.8939046,788.4555518,66.94749281
32.16046542,68.94266804,18.26257476,85.52312532,381.9512581,35.17555982
34.95256595,82.96870793,20.94628288,487.1930874,757.3796137,71.87584385
19.82992971,41.04780138,11.38743333,471.4029655,565.0225449,36.73225583
15.80701654,80.42169032,17.90611858,470.482991,514.69005,94.11952774
23.22383036,37.29339777,7.938759919,445.6749308,150.8706975,13.66728725
17.6016134,42.89953342,11.83852609,347.146836,968.8797296,6.840483712
15.44851778,32.23051728,23.18447859,149.4988532,853.6680729,78.11990972
22.20853654,38.44871173,23.22616326,72.26756922,814.0492612,40.13259601
30.67476502,85.03818873,16.50649157,94.69447915,374.4245779,46.557559
26.32361382,57.5663248,19.04702922,195.7966252,360.631166,93.38172602
21.25555978,34.65995171,22.0803083,276.7473615,615.8737869,58.99207179
28.08684011,87.58361028,24.17106371,496.963882,861.6008766,66.01706483
19.64036361,82.73953847,14.79772881,245.9495713,941.1655656,1.946592641
15.28762892,75.28095125,16.23151473,286.0907407,342.0361234,67.05144071
30.28706773,86.00836752,13.31283133,362.8207612,646.6733203,38.83529359
27.4748617,43.20776525,6.439638741,131.3302867,751.5125199,46.02144625
30.24605249,80.18215758,13.45606945,469.7721507,303.7529307,80.8050119
15.77876033,71.39947178,20.81254679,288.0655726,466.7217672,52.37935927
31.74239256,82.18555497,21.09770996,174.3153555,268.7268463,98.68708096
27.390524,77.81469394,22.84754229,470.7990439,729.01457,79.68111288
26.26790701,50.78970379,6.029334104,331.4527784,877.4066229,72.85915483
27.49228096,76.46391222,15.54309179,267.6603791,889.7809191,58.86866572
32.28866494,45.74737818,7.148489759,311.0701595,703.0799834,41.23967219
26.73873013,49.71552978,9.014843663,386.7359985,412.4371242,5.287233365
26.6190076,36.47434303,23.00433005,119.5421017,694.9363392,1.849590743
34.81358314,86.10459696,14.93582517,439.1736938,877.8400545,4.675876652
30.13460334,47.4602018,20.17089842,481.7780646,663.2702505,95.88363839
23.84587611,61.23734791,6.287682119,305.1498433,471.6027463,32.32121149
29.14794,53.47997019,13.33653008,357.0218811,927.8224756,70.06094823
22.78460943,87.59568724,18.48480561,436.9250664,851.6949339,59.43146043
19.57750925,50.10295026,7.668129626,218.6647841,894.1917162,57.16677094
26.93703754,76.71274929,11.51635758,496.7743077,912.8728189,57.92415639
33.56364196,81.32496928,6.2909561,356.2256162,454.4310769,30.22958234
33.5827904,56.13638985,18.02679882,240.7994143,873.6751068,88.65325455
21.83810556,52.69030887,24.41782518,354.8020888,613.3147041,91.92062268
25.55354932,74.86474926,21.54090982,284.7560146,134.3430762,64.45257853
19.23271797,84.77375882,24.49246234,100.2387072,672.2527209,86.3949221
34.91262219,75.29590398,21.9120959,408.1393871,523.5570319,5.998101692
34.62235816,43.62758194,22.10391612,303.9690111,347.6391933,10.03912508
27.99017859,83.29846485,16.54354391,408.130501,973.344826,55.90662246
31.08828119,53.25490005,15.36504623,119.7103732,149.5637725,84.65070408
29.30200323,64.57376471,13.12508533,292.2607206,951.2896516,31.54294012
26.86316438,79.88613716,21.3618979,394.9809225,243.3403546,54.80559162
16.06695994,41.30368604,8.641352246,494.7370554,439.2893614,0.996053148
24.09528685,77.07060814,6.124498316,447.9787744,475.5116579,98.66300121
28.49572604,65.76976787,23.95787645,438.9573322,757.9184668,76.69808683
28.55063228,83.60049851,5.075563704,161.3570622,294.0482879,36.14191465
22.46245237,40.31822411,24.53658644,427.0930708,987.4916589,98.30128307
33.83383973,55.24093422,19.5770674,126.1765749,774.1106675,9.24279893
18.34714064,79.97058557,11.56997839,139.148449,810.9573745,46.41757654
25.00718892,31.15390221,18.95639686,99.55253468,195.7858954,5.8851285
28.81767953,36.73208201,21.35750314,435.9184388,528.6808086,33.49650215
28.94271612,89.43391277,9.90724112,98.7145234,951.0484154,21.93641798
27.97277914,46.82365072,20.41791367,112.1501659,343.0594644,31.65508532
20.50576427,88.53259162,21.0873925,160.6492175,230.8452895,94.7409316
18.12413137,40.95189306,9.987092603,307.6980841,536.8550138,42.71869967
27.71880654,51.66566658,5.838527088,446.0810834,937.3537627,32.48608113
26.98604232,75.17216667,9.082445691,238.2026699,538.111562,64.07723801
18.58712021,69.46670443,9.012928178,295.8286771,464.3508726,68.33691911
29.10278291,64.867344,6.304809084,124.92023,685.245193,98.37688663
24.10343983,61.79395055,19.52014769,169.6756352,943.195599,54.60577723
28.35521183,80.60642662,12.59949849,110.2665931,144.1517043,75.25636438
31.7473416,44.09691377,22.68772335,234.4634802,238.0559909,38.21650193
18.39456857,56.54825562,10.04342211,315.6510464,219.478879,17.10326462
15.38289736,39.32713753,14.0646433,177.8087885,176.7996841,42.98354294
30.58205173,65.75649574,17.78034858,430.698135,371.8954726,41.87758387
27.1939485,45.03266546,22.54929899,491.557258,306.3781298,42.06134917
28.99279139,50.03052386,15.49242203,104.0696835,593.8221396,69.54207599
31.7630995,58.275043,12.47049256,58.03702521,394.5604796,40.59423113
31.0562187,31.60623514,22.34030157,405.3996083,464.6870753,95.41627294
34.21840294,35.51627616,11.20492849,135.789205,947.6782214,98.27496824
25.71870158,71.15575324,6.588473993,208.9159667,240.0900771,52.33614294
24.76991265,55.73819884,13.90084215,227.4040482,449.6115941,55.84440092
23.037744,81.88741332,20.70186613,462.469725,331.3736565,40.76263717
18.07382086,71.68032022,5.615616635,346.4771971,594.2493841,35.55935817
26.45214466,30.4860565,16.7176449,68.27427064,762.7026039,98.5326536
20.54025049,67.00273985,16.88928097,56.66460832,835.2890861,4.065686869
33.42615024,35.62349196,23.57083527,139.8056439,563.7670251,41.00862327
26.66381609,76.85599079,10.72929634,193.1773734,869.4249324,15.13403872
26.85680361,89.4904613,10.57673226,268.0357253,806.5679571,72.62802683
22.09849322,61.87192765,13.80967303,427.0277355,241.3036553,19.44456766
16.03978704,70.96677001,12.13829803,191.6679902,320.8858831,88.46457284
15.63487531,44.23884965,19.72691725,219.4417487,704.5484755,37.44779763
23.46670288,56.25586463,17.83504154,198.2020685,977.3146178,91.71487329
16.69130756,81.36571993,20.17842076,54.03440121,438.5167305,98.65625301
27.13693911,40.04537686,21.40083582,479.8406926,306.8270566,77.11714139
32.61946011,45.93213634,23.45962265,112.5481479,882.2164909,62.31580492
32.65829633,56.72602052,13.61873464,179.4503652,279.6507636,14.99016647
28.1809082,72.73493351,24.69394779,108.1864859,727.6674466,93.30603361
19.22463663,52.55303729,9.313216268,270.7444203,130.8241633,77.68666569
32.25993663,85.66393679,19.28730324,469.4747517,117.0824636,28.80457787
32.72186871,35.66742308,15.68018635,95.31532293,506.4100425,46.85019344
18.9330717,52.24825185,21.33801189,248.4036156,690.8861148,6.766500591
29.74852172,72.53724741,14.53541041,60.0686806,228.1910086,65.90003224
20.73039098,43.55920594,20.67877271,396.9041996,787.4942077,12.52646687
31.05280625,69.38478805,23.60337429,338.5517646,215.8628342,65.15312849
34.944758,39.85301749,19.64588532,364.8643987,580.3370271,67.15536614
15.60052011,33.35881709,20.52188572,262.5513624,377.469273,32.46290519
32.94731732,37.260943,6.343508625,458.4348633,777.0279491,94.86626791
27.45261067,85.79908699,9.099153245,234.3008529,823.7050782,77.89625059
34.46765238,63.10505298,24.48607481,281.3382837,159.4821156,49.6733655
24.30019035,77.78074653,18.86374008,362.88015,273.3441124,91.85691873
31.94775861,49.95927005,16.22898035,284.2522885,903.3796986,85.5843264
16.24788137,65.55951887,12.33952747,135.2010416,474.0515529,69.22182258
21.705581,59.69712802,5.887780024,192.6817781,529.0622788,15.29653144
16.34033076,86.74427756,12.38271816,91.53251066,251.2214575,49.70739255
34.50686267,74.85447816,14.97825747,244.6760737,995.4053169,86.44228726
31.33947815,73.83255789,9.229190188,324.2264419,930.7429146,60.88915468
32.05094842,32.78119617,8.462735825,103.3384749,101.8222039,54.55114448
33.75930463,62.98018014,15.16833103,333.7642047,595.6612144,95.52242003
16.70206972,58.01948723,16.71808471,451.7924629,885.0406452,1.654806539
22.71195185,85.670536,9.798358377,201.9756798,487.4802456,1.204638493
16.42069778,45.44051929,16.74778949,149.9148933,493.1328327,89.28205201
19.21586203,46.1900072,23.00679928,451.8527287,441.4124411,3.853721503
19.58731554,54.68077493,14.46346516,361.3753562,125.9455016,33.25437137
24.38214422,44.6021828,22.14780339,97.42769063,811.2550023,92.40254818
20.37124335,37.75103507,23.54542889,233.6503784,511.1066831,69.11525938
17.01956214,81.4448908,6.847880579,353.3403199,577.9590746,64.81589059
18.34982178,63.49659146,6.916231593,308.4727437,330.1166051,65.69983152
17.94551127,81.68176314,14.52088366,328.3462037,805.7066429,31.76429788
34.46153596,79.86808592,16.76204889,305.2108283,814.373692,53.0533591
30.18585014,46.92254129,13.51766929,409.1276144,597.6287352,62.9973064
34.35522931,62.86424666,11.52901541,194.1921306,914.1651332,30.57153257
23.79480973,34.99306216,17.81988232,368.8080566,204.2958077,79.53639158
20.56736963,84.91511304,5.041630247,495.9857491,807.9639982,32.17483588
30.96586394,54.2557629,24.36146562,225.481486,602.7257281,7.14441535
21.52507836,53.62057103,9.641581764,405.9717415,307.9118503,20.14545738
20.98766747,48.16532224,23.34197537,160.7491567,219.0734044,40.84104184
19.65011984,57.63982468,7.180294891,176.8535205,370.9063363,90.80558881
17.59357956,45.10556319,9.761743641,470.6887434,870.6843263,41.57616919
20.12926122,52.49113637,9.697474022,61.67226031,808.8574147,8.980380157
22.10639497,77.99682292,24.92305808,147.8423052,680.6191832,19.64567666
28.47988416,80.05533022,5.092010915,267.314314,181.294307,54.44674863
16.25129684,48.25094866,17.79276419,230.8314298,959.3475758,17.76560047
19.21013879,58.14086583,22.39373162,333.1263791,374.8961191,6.395461216
31.18047281,82.42918658,18.44547308,136.7249227,646.299985,71.48284654
17.93843847,33.16039991,12.25467636,81.74615197,822.7916837,78.43473953
21.85290293,83.34869772,24.16618725,216.200029,219.570251,85.06332352
32.29317844,43.15106074,22.87041509,285.959859,686.977068,84.39341614
18.09850622,70.71235465,13.6790984,302.9008267,129.066397,37.92595801
16.65473671,64.95310178,16.46656985,320.6720856,191.6103804,73.44699821
24.6907599,63.17644489,24.35038376,296.8978981,750.829271,58.35388595
21.04839023,81.56161349,24.65120724,160.5883869,239.57394,2.336430183
26.26816729,36.09432862,13.99646551,394.0473812,499.156051,40.15981097
31.07609781,50.82168152,21.94700056,89.50111778,323.4992957,5.287895924
17.74296976,62.29516478,11.03960454,139.2592458,479.1065578,8.335605544
26.61398169,78.67733124,12.43625746,382.7201041,169.4982163,5.600244714
25.11017521,42.986585,8.29643766,175.8767603,779.4104896,96.09465383
17.88157572,78.17579048,9.183691856,272.0630487,171.1370597,84.42009908
27.47996971,53.97830895,18.13746605,197.2389834,854.1230476,43.91044775
20.47280836,41.33483139,15.21563236,278.1415452,696.3479778,24.79974678
24.75668637,75.53918643,9.622637213,205.99511,474.9270181,7.245082952
16.64544649,35.45393409,13.05819233,497.3935955,879.8378891,43.11962515
24.19168114,60.88604244,12.4636692,210.8649152,267.5181508,60.03528811
21.12926936,33.83254703,24.74720409,332.1722378,338.1078047,79.71033231
31.44762422,51.38507131,22.07131674,449.7544479,223.4112955,5.156098618
16.13957454,66.06460794,12.75932667,337.0707475,443.411824,41.78700175
23.3721455,63.36693249,23.27833158,304.6357648,988.0598663,97.68574456
24.16862848,54.27932507,11.85270783,306.1532546,244.92464,12.07205354
29.50012153,55.74287964,18.35803025,273.4073199,847.8788373,40.02993948
26.4857515,43.6061732,24.33299993,413.4111806,686.6920645,27.50553236
28.34424674,57.35295531,12.80557728,72.69083526,114.2327176,13.40393554
30.54098571,87.19529134,18.5976993,448.3084586,950.4011736,83.89456882
32.24405947,81.02717507,10.91847622,313.8314991,973.9821387,69.71152103
21.27750993,38.71397214,10.32624631,431.9929496,932.4106317,41.15564842
25.76045411,31.78684724,16.48313333,54.67671614,551.5656919,36.90672827
31.80216157,86.01145876,24.58529196,441.1743818,298.3376642,82.77487595
34.78902262,61.60498499,14.06267697,104.0618836,452.1382097,9.078384565
32.79038622,62.27026939,23.75273941,374.5481029,652.7723918,14.68332805
22.42934525,76.84307974,23.2872704,237.4346268,440.9527428,90.65500081
18.90333034,48.88133843,10.07525225,356.482576,737.3544858,81.72066541
24.78785075,58.91445413,13.03638814,332.685382,816.017993,77.48777626
29.83282904,88.11977479,17.86604957,123.5284462,288.4536088,62.39759243
24.85138142,70.32892122,15.36091769,281.576194,464.4477175,29.24500516
24.66361727,39.22470192,6.919170597,174.7537129,961.9699384,93.47866053
31.76460842,37.99360488,24.8739606,302.1965793,324.8261211,49.18688217
22.22807558,42.2558855,20.05308002,382.1014774,411.8027397,28.06195312
32.1958935,76.00270047,13.75388076,86.56628656,132.0944535,36.55746066
23.13609602,47.72262023,17.36337099,282.0930906,399.129437,1.68410152
21.56466211,31.2833308,6.751456345,327.9334193,433.8382583,25.51590618
24.07979822,86.65046181,14.90603307,182.9153541,189.8520037,18.79561087
30.24893917,40.18280498,23.61664832,478.8515673,101.298025,13.55566421
17.52004056,30.57349117,22.93201916,284.1362715,617.8649359,3.213999318
18.92838432,44.22789614,11.74761691,132.1326904,371.3739412,22.68754434
34.02889651,44.10172723,15.62735728,98.50471781,116.0414535,10.35187181
18.50983255,55.32031505,18.94767048,293.7467971,873.9498736,4.514037821
26.35454636,85.22338989,11.80018534,218.8572715,625.9687094,13.73222591
26.58628933,82.75109507,6.297584362,136.646194,254.0515154,20.24033635
24.79248924,57.4136733,15.10883313,63.81431905,878.7219606,41.59623251
27.89490497,54.6539943,17.03271472,304.970036,328.2273734,58.36956862
19.59653452,63.30054519,5.116832002,319.3701066,304.7011584,32.22658624
26.05324536,44.60724072,6.911507471,113.8111705,905.1706513,14.12594155
22.4434651,33.13109952,9.145812872,320.7821224,261.5120915,94.03238292
28.23334519,86.35344817,11.96104574,478.3877396,891.0872139,51.48537122
17.82447087,41.20193909,15.82102446,490.2330245,822.6759711,74.18803327
26.41754834,41.90404375,10.87685838,449.8218215,378.7997867,69.44351413
18.70540711,58.34761973,10.52367629,413.1853614,130.957373,28.48967571
20.57286126,59.49680069,22.38698688,144.2155265,174.3157932,55.98619254
19.37419601,31.10605258,7.901012816,120.3958321,198.575441,60.21641159
18.6567556,38.87728433,14.90920266,250.226421,901.7189516,35.17910241
31.51421903,52.68928911,24.05649434,328.8342881,463.6323802,67.07665655
20.71415135,71.02384161,17.50026498,432.8054078,129.2767816,79.06765514
33.54247564,43.70510741,19.3441096,154.3833685,600.8936159,36.42105507
34.39853051,55.38086677,13.62473983,265.8415552,287.1930255,1.491537154
26.4252094,63.44070388,5.398643342,341.3481089,311.6134383,34.93359376
17.86002245,83.31554968,17.92260737,250.5172345,244.7575614,11.68156035
22.49096487,49.56423014,17.63848563,254.3871547,785.8193162,15.56078892
30.95464527,38.01349595,7.208552729,151.3027225,100.5516044,36.59494769
22.34781457,59.35633355,14.24319427,493.9974072,495.0857475,20.76210982
16.74034437,74.8032961,23.30657889,263.8369775,178.1840498,93.48889534
26.13569822,36.59158542,9.101696639,289.7338754,597.1371409,65.28029223
31.90241703,55.4810095,14.22197509,148.3516811,411.3931115,51.83641594
30.91852774,31.06710848,14.2220637,281.3615232,125.5164227,0.972434268
18.5024628,32.0135509,21.21522936,164.9073013,514.876808,10.36177432
28.45529229,58.97720179,21.49151741,141.0513131,613.5269481,78.84778467
19.41008527,47.89183789,20.18538839,174.0750129,322.8886285,38.9743763
19.36415069,80.70643794,12.30908318,51.24184183,788.9607074,4.549319612
32.48143547,66.12925837,6.4407385,306.5680004,433.9438892,82.55590938
19.99337905,57.2359777,11.98965954,224.3660025,774.4118627,30.26460132
20.26494693,54.47612226,18.59582403,454.4100586,621.1141561,38.6295622
15.01306782,59.83472881,19.05493149,68.31822813,882.3277612,97.43690706
32.41338068,32.42632987,24.30000419,69.44013539,592.2323119,1.551274103
30.85189626,83.56760139,14.07282463,448.6430828,267.064474,72.13243931
27.5465787,89.89818934,17.64871166,106.990089,840.3320749,94.88841763
30.00531528,40.88922749,15.78381741,50.97204686,804.7317252,6.385958235
18.04097135,37.22297789,8.012371202,130.5112387,975.1202333,86.60770244
24.16647189,38.61464781,14.22404944,420.7442788,184.2237272,41.62416935
22.02438775,69.66162349,15.89670309,411.2213372,632.1080461,87.79965158
16.87553053,69.68645031,24.01499212,203.0594949,542.5020855,30.82745929
24.7226097,80.87544974,12.33078109,350.6139128,703.7849039,98.26627205
33.41479301,75.10958331,24.60198206,278.2623683,982.1618633,64.70494097
15.80118238,56.9813804,15.84600148,457.1307454,579.0448694,62.70903604
20.82921827,66.77132169,9.849384866,75.39056394,717.1647715,80.59033829
19.15081872,71.29708022,8.83328774,415.9306079,412.4920993,43.65860696
19.76293307,60.76418822,7.833898345,126.7694012,369.0734389,25.86696321
33.16869104,58.53905907,14.05865741,226.2294038,401.7669091,26.29301927
24.36138108,68.70584674,5.438528596,136.3807181,134.7471042,33.06037508
24.32598826,63.44847294,13.90090567,366.1764843,356.2665809,61.73526346
30.21151285,68.63653832,24.76809384,355.2467809,255.6517544,83.83897306
18.08984408,66.77128644,18.40213591,296.5539208,511.6851819,49.95778784
24.74530708,73.15179363,20.19572242,364.1733666,514.7422875,40.34482304
23.59970428,68.56821053,7.380107814,337.8041513,788.7068481,79.38477387
26.93821381,61.18454919,14.46201723,399.3989251,552.0624831,28.96679068
34.99115407,70.90780868,10.72446202,157.7329931,516.7734295,68.9035269
30.38897788,56.96891791,22.88195056,243.0106767,308.4636805,10.58052207
22.95731406,44.50027356,8.62584944,118.2319382,867.2320091,11.32382662
31.55106105,30.08509321,14.17466654,243.3171039,181.9008151,64.40554768
18.41416727,63.59784883,16.76095437,365.7612881,984.0663685,8.275051428
15.60927373,65.4393136,15.28082183,361.1260224,528.4674963,15.5051164
19.08896745,88.32293789,21.60487056,369.2421065,267.3882996,62.43690572
21.80823112,51.68870005,9.629063426,188.9453879,418.8952502,43.82036971
25.21161515,53.64799457,12.54782221,347.9962882,113.8331644,56.12964529
27.30258281,42.10797488,20.84168593,215.3598438,249.8704113,97.69429126
33.21211434,34.23205771,15.56142823,475.0214207,401.8058374,63.19610379
25.19708019,76.36826957,13.04234771,204.5148646,598.9737509,59.08508043
25.02551289,44.98086386,5.588850295,321.3582053,216.5327602,38.01380814
16.0048602,66.53429166,20.06770848,387.5655714,708.3669666,63.0877595
15.69823105,71.26638213,24.44364156,457.8833431,859.848841,1.29995257
26.02319924,58.27420124,17.40574019,247.0678716,615.1056494,55.73202493
23.76357226,82.58112678,22.13082441,212.2182987,367.2113025,6.889736051
31.7836079,56.62769046,15.33751486,243.5126789,209.2530929,22.01722469
18.21359169,47.09451738,9.633619308,195.6633582,113.9815567,56.31210022
15.49943324,83.76093138,5.288842085,344.2660205,758.6220997,66.79505485
23.98077536,81.69385705,18.06796535,469.7225438,665.6314315,38.47965404
19.74957114,39.84239682,14.86217696,106.7319529,528.6550654,41.8979916
15.99228747,31.5576611,20.64196294,302.4149291,191.795997,49.80224058
29.49196574,35.39913338,18.89364835,453.9419264,286.3226631,75.90746077
17.23186,47.19284391,24.75904736,95.0515451,833.6550733,1.762777159
27.16639,88.3355881,15.20625167,272.2394348,531.8663212,44.70679988
20.620995,63.51096919,13.54349579,439.3533181,966.5495737,1.427359791
18.46992101,52.39570392,10.73479379,455.2034953,999.9749326,31.91418606
22.59503046,83.32296568,14.53722584,281.4584725,820.6364137,51.98486213
31.02891552,57.18817989,22.45742956,61.22834801,332.3652489,7.991928367
22.84187154,48.9143177,5.848794516,97.53763029,308.003466,48.5213528
30.01539298,86.47317172,24.55800095,314.0225354,328.2708884,92.45739036
17.50972594,80.97105997,24.86614389,105.7363729,988.1065709,68.53423377
30.45542839,80.62010253,16.95642757,117.2379996,401.8064303,78.22526719
19.7386665,60.73708458,11.63088407,397.452694,735.8020693,58.04142182
28.5478626,77.36630393,9.460979366,387.8114264,963.1159388,89.635898
26.3156311,40.76120156,10.52980791,429.2477417,837.6365321,14.6869292
33.58289434,64.39337745,6.00210853,97.58081143,637.8434282,44.97860332
22.74645036,89.03075537,14.50221917,139.1651965,252.0689722,59.70332344
16.32330378,47.45750583,6.146485417,424.8326434,257.4444202,87.34753416
15.38310971,77.66113975,19.3694843,374.4894239,543.180777,30.80102455
31.53717122,59.42870443,12.43858911,412.6802575,956.7500463,0.112797777
25.49471275,32.38834099,8.987294635,495.3855537,914.0443262,97.4414111
30.50488104,75.78116387,15.89707116,438.9942228,249.5728499,2.597730413
19.688512,40.11414866,24.47518614,284.2084629,358.9477703,15.23667272
21.90167491,67.88841403,18.90262098,189.8456832,629.930184,42.20463294
15.60207744,35.13985164,14.834937,306.354464,529.687443,49.6369813
34.22984649,86.81204385,20.53828599,337.3639476,207.4265284,83.44659574
28.35735813,47.50343323,19.74952944,200.8904636,432.3764683,44.78179499
33.66410176,43.5878815,22.83470922,396.9216669,959.2429309,54.74291367
20.30992815,37.74818424,9.093378952,91.7392067,956.2980023,19.99998709
27.22927222,86.7601316,22.17755153,400.7267828,603.4832929,56.91586991
28.56999937,72.71422455,11.02052174,64.39933341,671.7351742,34.8383743
21.35099401,74.49965332,23.81997856,274.0847273,299.7156528,9.873228128
31.9621847,59.96427368,10.62130298,437.6464086,767.7574538,94.64628913
33.94322926,58.48366712,23.53697086,88.92287331,147.2465684,8.168428544
32.69710235,36.60127458,24.27581429,282.9825214,298.6139693,67.78789304
29.78133952,63.59046574,7.909827149,121.7261475,105.2953189,90.81931529
20.54929359,44.81498971,24.48999767,452.6670875,447.1311329,17.92046542
20.63232084,88.62871997,6.714459369,424.5554872,865.2350788,23.71176661
34.26720641,77.7948564,9.371355732,470.2627595,984.2558294,42.67067651
15.20568992,54.77952361,13.88337562,443.7420537,700.9803778,29.45099682
29.32099946,39.08047552,24.87194731,381.4489894,770.3800169,75.90331397
29.12492325,77.11990147,14.77126102,133.200138,336.4746204,33.81533755
27.45379082,37.32322602,16.00818886,186.1261771,568.2994241,98.58355404
34.80217692,41.36002521,18.88849899,273.5848212,762.9201089,85.87872325
21.23758872,42.69123106,24.36587117,315.0035517,547.5482434,89.53441338
21.79943728,63.4134383,20.667028,401.9825279,179.6917529,6.366428527
16.57878806,77.22339924,9.483080088,152.1318327,766.7777738,17.63084594
23.85596273,48.85889272,11.05981861,107.7248274,297.6079527,16.93684069
20.22097052,35.08018886,6.952564792,267.1745768,187.9279038,67.19646482
21.86773404,57.87230781,17.88904728,121.0286349,530.2521539,1.191137418
31.69143581,74.88661447,8.614806131,362.181561,167.14817,80.64262
33.70969027,43.29983059,10.14809777,309.0339005,666.4993003,54.70460184
18.71466144,43.19547288,22.7622731,383.4985087,676.4259253,56.63130316
22.45017863,86.83362164,11.53511351,78.54645184,331.0317758,53.73364222
33.57261124,87.24922363,16.33293437,484.1139022,968.0809796,53.53458897
16.23616921,89.42794392,12.95132018,50.0024915,842.0064281,19.78860746
16.84721056,78.45957609,6.480625748,196.4490868,198.6282621,28.31797218
18.25581978,41.29105015,12.2572766,355.835657,773.6609146,48.76174578
26.90425668,42.71889125,13.16136406,70.31393324,417.7672188,67.78444975
18.00944542,50.41351449,22.91402204,87.50731161,775.2596695,27.195376
34.36152763,49.08795188,11.48901307,84.50664675,820.7153131,80.6134925
23.93429055,87.39166494,12.5848224,311.679377,236.2402505,81.05931678
25.03035921,77.34443897,20.65793537,453.1663918,695.6577864,27.38794072
19.93317232,73.44052753,20.17913302,299.94664,876.4569644,56.00646806
24.41920505,41.15779344,20.96570553,321.6071085,391.0362616,34.89228545
28.23827265,84.57153356,24.0754148,205.700743,172.2954738,19.06857354
30.02354274,79.67222277,20.91114997,58.43352139,124.5407319,80.59999558
30.07736165,39.81851048,13.15216406,59.72662299,199.0008644,99.14812183
26.55782225,82.27021992,21.43017034,449.7394849,103.7853292,56.57191782
33.0871955,46.33485218,15.17349264,96.15759742,394.2513482,91.39467049
31.34815695,34.85218475,10.55428065,499.9052173,369.3957292,64.21688075
30.14096229,69.40933839,11.05834136,123.9901752,199.3071409,56.57237016
16.11211043,69.22827956,9.476847771,353.5854998,686.0060903,48.014488
15.13755924,35.69592057,7.899859156,477.0299625,992.7157221,23.57149667
19.24894554,49.13110854,8.689808237,213.0301749,910.8337734,8.425527128
28.27047188,89.56886774,6.263560999,380.4949349,327.5655397,44.2335918
23.22394978,70.70560002,22.7690173,207.8854895,792.9834697,56.13099135
23.04812519,73.80451,23.62015619,187.2234755,943.176937,50.94496542
32.69173776,42.77503714,16.73540785,140.8118372,915.7278133,69.55706354
32.91125696,34.72692426,21.80979113,419.4207081,896.0945692,19.20987836
33.18350528,46.61410138,8.671422053,165.8241786,807.805461,35.42029789
21.27756153,44.93390311,23.0334765,177.4211733,363.6923285,41.55672713
28.82111625,44.07264604,15.12723119,499.536384,175.2067596,18.65233056
20.43266363,41.56525931,6.343299852,197.289696,539.0374176,90.64642137
18.81219666,64.48534144,7.82625489,240.24852,149.3120209,68.15114574
18.69264915,49.68620855,11.17952922,495.524956,998.6263161,9.186234634
21.84215242,79.2207009,5.871151607,216.1851554,422.4787148,71.27980399
23.5991524,41.03684507,11.18586756,214.7684033,962.5059266,54.7787606
31.61898342,57.87762425,6.198608662,422.4715098,795.8088927,52.39404668
17.39782187,30.81947019,9.720552104,190.3686658,470.1618583,98.97857751
29.69851695,58.90093935,10.31339512,155.2037466,206.4802714,61.82008212
25.62909828,33.35029325,24.88737953,240.4446148,313.4737813,89.6728193
20.75890685,88.66341071,9.710933475,365.2883603,705.7401185,91.35489401
24.85639169,77.43552772,9.783728979,69.45936124,846.941683,10.14186317
20.9988414,59.4066886,18.73577937,218.2622122,981.4964426,0.836225638
26.9216391,35.19524149,22.18714957,205.8102059,218.9459656,43.52669094
23.67687846,65.54672645,12.74110825,160.1682563,240.3526108,76.9284981
18.28811058,75.52582504,22.5123604,344.4293012,138.195529,82.41959553
17.33166149,41.44303518,11.80284041,180.4955362,334.328073,78.74940466
25.93391364,64.09250045,8.940317592,323.0292016,838.9606949,44.72879585
33.04826067,78.8526539,11.59277649,276.9515787,278.4311711,74.99641185
21.87915373,76.09486666,17.18712748,147.7354419,593.0782749,71.87765245
29.66000214,78.17952107,12.34286319,169.9547257,501.7664782,31.3819251
28.1732271,82.75940549,18.45787608,126.770024,393.2436181,16.87205602
33.63109829,86.26092613,9.738717588,75.48314668,656.5117721,62.14187172
31.41962035,54.33126931,19.01985788,328.6348084,552.0932104,67.70863922
26.33210518,64.12614615,11.94876726,352.7549123,401.2868561,56.79706909
28.14060996,77.43957156,14.11736743,124.6999971,719.9657966,21.31795465
32.96772933,71.82838884,16.15490281,326.9265731,351.9713719,27.66733204
22.99037569,89.7312137,18.72450006,491.938133,678.8650058,70.84862715
21.53589412,30.82065907,9.774273837,83.48094272,961.5212815,96.2622364
15.21622167,51.30799292,21.71891075,270.6668926,756.0567813,94.48356016
31.53102148,46.86167558,19.436855,379.8671961,476.5596037,51.96581464
31.01961401,45.73895101,9.68195838,70.70413902,772.8033891,88.65594748
17.08909036,43.35178695,24.49949125,400.2230723,828.3176351,2.945120031
26.53714762,72.54743045,18.29593982,490.7800567,393.2564203,86.11521216
24.27963396,35.0855684,14.04853773,89.81953859,734.6189941,47.61508234
17.37418191,74.49653004,8.150546511,420.0034575,490.9565765,78.15273349
34.61136454,71.60555052,15.66442005,220.361695,836.6702336,0.558290959
19.29391775,45.04824795,8.295517737,114.8522911,365.8398357,86.85607844
16.3446836,45.17002699,13.58983357,271.9369441,943.983703,59.49796224
26.89694759,67.73163512,13.17425045,82.1834311,617.3082435,24.02303983
29.77733354,75.73026633,19.39879289,284.9456337,417.9729825,34.74830544
15.64886892,82.58913679,8.847663624,58.7105546,477.4341418,20.06660869
28.17435277,81.12837383,21.4374271,377.8751488,413.018752,42.44057578
25.64583752,87.89297965,11.52264654,269.5863586,231.6217023,33.00060313
17.06530018,64.88309372,13.87977254,256.5228474,161.6431572,53.45031771
18.45047754,84.51933368,20.44681951,138.2861722,389.6008256,81.47844419
26.35948595,78.5107964,17.50784799,212.5684201,512.821397,98.22752652
20.92715227,83.68005746,11.16050704,131.8412446,425.6352455,25.14576407
33.76631457,30.69759608,12.72405849,380.9255452,112.5275533,10.65082627
31.37480459,87.95417951,11.11573628,139.5613847,621.1056214,39.56672499
34.67134413,58.41180977,16.89540335,327.5389972,230.3348319,14.35542762
20.19341678,77.89097937,11.65249066,175.8233755,289.9047507,83.42402021
34.39447266,37.63224716,19.5139539,345.6419882,208.6736809,50.11248795
23.6246774,53.75646575,16.59574317,293.2047315,568.389457,61.99623824
21.95037591,46.28763978,7.914132235,240.5473842,185.6433632,15.06125543
16.00699054,47.49952623,11.20537237,352.850375,330.7215243,74.96088158
16.05530516,37.3953372,9.428948838,237.0749322,506.5378459,97.35818119
28.84022512,78.34582995,12.80626425,419.6167712,250.9379967,48.23852515
24.15857989,30.55453887,15.31968172,378.3193062,501.6172255,96.24573048
19.53043252,48.75032742,15.13525715,293.2875475,408.4616131,3.471609384
27.27940613,40.46463259,20.09047353,444.6773072,874.5374596,3.572271381
20.05716237,65.34233644,8.783437272,422.9878197,815.4128914,96.00129108
26.55263509,45.25514416,23.92945659,289.3277276,993.5691251,70.02655974
22.18417494,45.53990727,11.85690214,80.80146217,576.0205597,18.8689727
31.47104453,59.30028864,11.00497694,304.6983585,617.8573842,36.38747991
31.41392322,69.16134236,18.70357156,209.8656453,951.9812633,50.77530679
24.54700796,37.27828227,21.11033257,293.0508243,459.6329932,70.26377356
22.01638219,40.53068715,12.5694353,341.2087072,600.1144161,84.20265602
22.25119593,44.83048468,19.9369395,340.1773587,441.1769462,8.265640471
31.11429051,88.42489285,22.67471912,353.0858196,591.2746353,65.65741235
21.56358966,53.82915,20.3360733,355.6708813,172.6897893,47.67114136
19.18118747,65.93940544,5.683929711,99.17663842,805.414684,59.76222754
16.69376684,44.49256876,21.54737823,136.2705487,986.7519527,50.85316066
24.33386242,59.42757151,20.48961917,333.743452,159.1663622,45.06930505
24.64264198,34.44715046,18.38580476,233.6775749,820.9357572,20.55127962
31.81817421,32.08452876,20.20044838,393.2832404,317.5613204,47.23359124
19.42477393,58.12401161,24.58850792,106.209177,277.7923479,18.9655138
22.61982547,53.91955725,13.62225776,136.1853475,724.0333584,4.461148703
31.16811478,38.21281918,6.344464699,301.3090891,139.7190237,37.38244909
31.47247221,71.25608574,14.21779939,275.3366087,516.9154125,2.495573875
22.69222152,89.57420945,5.928673108,169.8787193,101.3000193,56.2544963
24.18248047,53.73880927,10.88500816,233.7544596,598.9546258,7.239245334
21.06571782,67.47351816,16.73759584,65.74157513,515.873501,43.75536423
33.65109757,87.77855654,11.19245786,66.6671486,923.934346,98.01428374
17.37287531,79.89209835,18.70790492,92.71715127,748.2447125,0.988152062
33.67498846,57.8131334,21.43972655,309.5566039,213.4055547,36.68545677
28.67732904,74.24936907,13.40878359,438.6723866,419.0859638,67.3262856
25.63144305,37.68810242,23.00275903,167.1004802,938.4217927,15.89169046
15.65318122,60.72623133,6.596778627,65.27292338,752.8007325,56.07336416
24.51192384,46.74361663,21.80226328,368.8821959,634.8476035,25.81903586
23.1549621,39.66982127,21.57146291,434.9085076,603.1644317,22.27686916
18.22437624,55.57685438,11.43987793,112.1777534,458.2886198,89.49835507
28.12819207,37.86087327,10.97430374,223.5864632,626.6813164,20.3280479
34.42301815,71.93910649,11.10189962,121.4315783,794.4979734,37.65517108
26.24377622,57.37440264,21.22787425,97.86084377,214.7839087,16.95975049
29.29506553,61.86867795,21.63306975,341.6758423,972.8475757,28.38877398
16.36900905,38.78255632,11.59444918,485.3914143,315.4283822,29.31066801
23.35333992,38.38629967,16.85180695,355.1745315,502.9684133,32.67730238
17.3271697,65.00492612,7.778664589,493.1665983,120.4440622,64.10669368
27.25591671,89.10058487,14.37557477,245.4778742,595.3113307,74.25927431
33.76964316,35.77503499,24.97585702,454.041405,443.6801625,51.06697195
28.23555465,47.14388571,8.176782954,142.2879011,324.780285,61.04759809
16.53606097,82.16754699,23.9512528,103.0569652,986.9718284,81.3268747
22.0933241,34.33632074,21.48509444,366.1340229,485.3270284,99.95606613
26.01326759,82.55314328,24.44429302,217.1337489,472.8667272,45.65059863
23.06415512,61.457159,8.591575212,192.9594212,516.792938,93.64344956
31.67288021,54.49600644,9.270369809,352.0762601,204.5384012,49.0370093
31.29342009,48.58083386,5.337343635,200.0678188,453.7864988,78.19997525
27.2366204,47.82702949,19.49403626,307.6511775,402.7638332,57.32230451
22.4691589,48.34815495,17.88189387,184.7547978,518.6120129,88.40392252
20.10672748,83.08818486,8.561308766,402.6909147,870.9590502,44.87032016
17.11748636,73.42771381,20.82289931,190.5747532,273.5068551,69.58150013
22.09795367,70.18338047,10.98391012,290.747365,646.9653931,46.63152192
23.26345034,77.92494894,7.699911387,60.42923766,133.8733808,85.70274013
28.5164585,45.42687978,13.4512533,406.2788525,385.1132519,99.43686791
28.16319649,67.08256872,6.819396969,329.1519987,525.3918572,24.33149919
16.40216279,57.60397434,10.26487313,136.5066801,166.8512357,47.43389632
22.90518631,76.94649811,12.42666717,146.9180192,589.5711412,8.125667976
18.63557734,48.55536663,22.03728349,168.1218133,379.293059,14.09954444
18.13625411,68.59071701,20.85097483,309.4385471,993.5290122,92.91501822
31.54604299,82.93274471,13.85508572,296.7423499,667.872552,54.36137765
15.83830433,54.12902857,19.49150116,173.2386738,319.7576764,39.51160172
23.38365752,33.99732524,16.37299272,362.3280314,192.4059209,67.14825293
18.36407312,60.96304934,11.8168371,450.0685247,136.6478014,56.01612883
32.58660431,50.75834927,19.51748687,69.58196494,181.6959379,28.8717723
26.14081027,70.33352283,18.66998309,237.738487,712.0535743,22.66145063
19.62761273,87.06197548,17.38188884,317.0840533,869.4930484,59.023975
25.04854574,59.13649908,17.35911042,313.8958416,241.0598032,18.82655112
29.62972719,57.97141381,18.65963985,58.79090615,461.9210082,13.91721008
34.16236018,69.27508801,12.69091025,144.7547296,418.8118089,31.83875625
19.40892008,36.20985022,22.3815163,77.82382459,680.0662821,86.13410631
32.72363544,45.21037134,8.24615691,306.0342826,264.4100936,3.681944092
33.68608228,85.13875953,22.67770926,340.4254495,957.9873794,83.32662536
33.32841089,70.1965568,11.84563686,121.8839735,755.7007437,62.09738362
27.70828714,30.80664264,7.500632312,199.8550037,959.564691,4.037275756
27.59641309,42.27752835,17.00054805,198.4116845,349.6323205,60.20389164
23.06421266,70.97023596,12.51973338,418.9110492,628.9440741,42.60194048
30.04795765,75.86395215,21.30999454,137.596732,759.0411434,84.11276081
25.62588037,80.39157436,13.61570937,296.7413546,739.8606005,90.71987107
28.54876142,47.5306082,18.37125051,402.3209806,119.2114895,28.64931612
23.56915808,85.86171578,11.16515979,423.3101868,998.4602471,78.41700091
29.62992928,63.17681361,9.189047501,349.9547424,935.2539755,30.98028293
31.48943035,71.79234134,12.76098062,184.7874885,207.7768731,29.56354573
17.92872513,65.80433177,17.13615669,420.3709587,589.2100969,19.26383407
31.65859431,37.36440328,18.13893478,383.9747122,383.1008098,67.84890283
25.80593064,87.78687956,16.56413331,367.0111102,891.0046143,26.1685479
31.89331818,37.37253479,24.76111437,80.3009295,727.7676675,46.4858342
23.62603413,45.29291738,18.82180373,69.46919629,301.1654411,81.21280875
22.58080971,78.81767281,23.63039255,362.914384,130.4750308,79.19128417
33.30121465,67.11581769,7.358663898,475.1576606,362.5676224,85.54426093
20.02338535,80.28894992,6.227458596,398.1757676,134.3235455,16.10645133
31.88424651,60.9441713,11.21989404,424.1640049,227.1796417,58.68927623
24.68041145,52.61959412,7.731778768,295.2420264,672.5242375,91.48398448
25.28190885,85.31072997,15.51737056,187.0637648,770.5765613,4.20500863
21.16936563,32.17513905,15.37962507,354.9816035,521.21521,79.4526773
26.46084401,81.36781322,16.50094333,370.386894,640.2590836,24.62372142
21.50422393,43.84906711,19.90455762,353.9110873,240.2965326,66.96535953
15.78538828,80.92417967,24.426594,476.0190755,385.1156535,71.7405044
20.43997211,38.35179681,22.56517383,215.230565,741.5954625,92.55851583
15.12758087,64.81313782,7.367344792,67.84589253,428.4020045,50.87994224
34.56709574,83.28647514,11.77027378,458.7999587,413.9301012,84.82311081
34.3149442,58.41237881,10.1164605,122.2246035,274.5933733,4.53180126
22.90310595,74.79400043,8.536347156,363.7932527,635.3423885,42.05427803
29.56741709,78.28029707,15.89449753,442.9419979,828.5847454,43.95189287
21.91612197,74.18965252,16.06528804,189.5636291,522.5005257,53.82784758
28.42186314,85.51978421,9.544896558,423.6868584,203.9853308,48.13404748
31.10860086,56.81005383,19.23794501,199.4261568,854.5306887,96.79615209
33.93512489,40.38752635,19.65828598,407.4160677,164.2573941,7.853957085
23.00424552,32.86866382,5.419599897,81.42343834,524.5546359,26.50166619
30.66595966,44.78759218,12.91515407,344.8593494,334.9696025,96.86287814
20.31856901,38.59185023,22.80281282,354.7121363,942.6863407,44.53025462
34.80664608,63.47692449,15.40637216,271.1416235,763.7888782,57.11574521
15.51539198,41.09672023,11.95255603,359.1908887,609.7680847,8.102554431
27.07057613,32.33602244,10.07352303,465.4326517,700.9798966,28.405088
28.19011963,32.15938973,9.867090398,380.2346712,579.4545365,3.965169866
28.76091114,79.8941699,6.995360677,482.583213,232.8408507,13.75048425
17.40775158,65.48699589,21.34452838,251.8755412,738.188812,63.33148178
33.77059567,51.48511811,6.733148108,287.7308293,543.406557,76.36224639
18.62366558,83.65368256,10.84589532,168.6824138,670.8783442,87.00848769
27.45506806,34.21179668,5.913514771,493.5207505,140.6814976,25.14643805
19.45352158,88.81932436,20.62773139,74.81153082,227.8313133,33.28638416
21.14432834,66.97750742,5.785673645,211.3791879,630.4334283,56.93983774
25.92917083,41.00785524,11.16602208,183.9637241,513.4860128,8.368586347
23.34386837,70.74414594,16.4659474,223.9302709,304.1863021,80.67182602
18.20451202,75.80287559,13.19122721,462.9730372,316.6848285,48.32920587
18.41872805,55.760567,10.64542134,215.6170433,668.4924813,96.55075527
23.36289576,81.69795637,10.50378145,462.6394937,153.0703242,11.7316009
30.14565957,39.04394444,20.95580612,240.5024877,490.8325098,13.32903809
32.95929294,46.73025501,24.4795619,434.6459461,570.7931543,34.85772841
16.68255325,35.6095417,11.96082141,284.7875443,377.3283425,20.67621994
22.86207815,42.65267044,5.782910272,190.1087795,838.4948456,69.65901488
17.00491127,44.32372871,5.731315558,252.2074095,151.0926243,94.68104576
15.33184961,85.05799146,20.1842683,240.9714855,879.2045067,8.990450996
28.23437365,34.68658133,16.04739643,166.9613279,750.9366936,24.22363331
27.04898884,55.64490721,20.67185315,180.3374285,501.628941,23.7898148
18.26038228,61.94392123,18.94994021,133.9042646,932.0206512,50.9073064
19.67625666,83.92158323,23.15012699,201.2002507,732.0144668,45.20254424
15.47415507,89.86177312,22.71648582,330.9826115,937.9408147,72.68662062
31.69894411,75.2032869,20.76654791,223.9511759,525.3308015,73.26312208
34.49381192,88.24745943,14.5037832,370.5454449,507.6757909,57.27544635
17.70919074,77.22606795,11.16252815,494.1401764,577.6683683,59.10222592
19.62950428,87.79215846,15.14053575,219.6954858,158.8840336,84.23163899
32.36819048,72.43624356,15.04143215,258.1876463,917.6448262,39.69364378
33.52927596,34.78580553,17.20551098,123.8495706,700.9453465,1.23429483
23.39254766,54.11521122,8.721951356,226.4968786,655.8271101,21.30302888
16.01244945,68.79583703,18.11239761,377.0746029,933.8171828,3.536211069
15.78783667,51.04311057,14.13201848,147.8321599,994.2734598,39.34962228
26.47899732,46.40303509,17.40409664,131.9243219,247.0540516,35.78356254
22.85790218,64.64395603,9.792096458,219.3686931,774.0972864,9.862993453
15.57304855,86.0101126,13.68789788,418.3922686,621.950657,75.50255909
26.66504785,32.09891241,9.204024289,330.6457354,514.8974697,55.3060734
15.22605073,76.15387221,22.50610314,480.9107199,979.8513415,22.57017057
30.74743916,73.36363668,14.7592209,457.0431957,865.23671,75.91260759
21.12865645,87.83720552,9.499628311,118.0117386,727.0749857,66.7931192
15.80516006,85.84267334,5.824173915,69.14874857,444.4085505,19.15951398
26.76704442,75.73395372,18.51477329,229.5926304,699.4367237,98.28883306
22.95368829,61.22452588,9.29289428,284.9357655,578.5247112,17.74260659
34.47600827,42.25605319,24.79164385,282.0067768,324.4316048,77.1700264
25.88397325,62.7141431,15.67400747,110.3482705,505.3431908,96.82864831
20.50478362,75.92111964,10.77953992,106.1678445,290.9907713,72.55021802
29.18877729,83.74015276,18.15354868,71.0873401,550.3782639,66.57770694
20.42984005,77.38272055,10.50439847,432.8869667,748.2142684,90.33214468
33.08486583,41.71601611,21.40548588,476.4848621,132.9816014,26.91321939
22.49443941,65.98117885,11.16472102,102.0582591,788.8417384,27.71557505
25.99737126,49.93040757,24.76495465,145.9050658,117.9945928,64.11603887
16.01146208,30.55234004,17.10289571,90.43829813,565.5499327,88.21377797
23.52242476,42.01325615,21.88822298,444.875977,616.1290364,61.73741484
31.64727079,36.793239,6.456309392,481.4189301,785.1191137,97.70487563
31.11297611,80.56314741,11.96598835,167.8084595,784.925941,22.29023094
19.48637118,45.51037513,19.74974172,186.6127235,475.7099013,82.58796029
19.52158142,47.08187813,18.10118035,213.201358,159.7352598,92.72636483
31.34610624,87.59619431,8.884862429,276.1086917,724.1501375,42.7002398
33.6079684,52.74520338,12.12405861,357.1074404,559.8874067,96.19825267
16.90721843,30.57513841,10.26886815,276.9757625,399.752611,20.21476205
24.00117279,47.0307689,17.2674034,477.9507118,311.3864045,95.28339333
21.74908558,37.15797484,11.89136459,94.95205633,207.7823918,90.28080595
32.41376911,36.1685137,11.18108484,409.3724805,365.6282475,6.614587216
16.67049829,34.64923741,9.147559609,200.5173909,512.6406626,52.1331608
19.22251885,65.59556821,13.18054242,219.8964596,529.8482514,52.88390515
30.04936675,41.36086342,8.910051804,368.9732497,624.4650383,5.69734269
16.02587698,51.67456764,24.25139175,468.2196994,426.2217124,3.953116011
24.85070761,81.72106297,8.09003623,372.2903503,927.9080823,0.509678081
23.84214069,55.46028839,23.2660943,399.1372589,546.2826518,52.45088434
21.68802358,84.941481,13.56946196,387.850659,481.3525361,46.3815604
22.89144631,59.8762832,12.55731983,194.4403727,143.3511715,94.04601936
25.59881174,53.93019689,9.626396018,390.6186949,639.1135739,34.23063159
18.22734717,75.02333563,17.71512669,403.0343421,642.5820425,65.82273955
26.43991757,34.39050593,18.7105603,290.0301443,624.960667,0.756341464
31.10864659,35.36870298,14.35141925,291.5403074,898.8372258,66.35384458
30.2032186,69.11842284,6.114137914,391.8743614,786.6107493,91.3460024
18.07799809,59.21644279,23.37020301,417.663888,880.6650576,35.47679567
17.98498939,77.42491502,24.60658266,201.7379489,153.4803012,31.40571018
20.36348735,84.97625024,13.6208683,410.7029979,386.313789,62.60298649
22.22149453,53.30201266,17.27321615,416.394053,386.8407493,32.85520655
23.16911163,65.7846016,14.00597252,155.3565384,691.340552,40.24183755
28.59394434,60.04179767,11.43759302,372.6278354,503.7535438,27.31165409
16.13360864,88.89663934,6.546375857,133.9402648,799.7253429,34.48892063
15.69345408,79.86506444,14.12135461,91.87210084,445.98751,67.94106124
22.83821126,84.7042625,21.36769113,308.5443554,299.4468196,92.23751864
28.94327384,45.26040525,5.340629222,458.8934895,361.8559615,58.31154757
18.86870686,76.35158539,16.64215366,65.95656059,264.2227535,1.003344893
27.83008963,45.9283935,22.61544217,421.9257369,278.1034226,26.38925618
20.19656276,42.52455201,9.3509886,277.9120448,295.1550239,95.22385287
32.72172218,86.65596958,8.665117294,437.4029519,114.4852404,91.03217638
32.91379889,31.158265,20.44553251,429.5646208,744.4792313,11.56472396
20.94574409,87.92332222,10.10172862,443.8790622,459.642108,90.84170631
19.59987508,38.95571382,8.839685351,395.9932797,120.4041987,96.4529023
23.22607944,79.16628491,12.55978501,429.3465595,433.00679,32.45718958
19.8106317,46.55535318,12.85004025,129.2113432,914.8313144,70.10068094
28.44767687,51.04213965,22.48202126,186.733917,560.1198853,55.99824155
31.52129369,43.00546268,17.36886944,159.1187769,988.0768102,33.70496586
28.46184262,65.13084255,13.11922913,384.0927367,585.9634887,15.33357809
31.48700894,50.88573285,15.68775929,119.1394037,966.5190991,36.69202241
22.93984324,69.44358237,24.07930467,132.0025057,281.6206559,92.77965714
18.12633941,30.93883908,7.264293532,445.5341243,360.9413314,81.12483756
29.75901895,33.86249301,9.154310434,367.6469868,729.9730992,33.06745306
22.2094901,35.97966916,24.25057413,443.9209901,988.1394553,54.7675352
28.4254165,55.13962112,24.14649697,112.7098662,842.7676699,40.59616787
20.41287884,78.88777036,8.543308425,229.5411821,598.334749,46.6237848
16.6245927,83.29067462,7.902176343,177.4180265,176.6373529,76.1210686
34.85163591,44.6886444,13.42170269,54.35648838,427.941199,54.3006201
18.12403016,64.46218345,5.99436585,178.0353322,177.7831305,18.10444634
34.76841988,76.10189956,18.09807065,220.8124634,380.1532257,26.90356278
34.54559865,47.3297658,6.549920433,91.49883676,332.9128906,56.77938619
30.87636208,54.5404642,6.160592542,304.919401,449.699767,69.28195599
28.18845924,61.43845216,14.70373872,222.4276981,853.548931,50.81204274
26.55614101,38.09249078,24.15573272,70.90774802,235.3390042,62.02105323
32.32203091,31.55893762,13.53591872,366.7904892,375.457554,78.93769516
20.78879043,39.16834856,12.12962317,378.1759252,335.0055199,54.53919162
24.35362425,67.61121728,24.95913431,425.5121493,366.5274824,97.71914501
27.38779939,34.41709569,15.63937922,268.4932699,424.5611273,23.55686518
23.22380952,41.38178189,12.50482814,485.8964588,319.8805749,91.96882504
23.54972908,50.27123314,12.71721627,461.328865,948.323145,24.76597948
21.60569335,34.67220386,8.899189921,298.1082313,478.0915425,53.16445764
26.28463633,41.50195627,15.24446115,250.228369,202.7019387,45.59067708
32.01149056,84.67618734,13.77710056,51.36549256,520.892749,37.28832691
19.03056756,31.15794793,10.41590593,369.9475393,265.9887117,96.27346686
33.68866078,69.20591545,8.210801732,304.2295268,294.5175783,27.23015609
28.78175307,53.06453585,11.22477737,471.8948655,356.5372759,67.48691043
31.46546425,70.35892437,15.17366655,317.4044564,212.2838704,80.4068572
26.12381385,65.32150322,6.166665446,496.7852423,749.0070393,19.70068456
30.59033403,43.40992526,8.074880572,434.2186723,812.7518273,97.31529264
15.32400795,80.83256925,23.95314534,479.1190711,454.8564297,54.66404757
31.3676085,59.51642296,15.85710702,197.4482471,720.0932855,91.44906616
15.80277718,79.35216113,6.268986073,117.2011976,450.0588612,66.38810597
32.79826753,54.36075217,18.86175518,408.5924512,247.6695913,64.94268508
34.83925494,89.08113323,6.236057402,403.7886963,457.4512552,34.55860892
20.88134924,76.22936151,19.77748454,145.1520227,601.2886559,77.05901434
19.20637113,87.95701231,19.99925443,394.1350944,136.8948827,2.97863172
30.30726728,60.85958873,18.02157951,311.8880111,689.0359516,55.58204821
20.06052682,58.42146794,19.64409089,99.28631521,768.3471721,3.21390632
32.31124766,75.32722856,6.75931562,275.8026189,873.9732319,30.68718728
17.05685184,82.81747578,19.53561105,469.0121004,192.4935042,9.629578021
17.51910393,87.84874775,7.733766394,277.9058955,100.0842345,91.15910284
34.5830311,49.47311436,11.79011815,404.9145453,165.9397321,62.82603665
28.47677797,77.92227443,23.85490507,63.00949399,931.7051234,66.85106169
31.93774449,42.63873586,15.05750955,377.6366358,789.0001489,85.11284243
21.48658755,62.7344608,24.34852864,476.0768238,851.8920821,73.30324753
28.52967499,40.7908889,6.778449178,274.7875032,565.3124174,12.41955761
26.88483655,50.84384171,14.55113199,201.9694609,574.0478871,61.75383333
27.0630024,85.88150203,6.248046406,340.9927272,368.6550309,97.81707304
28.65064919,38.76544199,17.60420525,462.3175468,858.4777468,21.41158909
26.50718346,67.94405371,6.574140027,129.5463427,846.7926248,61.97139311
23.58124739,65.57725638,8.507356051,231.6623945,452.9542111,56.36143141
20.51845389,37.24430116,10.1766062,120.3306264,396.3403634,39.16460458
30.37162662,49.55874263,19.97487703,273.4944045,764.5359441,95.46353837
19.5254486,63.77889027,8.279242376,293.1899059,123.5513245,35.64003856
28.84708612,41.23071654,21.93264107,474.8916266,873.9540087,9.368044269
19.66665645,78.03741938,7.638078777,235.6318192,501.6231904,96.25429838
27.5066034,88.32939057,5.704888981,305.1304761,497.2098219,72.92202068
29.94156534,42.885564,12.90090838,448.3681583,702.1700626,34.24498756
19.37427778,41.21471789,24.58883284,194.6322501,681.1744243,28.05116251
16.19886602,57.29610431,7.206844556,353.373741,339.3766595,92.80266646
17.61947486,74.86591663,7.034368881,390.722832,948.9507441,27.3549976
27.11993935,46.89603661,20.02333022,198.7377056,987.6969814,53.71576727
31.98892812,31.19279452,11.24323388,123.9535335,573.3901129,21.49550712
15.89993642,62.47323768,19.34563234,276.3092939,605.2427184,99.52146139
29.68302518,87.39603407,9.000211789,210.5607786,598.8861671,76.95085863
21.82637292,53.47661132,14.20143988,169.9080943,537.2086674,56.76349402
24.5705674,55.20807325,10.30579755,488.0395898,950.6683483,74.58264492
33.577191,88.13410303,14.0305643,275.9688584,320.2772041,91.63679666
21.63943009,71.6764567,20.38194185,435.4149622,197.1623586,96.31241944
24.30673868,73.15031537,20.24019881,137.8928347,936.5925559,78.60188844
15.2736483,63.76212032,15.31544575,472.7492442,291.7344828,84.90659683
16.6319744,88.47655265,23.56743687,407.4941456,774.2398182,39.77939246
20.17183182,71.33198907,10.27568205,413.9114703,283.4859783,39.18229952
15.55704482,83.7019651,9.806227022,225.3941938,964.1674141,80.82966527
27.62750652,71.96273194,17.27612802,268.5366469,812.0095933,75.96251389
23.52796714,74.10694949,17.42594068,317.0094467,926.8463549,90.09817036
25.96290405,47.42465533,5.930800791,405.3944913,955.8863381,13.30096942
18.49294372,48.20872188,17.15555425,432.0755384,175.9819458,69.08131187
20.91864059,76.97907897,12.48872315,85.12038921,490.0499702,64.76482338
28.2764895,47.80237735,19.94885051,456.8280744,683.2903033,79.85198404
34.30605447,63.76620425,21.16211329,471.8734936,822.2104937,2.455238491
16.00833547,44.96113865,16.04307639,316.799332,317.32457,82.62524457
32.80768642,79.01900285,5.03410063,134.037776,923.1443735,32.64266533
26.53762403,36.63008107,17.7273162,418.2866747,298.8786962,68.7122131
26.27839134,79.76679839,19.97762559,296.8644265,879.5587614,61.65595716
25.0055707,66.16378803,9.979665325,417.7384042,561.4413217,44.01983208
16.38788172,41.21457209,14.29292002,416.663657,563.8799547,74.60275339
16.79753703,62.52212313,24.31453247,89.02819206,436.6050539,96.12189304
27.01824011,46.94993021,10.96231107,323.1596428,193.1547083,32.34749799
21.81917143,49.40804008,9.463065021,267.4149347,412.3810568,74.84358832
33.34536133,51.0916825,9.21709581,475.7537615,484.0630435,31.45370448
23.13181075,33.79915482,16.17601669,183.4885814,531.1189509,84.56531403
17.86562917,89.15770106,23.99574203,142.7000478,765.1857614,43.72731659
29.29437667,31.89207769,17.17380258,453.6890852,416.8630994,44.92657341
20.86706843,69.74981239,11.0664624,116.922006,465.9335743,77.18805811
25.50940615,52.27365887,17.77139556,358.9337564,915.4887421,49.61696995
28.95665571,68.76061746,17.49684595,185.0089162,777.3105652,26.66446179
33.00528222,51.37489519,16.93850271,305.53059,120.5701926,99.55369337
30.8438239,70.42503878,8.188524138,327.2987448,830.879882,62.02253929
28.52722136,73.75413057,17.69133599,237.8161769,990.9495319,64.51495567
28.59266365,71.43315842,13.60328905,488.7342411,945.7909672,64.65819178
33.91849288,36.83771888,5.371841172,109.3249256,852.3603095,88.33590661
20.91648195,69.41359408,15.79528974,226.1295901,666.2563726,18.38720057
15.02224188,46.79925297,24.7853349,243.6778971,350.3729099,5.915150517
20.43909119,31.72808223,11.99479182,333.971127,688.9875502,38.67005118
19.35782759,54.88984031,24.31118437,233.2668912,726.0332238,56.49051805
28.2366917,56.01258617,6.924114833,93.66620512,353.4023449,28.57096212
27.674232,58.030448,19.64900232,476.3434992,329.796662,68.92070045
26.86922765,72.28944992,7.286599893,237.2355867,457.2314732,7.391597894
15.32486886,48.53062855,10.47143147,204.2031772,677.0322721,79.07094711
29.57556109,48.91683079,16.41681671,251.0249559,363.7560424,71.80860197
21.47060825,33.63313537,16.85559388,147.468057,600.09987,21.39447872
28.30111978,71.20927296,20.50422634,95.0997581,909.3136617,29.84542386
26.13156857,64.06956548,17.30622814,116.8603156,365.5902924,80.70020448
21.85461851,50.96550676,16.87229409,124.9946722,969.3763625,77.3337843
17.69152534,72.31133874,23.24706174,138.9530472,526.0131808,81.37661573
16.88837795,62.24146495,14.04321504,238.9820955,190.8175039,32.22428449
31.63036666,58.15469675,9.505315574,330.7546711,149.5354544,96.95711835
33.36795084,60.67947262,8.2357717,332.9995271,404.8070629,71.53382294
27.99576094,68.18088752,12.99989194,50.0439063,332.8830611,6.52007874
17.0686823,69.60015627,19.2550551,464.4309501,859.3419945,47.7734854
23.04054434,47.33746915,5.850869699,420.2812312,763.8745793,66.45470455
29.578784,38.4446018,7.58106773,483.7721177,896.0916582,16.86501923
30.59641768,39.39805087,7.122269202,211.9938551,630.3281484,90.17689267
17.36437245,68.36345315,16.70500306,349.1596745,491.9115228,75.41087012
15.00061438,82.37239715,9.857293011,125.6093372,343.5111353,8.143176773
29.24274092,54.5697767,8.325188566,417.6648622,624.797951,91.31981082
22.13192352,40.17120962,16.85541439,122.6154753,656.2223004,40.43696801
20.08962663,75.3961499,20.22619831,196.6935654,453.6528074,45.24694776
15.2579494,79.94936847,11.64309833,270.8756852,942.9358796,78.31081604
25.80598814,82.83494659,16.56409211,317.539251,675.9591295,64.39976834
32.02301471,66.40988573,6.962488264,301.8348609,853.7330805,43.75286952
34.15263293,81.64371356,23.70382061,95.94320527,658.3516726,25.96246577
26.31489901,30.92489751,11.73792371,239.7542013,384.8831068,51.6895732
25.28922655,36.43414811,24.95011386,465.3091689,762.9572421,57.91797474
16.70112771,35.55456402,24.57175512,442.5658375,307.2290778,63.09323477
25.97745603,72.75628106,20.57646899,315.8525855,636.9484285,60.50632496
22.59958158,34.17490701,5.401341908,307.546059,462.1297087,61.73034963
27.14270562,59.78186235,15.86949841,100.2538322,234.8963819,47.5737595
22.77452696,58.36241392,6.736728409,140.1167535,471.916518,56.1887839
19.80598247,48.64221141,22.90276052,163.6878842,379.2527465,28.86381847
16.8993055,82.2243102,20.79272505,269.6880778,200.9998735,15.83749153
21.29836889,40.22599211,24.44680753,379.1102216,841.4454058,60.69356859
16.93289669,51.14776706,17.16765906,257.32641,548.7243008,4.699869188
18.53793902,76.45029,15.44345609,106.7274688,411.720645,6.520696355
34.74672317,31.82533886,15.37947712,247.7069947,554.4678247,24.73159962
23.88207114,70.37702401,12.72896749,123.1849642,779.1248058,19.43270125
25.63743533,78.98386358,14.37380134,388.0163083,116.4658539,37.41131314
32.47237057,85.93607033,17.70825166,124.9253872,592.0765845,37.12888128
34.91137801,82.57779843,23.65895215,267.1402953,531.235705,11.68554557
26.65428899,49.16304701,16.91768677,362.0361212,903.7631724,24.65030095
31.24947642,65.18184848,22.14231885,152.6891288,600.3744929,0.456916962
21.53882049,34.63760959,22.25559823,84.21354844,223.5905583,35.09638102
21.11487915,45.47220021,15.37665352,303.4847642,449.8148938,79.64351776
23.05407442,35.65334272,11.94939283,74.39119858,658.9624348,26.61599885
28.45014525,48.91123741,17.79147747,314.4958893,141.3404264,64.3348146
28.64383379,82.51123281,13.91754684,389.0743419,896.1841877,9.825517877
21.30478869,50.83001038,6.628817346,198.1921963,161.0041066,1.228467176
17.66419848,63.71388618,12.55618201,269.7572341,127.5320151,49.8396522
27.64792513,56.00285089,24.88144276,467.9428272,101.8140167,46.14840762
17.56651724,57.53499146,5.970237401,261.9989889,715.3700425,19.15191984
26.56985016,88.17432311,18.93333824,498.4493276,510.3280785,28.65849564
28.86844256,47.7692681,21.8237741,120.6510851,192.5359248,3.067140693
29.01222993,67.63946817,17.97451807,369.0202561,870.5876704,79.77998766
30.06944221,55.20376017,16.39496462,343.6783692,282.4482467,30.12826963
32.45718843,33.66877086,19.15108834,442.5371661,393.6917431,21.94564194
24.99917984,59.3598499,13.58685475,91.5994454,259.9493265,80.46577011
29.60498379,78.80059974,6.827234746,176.0929662,934.080668,3.927369977
27.38345471,35.92517812,24.24743509,109.4806516,782.2601049,28.45258171
18.7327988,34.17551084,13.6460154,469.892805,751.558057,26.27524619
15.5137929,39.21789122,18.30778474,241.9858961,139.5964271,26.29726145
20.69082771,75.86400668,15.62620874,459.5296305,570.4315338,1.149575915
23.86067413,73.43972305,6.09346144,182.4831475,617.9071931,93.4671719
27.34211889,63.90106613,24.05493202,106.8656456,444.2687561,86.4145199
31.99918661,58.09358425,20.85074452,183.4417728,389.5806253,41.44930569
18.92491433,83.29954888,7.981957889,318.7284617,866.7485742,44.54349353
17.5109958,76.00186943,24.63297753,430.3546663,120.7149322,52.41542452
34.26959895,78.71653508,19.73802744,223.425812,662.8193634,47.83158727
17.16089119,78.79573808,14.44643301,461.6638967,454.8222226,77.91336913
24.5698214,68.56302928,17.22740113,159.9044269,699.355613,48.84199287
26.71127458,57.48087746,7.13473364,362.0933093,278.1257912,18.88246705
25.82748842,81.88066516,16.2082302,381.0710077,314.7934192,11.69718868
16.72064314,85.56044506,6.47322144,173.2833137,628.168426,91.82714333
16.14053828,31.4283626,15.89710514,62.13644524,981.9446917,4.838265919
17.10966855,33.0932924,16.05391378,214.3568039,977.2152247,89.75605434
26.71175368,87.52459781,22.4887757,70.33826629,324.0828854,69.04791922
25.88689775,46.62963683,19.50115001,455.3391989,192.1159273,40.47046861
19.67481584,82.40216638,9.991047844,479.0863683,631.3089141,18.71784487
27.75548284,53.32770714,22.76852284,380.9209622,477.9843473,31.04822113
31.40135004,37.14600346,16.4648533,377.0080634,785.5180417,52.98736988
15.8315792,34.82659201,17.12758957,158.4017012,575.1853528,65.68509437
24.96259887,39.39047394,8.379627384,83.26650945,559.5281254,69.1472425
28.78620824,44.99359169,22.15547192,410.9470861,681.8138814,44.72937117
20.04623854,59.31110124,23.6193023,301.6228692,213.7766004,37.39740934
21.15541811,72.08987403,20.49981299,356.7323889,709.4455567,76.8317491
27.27275806,89.18391459,23.81504905,400.8384806,539.6677306,92.54134373
32.95870587,56.4904046,11.04599808,234.245421,838.1323591,91.44650107
31.19848841,61.09109654,22.22238337,115.0459655,224.8361503,55.16207712
26.66260438,61.30894208,14.77786286,407.7665597,370.6723442,7.902031759
29.60443436,62.36606133,8.278344059,254.1945377,955.2217366,7.328981159
22.2964494,61.06443943,18.37601198,422.1159039,597.7655914,40.27556947
27.81931056,30.5264853,18.68240541,246.964616,936.3708998,73.28535149
24.32363182,30.10348933,10.73849028,147.6573838,720.1315928,49.73440348
18.79872273,35.85997909,5.549866633,126.9522575,933.7882284,62.73623042
29.03476548,36.09339621,8.996945182,384.7647905,386.0436559,84.3319065
26.12929275,72.29381454,12.99555095,308.7001053,181.4803825,4.033558369
22.17243164,42.29496195,8.351258221,232.0713052,822.0175884,92.38165834
33.2267838,83.68284629,8.880598965,271.4525403,824.0218772,33.08973904
15.41868236,85.71637977,12.82781329,297.3373724,656.9441152,4.678735748
21.31546302,88.55360027,24.23573229,157.7373988,621.6131828,83.54285361
16.13762796,86.34487829,20.28487031,220.1745109,923.4173536,93.4154026
30.33054632,46.31329932,11.39496802,181.5851593,258.8486203,76.86220119
29.04214908,60.58661068,24.03208138,224.790731,654.8841742,80.45154432
21.62704437,40.52729821,17.91293585,275.2529961,144.7935497,87.13083536
28.51325804,78.37257931,14.10899289,128.0108926,226.7784431,52.23635314
22.91874452,83.30590231,14.36600398,227.0817782,493.5451136,68.04628798
30.12507583,81.07733036,13.21488936,223.4724995,839.0866324,28.64515819
24.08367325,56.00201692,9.659841051,178.7017176,759.8194217,24.97005149
23.24559456,75.52043308,12.73264384,499.3233462,976.6579519,60.89426466
33.69459831,35.85475017,15.55792768,83.13237905,140.3637836,73.46077663
20.017582,32.41468624,15.56054701,339.3280127,443.2169969,39.71405578
17.4089468,75.19418486,20.23473804,128.4973729,242.9117214,40.02910804
26.69086227,55.52131646,12.17595714,427.7857952,133.2651556,95.4233568
34.38643625,89.73295588,19.33596059,461.3884412,337.9578007,51.84603938
22.55678427,35.83525295,16.56183678,230.6650922,320.0246598,98.62842758
16.24073527,81.33766089,24.23690809,420.5653022,478.0249466,86.28426667
21.78610535,58.79898393,12.70569852,162.4592522,226.0730871,63.96576506
25.11863309,79.62901173,23.02432929,113.0308283,539.7108213,0.913559293
18.23846013,79.02763693,21.41285095,192.1452199,928.0884946,29.59251617
28.16204436,84.95952008,17.75328569,203.7533063,773.3700384,41.76437844
34.95498778,47.87100068,18.09028933,228.8108952,857.9595965,65.28149097
24.03478952,86.98796121,6.692998692,217.8315239,824.255734,39.55230731
22.09457113,39.10001762,24.00449211,235.0150038,450.6637028,82.7823885
23.01408334,34.91812666,7.13872127,369.5150146,738.0649327,66.29052715
17.30292357,55.89693104,16.26466617,160.5110598,778.8306155,34.71600853
32.66547203,79.69937812,11.60141601,58.35901809,285.0832951,78.44340473
23.29651311,58.40526784,13.59703957,270.3562481,874.23613,30.30903144
22.74548823,79.75720065,17.20366022,251.7310599,511.9726587,6.278660724
28.19380546,73.78120835,23.17702756,77.02924543,114.7237656,17.25562864
23.84066842,42.56570317,14.15134247,110.2106307,679.0456978,0.274049277
27.96466938,86.93289749,24.75459111,279.4644026,709.0867827,83.23502802
16.2289258,33.64687012,16.85624131,155.637842,596.586067,62.71084959
31.27446687,83.89678245,8.211078853,444.9192324,291.1737708,57.05693108
33.81007906,48.26660694,8.800185897,127.9816189,534.0502246,66.20482546
27.97530772,60.00888499,19.32222071,59.05518433,460.1147052,65.3598325
34.09131858,55.34111236,6.007955885,251.4036962,977.2174665,56.54999409
18.02864629,40.31007342,14.60683152,493.7733998,842.2105913,84.24100457
24.54832379,51.48881198,7.964382196,335.2426368,785.7096446,44.094701
27.03613468,41.57606618,13.6643727,209.3133746,262.9663327,80.48094471
26.63473295,42.23318853,19.99834844,57.59060516,397.9360157,78.66336847
23.02923558,41.22341016,14.17625856,268.2267979,441.740652,19.95048359
21.76168819,59.34104282,8.26902218,142.909701,543.3647791,45.37633796
17.53648045,77.87588205,10.03850741,341.4893385,127.2020609,83.4932224
22.83484901,64.13820203,12.35079177,312.3538222,633.7083053,83.08551919
18.2532163,83.59239531,6.39122367,169.3461989,422.0708896,2.400656221
29.68731353,68.19266931,16.68675272,80.9972304,605.5094309,22.30501224
19.17661871,71.36040694,17.15067583,389.7586391,108.0805458,42.38743967
16.17130611,70.05643378,6.243038543,313.4588426,389.2898251,4.715435333
26.04732276,56.96755159,13.04622642,428.9568123,791.7994504,26.06246229
26.90459465,71.36032933,13.28001366,166.910007,550.9733973,25.82998389
32.43826123,34.18246479,11.67639137,343.7879292,809.9985955,21.4568382
26.53963225,81.59108831,16.15479481,103.4062252,729.0643533,39.66589787
21.90961707,76.66872861,11.9191498,181.3144586,869.4285176,81.30107739
31.06023763,44.71379749,13.32818559,345.4426003,106.6992297,24.41136412
25.80557786,76.08194726,20.95047095,421.5115873,335.1929427,58.2067312
16.58560569,30.75855608,8.242187109,194.4164758,593.9215539,55.75780603
26.31701121,43.03479435,17.38229391,409.4841005,946.916269,81.79240829
33.16037091,33.90823432,15.11188803,354.9886071,711.8111621,39.39994055
22.92625251,76.813615,11.10143275,206.9036472,510.9299077,22.35686181
20.92651604,75.35244907,19.55069313,444.378622,217.1271975,89.1520649
17.86938914,78.81816143,16.02376719,279.1530797,543.8938193,83.29470631
18.02891044,30.2689016,14.54723054,341.7110701,496.9782752,62.15036796
23.65542969,60.0739636,18.3533863,273.0341039,800.5989472,9.323937612
26.91359648,72.29017185,21.04580616,253.7239822,472.0137764,1.611782921
16.6123081,39.32406772,24.4533758,431.5899728,386.9542673,18.26246211
33.79137178,68.98744365,17.58700737,182.6169868,180.7477142,19.66385584
30.10267235,35.04660596,22.48879971,66.48315006,141.8509575,13.62474175
26.73247837,40.87955137,5.02183082,445.9021896,495.2209848,26.21813713
31.56877342,58.5478089,15.60471385,421.2607789,412.1757816,33.78885613
16.60373514,69.21390916,9.292950975,214.9522136,599.7917526,75.44383997
24.53677755,38.75214762,6.883849142,133.4530124,740.7355934,70.95221386
27.60186254,41.11339985,15.63942034,353.9901394,136.0061322,10.43793217
31.57305812,42.26678202,19.93653012,85.44240664,546.5953987,97.71069735
30.6693912,44.32204828,13.24545045,240.68964,875.7747048,75.21392542
20.54138499,43.59323091,18.40214899,88.63804469,509.6499275,16.34332594
33.81760339,53.70894651,14.79438508,319.0593539,569.1179899,12.44965709
17.48691683,69.22737905,13.74171732,62.24377271,538.1126566,8.754688626
32.50267237,56.28190699,10.80513281,333.157269,450.8136266,73.17886667
34.41880499,76.55843452,12.65187029,352.942508,199.1075715,23.62865605
18.54307046,73.15611036,11.99591262,269.2150136,213.7205941,7.296799518
29.44132128,37.59161484,17.92374368,128.7532982,261.1803176,42.18276094
15.80571038,32.9304974,7.320370226,95.62727238,813.3081768,70.86984314
23.1084565,82.67649384,6.852727374,190.9815567,347.7990705,30.45564158
25.32566598,34.78986399,18.20025988,259.3430058,953.3114036,48.26455724
26.61290452,38.90035084,15.9259614,338.9937426,829.1531499,19.26749682
33.71874496,31.32799653,13.60400193,50.56255738,716.0866014,42.91485209
28.44501375,67.70018192,8.048857688,369.9787637,748.3542665,35.89422314
24.62555902,64.94223379,13.22054224,370.7203695,142.8689878,43.39184152
31.19350073,89.21421999,20.79463527,250.0420129,611.5504303,46.57115988
34.01065642,83.21594378,22.79242472,204.5329006,946.9512189,9.229884171
15.44132297,54.65059065,19.0515314,429.0388541,135.1991651,9.336835227
34.65042545,52.29515045,6.198243518,403.0643669,361.9148667,26.06105839
16.72264278,47.81112206,18.40819553,492.4742398,146.3603429,11.57583541
31.28773559,39.1444152,9.819711791,217.3688624,612.7674201,25.27843136
20.60669505,38.2850194,11.30502486,458.0746722,204.5805645,2.454398358
17.64359316,37.93702248,8.917464159,89.33084865,531.3251406,35.07394108
23.79711279,36.84688543,20.51511581,235.1597298,747.9544931,21.34101995
27.87913159,44.43072254,17.97204245,259.4183534,247.9946814,89.21463499
22.6190369,48.40011782,17.23670109,248.3934423,779.8279934,85.81575948
16.09130817,87.69473826,18.35945219,331.2941848,154.1840158,30.04188399
26.98922279,64.70839506,9.735445228,126.5935275,234.6620322,47.54851145
33.04806552,89.25574647,13.89288829,439.9034773,352.0993269,95.57921054
22.66430732,52.34801687,17.66507443,298.2938083,816.4891607,52.40963736
19.32665555,57.45759796,17.73188055,456.8942966,865.1232002,84.84332704
23.85154692,49.47471955,20.83703726,51.18423981,298.3418329,82.63747768
15.96725422,40.97325905,10.74207933,333.4946511,186.205443,94.12889721
31.40975169,38.58988247,20.40672243,235.6060311,863.1584041,30.57006432
31.52681622,86.70475187,13.80368961,277.2945778,684.4306938,4.344567625
26.76000927,89.20864091,18.40345384,384.7120299,242.0698928,10.39537337
22.06205778,32.69456979,14.1143876,152.2182868,601.9451066,57.12975189
30.99566729,39.02075248,23.9722034,142.2047458,885.1342896,53.02779722
26.0937405,55.41144554,8.586045295,366.353518,162.5634478,29.84530332
31.51864617,41.18000858,18.50010177,284.6145915,175.3491103,24.87132974
27.62917585,51.83282362,16.53070002,155.1375941,346.2469846,70.93814296
30.68810946,37.74578099,8.454620819,267.8083856,687.036093,34.0502872
26.97125986,57.3907054,6.320126716,256.8012826,260.2076585,60.39517859
23.28282136,46.30167697,20.98288778,361.1499923,834.7304839,71.22935865
34.1589172,51.11430335,8.149026673,51.19749663,775.3871591,43.04653773
25.8222765,35.65875909,8.730133656,314.0421196,604.9043683,19.34062655
27.10179037,55.68768304,24.56868448,322.5551677,204.4609339,86.07801611
19.40975279,88.99545666,19.34521703,385.4795617,989.3978455,9.353094925
27.51301579,49.72998281,10.00973683,450.1537097,541.0302666,82.94706829
26.43215299,82.58575649,16.8189792,248.0854087,506.8658331,83.66795761
18.69676796,80.5919485,15.68223677,204.1341009,996.0121717,57.09992652
16.19174195,87.1235051,21.88946535,96.04416988,877.4814371,62.94760514
27.08718639,77.40657074,19.58641496,201.5761302,510.7309606,35.80170611
30.27384539,69.57580962,21.63442251,80.818099,476.9226873,84.15842221
25.46802742,81.39506665,9.23013176,411.2690924,186.3184443,26.37036856
19.53545251,34.53868084,17.80438409,413.1527665,933.8605718,55.97760637
28.33043953,57.76983943,5.804817168,237.7569458,859.3973629,0.179483546
16.60211453,89.35537432,6.378812246,166.8385552,379.0022436,93.98431059
23.8366741,76.17600908,19.27054065,103.109034,777.9891588,94.82965242
18.26733517,87.72452268,5.488402053,433.0567247,786.4564836,71.04166851
18.68918102,76.77806137,16.59530018,444.8728753,305.1196455,42.32398319
19.04587898,82.49291805,21.80810197,169.8303266,652.2899229,17.86111014
22.73414114,72.39177794,12.59883617,329.7922468,329.5259231,49.2462886
16.02300411,75.63012027,5.896808737,166.3941492,810.8974467,79.14104723
22.95586882,61.39068059,19.27694899,151.3069822,238.4287322,60.52736218
25.23414894,85.45426205,23.59372905,59.54362278,702.0153988,52.74965715
24.6658857,79.50233464,19.34342784,309.7217379,393.4105405,84.94442133
22.65568201,80.63309794,16.56894486,117.4736944,132.5638518,31.31339359
31.78293216,70.38054606,9.600576598,55.56703229,211.3341798,85.99639702
17.90653385,48.27479683,5.307512481,97.18302395,689.4092244,43.94534027
25.11393488,32.13778772,18.89344217,191.1961362,315.9228729,0.241383134
16.24082834,86.13930776,9.620523517,351.1234356,667.9318353,73.19420077
16.42311358,65.16722093,22.16325354,141.180374,473.3399494,87.78433846
26.47731699,47.88857827,14.32728238,449.4157531,723.4421175,48.4360839
26.3203685,38.94810647,15.61271165,179.8197847,543.65376,45.47478692
32.56067026,79.77138993,20.07873089,199.0518302,377.6923874,80.54484255
26.15747351,80.19121167,20.58861216,148.089731,231.2372619,88.4774747
34.19582041,78.87047809,17.85301666,164.2124017,406.9884272,97.44201058
15.97389697,68.70496152,23.76863631,83.36080155,671.4046701,34.56502911
16.9601537,51.96092326,24.64596873,182.6467604,766.4261547,59.46887667
15.88131723,48.24421709,23.93770889,436.8278568,244.3057074,82.29183449
18.70553701,30.51328621,21.48358371,359.7910436,697.845168,53.18519235
25.82540222,80.01645352,19.1125044,443.8706917,261.3515587,46.18533332
27.91144363,35.24596185,18.26651716,97.18655647,299.6374091,57.19320812
15.91170316,67.84529988,7.075003538,255.0274839,578.1855163,35.68669993
33.9194178,60.24449681,10.42968694,153.1646928,360.2820718,19.20760941
31.84330753,61.60136154,5.113764471,374.5470158,695.4358971,6.663111341
20.93224964,85.60277072,7.748197405,486.6070211,960.1989618,60.99807644
16.5437506,31.89690068,13.78458954,416.9117656,234.0029812,37.91343615
18.39774146,76.40353348,7.930731016,65.87517504,613.4597491,88.29530033
17.53888828,33.1231439,23.03326829,192.4968626,930.9692644,22.29591791
17.46567559,32.28921636,21.11398371,62.8608607,258.876079,31.071165
25.37123377,55.78906189,6.432238242,68.07513512,430.165813,97.05062362
19.91694885,33.78451046,9.978274309,85.78188687,211.2551515,55.62912047
22.16279433,77.34863708,21.38143769,174.347118,677.8339465,34.67530428
34.79010667,61.77378562,21.06092253,186.8912454,702.2286349,86.08943238
28.68628498,31.74232696,23.909011,230.204081,697.7640875,74.33750895
33.97961334,32.43004119,24.95095523,232.2189925,587.9143435,57.31429339
17.8511311,66.76011178,24.52540126,397.1340553,771.634781,88.90996909
22.6427895,78.36670906,13.20275971,113.6314596,132.2895667,9.396152441
26.09463607,56.26797188,10.00656888,120.9832771,961.7621387,39.44939435
16.53516124,63.27484029,20.16820381,331.9650733,299.8865871,81.05501038
15.08374887,77.98976724,10.98545785,307.2839685,209.4057718,38.5942994
28.40868668,66.63037044,21.1280072,119.3021175,947.0224386,92.67365268
27.83639034,43.48561426,15.67909461,433.5189921,847.3932247,15.2521128
23.2157762,66.78312155,20.8785455,198.0767363,788.3833774,33.66373062
24.79288152,67.69676754,10.51759759,215.1353068,194.271138,42.57425621
23.30886001,74.04641885,15.16054631,239.2070364,826.7762923,68.69620863
15.4801009,67.25245125,16.28047587,195.2158418,648.1211707,19.53494821
21.70743212,88.15452783,23.86216135,300.8547735,758.7177499,0.986383538
18.54164511,41.83729852,10.33195154,224.8914754,980.2632518,97.65093142
16.96848378,87.06544077,23.73376479,166.7456267,274.9970594,89.87570989
34.13440868,62.30036942,21.09717831,457.0136905,553.9437647,30.02220854
26.9871945,70.31736843,19.61788108,188.7578331,778.0167518,48.34808399
29.57312568,35.96769585,20.73740538,364.3200165,490.2907157,48.89202104
21.30727487,52.83455648,17.10850092,206.2520467,149.1877746,86.92255556
22.86294259,76.16274879,9.881600209,245.8489941,200.295009,59.70601411
19.73847988,72.41466091,8.789899377,156.1745855,641.8827753,82.64310228
16.93931342,32.40836329,22.32682872,388.5483287,356.5037318,91.19941513
18.58063275,62.79565581,19.50278805,381.7414631,224.0565826,56.59531317
30.95028091,35.29669158,9.264085655,60.00797561,405.9027978,28.54824677
28.5509161,89.75138575,17.30186732,77.08731814,280.8828388,49.87078058
25.93857752,83.83779531,13.95092963,465.0694046,121.5455199,85.08696087
24.50179746,31.26483963,8.173103399,449.9720813,236.6325897,58.36191744
33.44868567,81.51897473,15.63714219,277.7392368,894.7701648,89.57219067
16.45469896,85.16577603,10.63038185,272.0108262,110.8335543,89.54360093
20.61201626,51.21289335,6.924882483,415.5908785,796.4652732,37.335962
21.99875707,73.1700993,14.33916597,112.3025661,778.1149953,44.81138956
30.64851624,56.52622477,16.80217104,344.1646046,607.8139195,67.79137602
34.8502924,69.31394907,5.938128208,264.1923475,287.6029891,11.10644552
19.8134103,50.41904426,13.04185499,384.4989632,890.2533019,46.55572174
32.48614668,49.3535542,10.1532384,63.54625609,527.5680119,14.93854451
31.61245521,55.46603333,5.613011814,316.7264974,255.8856061,84.79561841
19.49314795,38.73406552,7.513250992,300.5276968,486.1203332,94.27844308
22.9866516,79.86833787,7.780683176,428.3817483,275.425505,14.15488755
23.19345739,50.92187372,8.657484962,354.5763339,438.407057,66.73414254
34.56441337,54.00897323,21.06755143,446.0721613,547.0189939,63.65432291
18.61783803,83.64327676,13.78983733,449.2729947,423.9108007,76.0074801
30.98315942,59.79742884,7.941719845,233.6738004,691.3398467,69.57796529
21.68385428,62.65523456,7.005939339,111.8453602,942.3260237,21.71290353
29.61740692,87.38988749,10.95880917,333.6276451,413.3344129,29.12126542
23.40022009,83.20358299,20.96031037,443.1857443,420.1655625,16.52322157
26.56719526,40.16800253,12.28919696,83.72900489,764.4722235,92.11439991
31.65223547,58.3929018,8.197947206,301.0654729,577.5318384,52.18234651
31.0833113,88.27777365,13.08232363,101.749787,485.9554957,97.61611521
32.32846367,52.34197789,16.10623115,62.14819629,832.4273696,44.93218514
16.19234651,52.29438651,5.591683673,355.8359093,901.9324605,55.27231712
28.84101106,41.70181391,17.55283603,356.8323253,631.5279454,78.9293922
17.79974753,36.85938685,12.90201506,320.2961202,266.5929455,79.72236598
23.31637136,74.41828745,5.194517503,436.6502618,519.6573001,23.11495923
25.9717683,76.20182812,18.47778798,86.39439791,553.9335959,28.82828661
23.05478969,88.14077781,19.24775271,97.36711776,488.9866214,9.780683755
25.39223352,76.40509265,17.57679577,439.0409471,336.188691,80.54645016
34.93052618,44.60114964,11.83860435,276.4745239,525.089627,79.38615217
17.70434627,32.4069947,15.59209708,172.873764,501.8915369,8.125880816
28.50912091,89.12624306,12.74315412,382.1706401,288.5441716,25.74325907
22.92001933,50.42704173,19.0124346,452.4816752,913.0875871,44.98670101
17.66019598,48.71829255,16.67160372,360.3214788,896.8068558,54.17789436
18.17473527,84.35731258,6.635982277,406.3696685,783.6547856,52.25442191
33.98546212,65.10599391,17.86187116,177.1237581,460.8519199,98.30752877
32.59202993,42.89227043,18.74476829,179.9489117,433.3077171,76.41254498
33.14083921,83.34577456,12.41404361,438.8557462,744.8188397,11.31878222
34.83065552,89.6016513,22.51571562,326.6882819,647.3073115,29.35023779
19.1663078,35.20071367,21.8602871,155.3732383,640.5384916,34.54272366
22.10878675,81.7350977,8.503330478,285.872817,211.7003747,31.51480675
28.3843806,53.43094186,23.08532617,358.6372122,656.4554023,78.59456565
24.6760508,61.44434679,13.81744743,148.3470866,911.67671,36.05612654
23.36779067,84.88895855,19.47499305,344.7078837,177.2348236,49.24267191
22.15622499,88.40275175,21.28194014,68.96518242,405.2541692,53.34541678
26.87561264,45.72983462,15.10224842,186.6612304,558.1128623,27.04236733
26.51186857,42.77104626,12.98203879,353.2873153,717.4085453,32.26957968
18.22915668,34.83099352,23.30902737,117.2070795,180.6714366,77.99975688
24.43479675,63.70787116,9.617071059,149.9895638,885.525574,86.66829639
26.06943552,30.81626373,10.13940155,445.5919807,136.4910584,3.708010271
26.40573877,54.71389786,12.23240628,353.4444947,871.9207001,60.51545604
19.20214386,34.403041,22.18931556,274.5134196,124.8865803,63.34355118
29.84542785,54.31354698,23.77576528,144.9020265,238.1709739,73.73092015
15.5039819,32.39593136,9.401354295,203.6343455,820.2914444,69.38467732
22.09663711,80.11303564,22.27740295,308.4487242,874.1479935,87.74244912
30.60425297,42.58433964,10.16405919,119.8906673,984.0392464,7.847231225
26.27785842,49.69852262,24.41282493,266.784836,204.1433455,38.83722385
20.22324865,82.2028798,16.94815784,234.0384774,573.8060045,78.20894481
28.89906239,74.77596368,5.141729349,264.5093036,169.4402439,84.65800119
26.34781888,43.1423017,5.682598081,97.50236958,240.7668634,26.47684383
30.92487219,34.31396512,7.949690616,97.92368917,257.0444721,58.5284044
29.70050372,72.94042661,8.751463156,483.8499287,157.0494263,18.07650155
27.20215844,53.44215304,20.35238246,490.7154802,903.6818253,85.08943498
24.76355351,75.96479995,9.455317528,241.7740961,213.7199662,73.04301491
17.66364251,56.71768634,24.3828324,405.0479541,666.4067587,22.2065079
20.22666036,50.76014478,17.72224114,345.1061421,663.1723581,62.37731528
23.38198946,57.07232449,18.85035019,102.6125846,278.7806848,50.9320376
26.98598574,74.91353914,9.356330386,183.5053958,998.5701351,25.88267312
25.2741571,84.13321719,22.85412628,191.1431339,412.6309959,89.31226015
20.76369052,32.9860318,18.35629146,318.0984957,914.5849339,14.78392977
15.12928716,61.44669247,22.28811249,310.9895205,953.456259,46.74598026
24.92478444,31.97012575,24.12962194,465.5789122,954.0899329,58.27982847
20.71251977,58.1045727,7.512819542,405.5163413,777.5538288,82.35456463
29.69216601,83.11696975,6.931744605,435.5814491,328.4245048,15.01799124
15.47892531,51.69541599,21.06815653,451.0528761,208.5898166,60.91746082
26.69655623,85.94702526,22.32252118,410.5745026,612.8964794,0.655974389
33.82948475,67.8365083,16.67522842,199.7965675,424.035218,82.25813142
18.48818534,86.04932063,12.32001096,146.7558371,847.9351106,23.47324491
24.43298982,75.42999752,18.05259272,307.2953021,770.4910474,72.0915314
16.82843984,36.20611,11.11328145,360.3057424,348.8214666,60.18777893
27.51363825,43.86908205,9.767713843,223.955586,115.3137103,5.012738296
26.01063361,53.65022728,14.76290419,431.7523925,313.5841831,18.32300161
23.14731048,40.20641292,9.323076552,482.2549668,610.4040258,26.77406959
25.42754043,59.69469629,14.67407217,306.2280768,171.097725,88.6727688
32.93149317,58.28208934,24.13213011,255.466428,692.4453397,48.08033887
18.92588605,87.37555188,21.79568071,429.2992026,704.5266563,91.35032181
15.45129023,56.02367297,23.83261839,60.92129615,252.4545301,4.744990054
32.23329769,77.13760826,21.1265795,108.0556771,636.6864107,0.656387372
26.54234165,86.51463269,12.09501872,430.5459466,646.2742852,94.82466207
32.81316911,82.61932986,21.24090477,379.4128635,530.1803317,72.39169067
26.93890447,42.52005747,23.45831487,237.2615142,957.9212268,78.33167982
31.2032218,59.76179366,23.94071576,449.983336,197.3468623,91.58056141
23.59346727,50.86438694,18.66395701,208.1562294,465.9631018,98.45386923
29.99719863,53.99152171,9.227332876,335.230411,894.628695,9.771216791
33.26082934,51.64840957,5.794583067,335.4505116,447.6826157,15.82913441
26.44245927,79.58155261,7.944004563,132.9493517,482.1756481,18.8573449
18.61570301,57.12834331,24.31093836,178.1832813,701.4464924,81.84176588
20.3759523,61.42165993,14.24193648,462.2031152,699.0071946,35.55499132
18.97289154,88.94684142,22.0997203,132.5366842,120.6117626,59.32714472
19.93714055,33.59875633,14.30088307,128.1085798,510.1276835,85.5221912
21.12830899,59.27745839,18.21635167,265.8269632,400.1606602,68.31598398
26.10267574,76.44370242,5.482815542,91.48881571,664.9257224,6.541539397
26.75983259,39.06971749,9.997298854,452.581785,600.1320841,44.56738567
23.52999494,66.69189568,13.7253856,95.06711224,685.7754644,6.750005161
27.3084156,44.36788677,17.61262094,327.4508646,688.3906479,47.88435447
16.63149851,82.04424679,8.430423761,202.9018354,329.3846752,21.93027154
16.75576474,49.62597992,20.29102929,411.9227985,321.8182881,0.130819953
18.43658921,49.74376901,12.28809412,315.4148356,433.2541555,81.31517918
25.36154996,65.89163271,21.34870538,224.7377635,317.7626145,96.93828444
19.27989357,41.01377449,6.959381808,492.742843,714.52727,96.41326818
20.66568807,47.09331833,18.59513175,79.80394481,642.5793777,29.91851938
23.00625672,54.99791101,10.86656666,310.0038365,294.748306,82.87736101
31.23732248,51.21827179,20.90766348,495.3057402,895.6943279,67.87769014
15.27724272,61.49263308,13.04340854,360.9286894,514.5963536,80.00763903
27.9875764,65.97840864,18.30699265,382.8963342,214.347901,84.62380483
28.37753062,64.00004723,23.68610537,64.44101506,291.6690293,98.02787391
30.97311561,69.25009872,5.41253264,59.61342339,585.8655068,15.17296377
33.65505878,48.464971,5.222335647,66.24955039,404.5816148,76.9746024
15.40275698,37.58557363,20.40558504,496.275756,866.0997429,73.41536041
18.07567411,75.64845249,17.92786103,490.7838923,545.2618667,28.77358377
32.72342588,81.04682296,10.85959441,200.5290166,923.7653204,39.25875558
24.17037124,45.42037393,14.88793406,180.9418173,191.6438328,17.67580477
26.29181278,54.42551737,5.838713312,115.6814355,701.7338197,91.32731931
28.26054407,59.91415302,8.848912107,198.1131346,897.2063671,87.93357248
28.58133209,61.99961057,13.48992749,216.5674687,363.637428,61.40350146
33.63480807,69.56941027,21.68088832,386.7272675,222.1188367,51.16299999
34.93898835,32.496194,14.59334366,439.8320988,510.9802642,23.28883604
29.40314922,73.28862496,16.72725009,386.0308039,965.2008037,78.9603557
20.74442418,33.71826042,22.47507584,340.9137955,670.115733,0.820491232
32.59504805,58.09731406,11.17637827,394.6550351,679.5792739,46.27866916
15.98441829,79.66026813,19.01398642,382.3238656,704.3511291,86.05511771
19.62161706,57.0729188,22.23334517,264.0873622,135.785238,61.84853344
32.94771435,38.94538493,9.052314014,201.1331311,501.0848212,63.51228416
20.12383029,89.1020307,12.1295633,177.2513226,169.8148094,7.070742562
19.41302119,83.35712772,24.59620348,355.7099568,384.2729464,28.67047294
17.76250586,76.27881799,24.6643713,481.686856,839.4391219,67.38622056
32.18223515,54.69069617,9.464598606,311.4746235,690.6429548,4.961730125
25.00116518,41.03074361,6.328916778,460.6369261,996.0154289,33.09357535
28.49786406,86.48467089,10.41843223,56.40321694,254.9389819,35.39445636
19.78132768,61.94106759,12.95463915,407.511791,457.3488126,49.8718389
30.16080842,81.14132762,13.82011202,434.1211961,828.6761947,36.23752524
30.2001109,50.52570035,17.37612615,333.9472271,294.1224422,45.41175375
21.2519605,50.11729902,22.9900552,470.3274497,238.3496617,54.69973464
23.21365266,89.13242884,11.60696024,315.4608468,484.8513013,12.83478415
19.19380555,61.30998291,21.99969071,158.2416061,445.3538411,18.04754147
34.53122047,38.44172543,6.869578419,147.0727533,982.1853468,83.25109944
27.91205154,43.18048068,5.837493979,300.12632,510.6263761,45.97679425
33.69087761,58.91665676,15.08090366,457.9177687,874.8517088,35.51520738
21.06771087,32.54825463,6.193244467,82.56557559,899.1689673,43.38815142
30.63781826,57.75203912,12.84979602,321.9757305,242.0845427,17.48185528
30.31717288,55.13645052,22.93556234,396.4115628,743.7743211,23.98472548
28.83311304,76.76017592,9.829660724,101.9309313,349.8464253,51.55235426
34.31277951,51.29651787,19.1195155,102.5463608,185.2650714,35.89264963
22.87110672,88.95292569,11.04730785,214.7575985,887.23442,47.5456103
17.61434647,40.84619516,5.898401105,173.2465281,363.1897369,14.97046728
28.43417718,65.4592011,16.13381163,139.2413715,410.8291032,15.64683323
29.58619601,35.38195782,21.69706981,139.4123781,391.5901329,38.39430196
26.50121147,74.03183904,13.18936897,108.8010646,280.2658807,37.88576327
19.13635786,89.68522128,17.34587653,324.8843059,491.0530438,88.33323435
25.08911883,79.14831827,23.00047195,359.6565216,485.4635387,3.345138074
21.24379473,63.34221244,20.79389025,366.3213021,467.8764631,99.28554417
23.54933056,59.08448144,8.877527988,289.5592893,924.6679724,95.65230592
27.90437152,80.10179768,19.66767919,478.8078213,405.7764658,54.22509507
29.90429485,86.15844508,15.0378605,446.2397499,127.3410175,71.8757762
19.64449382,89.35239155,19.91933616,480.9340142,260.5933056,93.52546575
23.10650721,53.79235365,14.89031101,224.9579652,749.3473689,25.11939059
20.38323142,89.45504849,7.559163282,445.002422,631.7727457,31.56306081
18.97263228,39.35557513,16.39818893,393.2936147,956.5613234,11.09246834
30.6677444,45.21298656,14.84267985,202.9878064,724.9915965,56.38461173
33.18505389,35.34096748,15.35843467,97.96696633,274.8175061,15.94483757
22.40464371,46.30431099,22.57804907,357.1795625,208.5797968,93.08706164
30.02557849,76.0762531,22.89674093,111.4035459,568.6837978,43.15668471
32.93990579,81.17546149,14.07074214,182.1991132,698.7364625,91.96867262
31.92248421,76.73355871,14.11464083,275.1640594,249.0730642,20.50999016
18.65626777,67.86394669,15.30373918,355.9471408,641.5237093,69.40364745
34.12583763,60.83799075,15.39178557,466.8024457,878.5258155,64.75920781
22.53352881,72.52225735,24.00774288,316.9580202,754.8120353,39.96756805
21.78481322,53.45001296,17.98800935,352.1358949,697.7719728,89.83431271
16.24862655,80.47850109,10.5491399,189.5062326,810.3979491,43.48020509
24.72347308,70.63140564,15.63073594,359.2816774,193.6744381,19.84305305
17.18027231,71.86828191,17.54447166,247.0055543,283.4483102,97.69853811
19.97079642,62.15615959,17.79543442,435.6190323,134.2895473,44.1481403
21.33885244,83.11373905,16.70508452,226.6027313,230.4801509,20.80729777
31.17652647,45.12088402,8.554723092,260.7224097,921.8641084,36.36326605
32.50977301,52.8688592,5.671863782,244.6644906,299.9304351,61.35094565
21.04932635,76.65855418,11.75686105,415.0052754,695.8874947,51.20275356
32.17396242,59.56493377,13.55044309,479.1646387,722.4105242,63.51170228
32.14461875,83.35284081,6.236084792,197.2743354,680.7929135,66.18572785
30.29301901,50.78395919,21.29934676,263.7625553,598.5289439,12.33810317
17.93390228,52.15981013,11.88154875,367.66682,537.5173127,31.4884964
28.80645694,83.32414736,23.27265492,452.9217299,477.9287576,74.87009908
33.90048129,57.86221921,8.088202157,272.1653136,925.208827,65.03672492
28.65080958,60.96747505,6.138699139,99.0020787,108.5629248,8.834833683
21.63233698,49.96582292,14.64632209,215.9021226,148.1406634,31.51475855
25.01158635,46.60019653,8.782586737,297.6628484,543.261219,93.13221494
27.91450087,69.35692265,23.74798551,237.8860727,397.4590736,86.20126559
25.21140817,37.19043969,5.206067969,133.9500771,467.4071918,67.06428526
17.39905883,82.75635847,13.2523935,66.6452729,998.0636676,7.286382054
21.24128089,76.75218821,23.53495543,359.3338997,797.6212293,60.70551866
31.04792061,41.44489582,12.68836413,496.7317358,889.6671604,1.218813184
32.22836092,71.64119675,6.862185612,463.6429853,431.7171078,66.11264052
17.74600065,66.15797528,11.05789886,357.4719099,315.604396,73.1211549
34.04773505,41.07210304,14.96020788,428.6884138,791.1914215,49.72436196
21.57645236,46.39221036,8.703033747,165.0774283,826.8184848,0.38066444
28.24627477,54.53919022,14.3312341,330.0954962,594.9086014,66.66101184
30.03650292,71.95456411,21.72686392,77.27189693,906.3473632,81.97400855
31.23892469,68.32340453,22.4523594,368.2327673,970.5927311,58.5867468
33.91499404,61.93409086,5.985214694,486.4425526,523.9186106,70.91975047
21.25839096,76.10463259,8.218067161,437.3587882,300.400001,9.032135932
32.17012909,75.47626438,10.50580272,290.4983936,565.4017963,71.53218517
17.63373807,67.07154924,16.89731702,404.9330987,990.5799013,61.4192962
29.10081813,77.219405,12.21989518,474.7544645,363.6341737,33.1019725
29.83955459,50.05580249,21.88081827,147.2079101,655.8393914,68.53339953
28.55446482,82.8749717,19.33343737,406.9663308,724.5852977,64.55828824
20.04629472,66.89460515,7.009120462,171.4311311,292.5359149,59.946024
32.46086294,79.34181083,17.49115005,444.6263399,629.6132105,18.29454033
18.37716927,62.77674629,7.260252507,94.25952756,383.0563054,29.62217248
16.07269583,43.1062947,10.10071339,130.1982885,868.7886482,99.13827718
29.34929981,62.54460772,8.557412671,374.2774086,743.2782136,43.31091741
24.5095143,52.26669983,8.461238984,128.6498767,843.6397847,5.942652355
31.9819604,71.84994216,17.3279105,121.1244359,279.7141551,89.90053108
22.66794282,58.5476275,16.27209845,299.9600948,131.1172351,17.29320874
18.36557177,80.1667683,8.520563056,425.744257,865.4731163,40.35198195
31.72884385,70.68435074,24.80345611,170.8103414,448.0787804,27.79989135
25.97819263,71.07266598,13.43673465,428.5121822,261.7501707,96.38754532
18.78391585,43.02932001,6.941386563,413.5790284,182.7058287,37.80985789
29.40767997,89.05498599,7.411380339,310.5974304,564.8507255,70.87169639
25.22227277,80.50051256,16.67787427,340.9532392,235.1151574,59.83829719
27.08625964,77.34029307,24.58138807,68.19853398,610.022822,4.29751716
24.21796676,49.81291351,16.43902203,215.2110012,754.5758883,38.43146785
31.57417968,62.13789917,23.98082953,168.527719,581.5523544,39.00219626
31.59125431,38.22619128,13.88265702,117.5017373,913.3298044,98.98333254
29.18777644,62.3085586,13.71682207,225.3466981,240.0126619,81.19287011
17.10802755,38.75335479,15.00014719,209.7068884,544.5581259,85.66542761
31.77707724,63.18227064,18.94850916,378.0012552,246.8714134,31.352117
28.42025961,68.92331281,12.35231933,319.1433532,888.3117338,32.90546151
28.94048332,53.41175803,22.27772065,460.895031,939.0153487,51.56057084
22.25965681,59.9126927,5.585627695,115.4334124,459.9962935,63.10151327
32.58559112,82.53920326,13.7952839,76.8868724,375.1734321,72.82934881
29.507432,36.51378868,15.219837,290.5735044,351.3844859,82.08018558
17.25180933,77.50397358,17.14064477,50.46221237,873.7546114,87.32022193
23.15556069,40.24527306,10.52143825,404.4735244,714.1977322,2.462591083
32.72760724,32.20247897,13.54959942,277.6877999,892.5337492,79.60958831
15.94393403,41.13447616,14.690755,269.6295092,205.7651465,61.08369898
34.22833239,75.9025914,18.73819957,213.1231904,528.4251351,53.20847795
28.58325137,54.3075644,20.47088369,218.7382263,708.561185,62.84663369
27.62751955,82.35123101,19.75654655,244.0101552,907.3816847,88.19382458
20.41118513,61.48245247,11.83166105,57.21455499,443.8172925,54.52908943
19.97583577,31.33502112,24.98901046,87.59560425,381.7810654,16.21880059
33.84116439,73.00281658,21.97330624,277.271609,921.6691383,43.67771502
20.96544908,36.61397452,10.20046746,117.5550193,142.7799428,92.44595336
30.51010593,77.36277801,8.902116113,400.4431738,531.6359409,81.44837569
22.86243596,40.08615299,11.28042501,173.5183283,512.7639045,20.30456014
17.78508142,50.72678315,14.04689706,94.05483681,231.4507725,71.41437508
15.21430595,75.67628578,22.01598757,155.8444667,455.4551001,25.62267215
25.88514674,87.25388145,20.56724528,210.6942036,750.339766,34.8536997
34.51557637,52.28603704,22.02492247,65.89247387,430.1816001,46.8917364
22.38272388,79.76401321,10.4391423,113.753986,378.6944316,44.08696279
22.14384668,41.44753593,16.86922445,195.7310395,803.7059481,2.927982668
21.88183236,78.43078621,10.66498125,189.7162132,989.8438699,77.4009225
25.41087675,69.44964356,7.180463214,410.1740135,801.4171365,84.63859942
23.81329767,41.56461043,18.68395487,429.4649639,861.7089593,53.09432397
32.59829253,48.15023762,7.859951024,137.0383696,945.5506748,17.29510829
25.11041583,37.90625332,18.35395523,105.7729478,821.5952195,24.79380255
25.15515676,52.97802066,17.9592861,335.3731179,982.3188608,12.63342108
17.76743189,42.21891847,21.20496889,412.0806001,772.5558293,16.95062543
34.65479082,68.63987722,7.791092091,483.6753938,695.3702961,87.63973938
19.99945782,89.67030625,20.66960297,53.05832814,724.0136943,48.01627909
16.46728135,30.72054979,24.98553052,236.155151,910.0736441,11.10134679
28.26292498,62.4551888,22.02084897,380.2945253,714.7073358,25.4745262
26.9073274,64.41999585,20.03624153,422.8516845,785.0846539,94.95014162
23.30291308,84.85252738,18.24330709,78.02867691,294.4089403,50.92656901
23.44384468,60.36032009,13.43562969,356.2765338,921.3846516,51.56342963
30.70127842,62.62208518,19.61000336,180.0224228,502.491918,52.56448638
18.9142528,58.29916808,19.4835607,83.5686317,244.9605978,11.16168144
31.40506638,46.13425827,17.62996565,270.0961618,819.8084723,97.03136587
27.97494228,33.36174799,20.92556757,121.1690044,420.7537159,8.448574735
23.37939548,54.51946093,13.97527777,381.6533831,265.7072287,70.00384211
24.16057233,33.15548827,7.425054243,383.5678099,330.6260433,5.776481896
20.13294414,63.02954817,16.18135455,428.9304942,131.4540824,44.35917704
30.04228665,48.43761859,10.30087057,219.9059083,181.5606846,89.9678273
25.25749485,62.01614409,12.68866195,55.98940875,633.3622618,76.84445424
21.41709085,38.05781786,5.348298079,166.8811723,879.5960453,33.46760216
26.92100232,85.95779794,12.65581176,260.5152648,503.6773721,55.13477659
34.91468904,83.67127461,21.17602212,362.3050757,663.4523281,16.52746556
23.70524559,41.39979055,15.85444734,221.9182636,828.7597911,95.61202394
33.41382802,50.606657,5.196010539,291.2217782,421.0920194,70.86773437
21.9003368,66.80956631,14.3968764,285.9186144,688.8826633,37.4293761
16.09465414,35.74117244,10.82903295,124.2420572,415.3891832,31.79345952
19.08484213,51.27406927,14.55101311,330.372275,678.4438193,23.86387496
23.37390287,45.06673721,13.09385443,247.6632777,295.8469481,78.65195493
19.39269857,84.93100372,23.63958439,413.5634157,980.0556888,43.46142504
15.00454076,81.15063818,5.823545979,360.7750437,168.5599917,33.0217221
33.30003075,64.78996448,18.67176023,100.1611338,554.7095646,90.5221747
31.87758822,61.22078021,22.02053193,269.9412845,357.6667717,15.02179476
29.84584463,85.84354767,24.18477169,366.1224613,640.7540513,26.38354941
18.35629191,85.94566698,8.552724531,89.15527661,485.4762819,34.47657125
17.40727152,88.15980752,15.62609604,406.6236647,375.9990288,25.98514855
16.35209499,37.52273305,5.871791546,149.9020316,325.0338745,58.54030412
29.48058378,39.63346865,14.98367049,276.388158,264.2487528,60.10311115
33.57615921,70.60420192,7.509161791,473.2525794,804.5913846,5.474897248
23.61071642,62.4860686,21.75793349,307.1004057,299.9799434,14.45290641
17.38281344,31.10795429,7.277400052,240.8245033,796.1735767,19.85287564
25.24785641,33.71850216,15.26576721,53.05771733,536.5347482,7.032806852
21.97663815,83.28482294,15.42192138,110.0361302,165.0052192,12.47619893
22.49649849,82.13224773,24.43300996,310.3987483,248.8984099,23.9651389
27.42661248,51.43625532,18.09961388,272.2212683,903.6141797,34.56206074
29.37436227,83.46303702,10.75680586,213.723129,642.5342398,79.13090121
17.21207198,65.62050446,9.815986199,465.4471484,265.8998608,21.79050789
15.71180462,78.35433882,7.564964113,199.6171418,733.3884237,67.00258314
34.88660605,55.64586427,20.13029448,291.7178404,840.93557,5.788101958
19.65456698,36.80389964,18.81513312,305.9210343,397.5878328,65.82409263
16.0766105,56.02362376,17.19754255,287.3607755,600.9356915,79.47192057
18.79750658,57.43798788,5.816808859,264.9134262,364.1049733,60.48079488
15.77915693,63.05665163,20.25657733,201.6786812,172.0555459,20.13922904
22.83621789,36.33496277,17.83775154,458.9436349,459.55817,33.04080139
31.04803569,89.48411178,24.27777736,252.8614678,776.2888172,80.51813489
21.824889,44.64820925,16.7440426,287.8019903,512.812251,43.19718925
23.88366814,41.91314421,11.07903813,345.4150927,464.7421072,25.52346479
28.51173547,61.60817513,12.63041104,80.44521909,429.40647,93.26915366
25.1778814,62.23249076,8.516814108,401.5796637,513.0251404,63.73548566
32.22891372,56.38924427,19.45828364,280.6282895,386.4060569,80.57147105
32.3207135,76.31352878,19.1544332,345.7296211,650.9657754,2.450188491
15.19821391,60.99926404,9.01300031,397.4054294,157.2093816,33.93365832
30.56092613,66.58172731,8.169786464,443.3447258,826.6493561,45.88969024
24.214672,73.42478312,6.540098664,226.4991876,255.8502524,58.74215541
34.77681083,31.50150609,23.23951487,415.1434517,670.1002555,18.99718865
24.66464152,64.23865095,9.661396674,166.476603,504.8942707,49.79535527
34.73791891,83.05166827,11.88327054,347.1510429,796.1441922,68.56253677
30.09138722,31.04332458,10.61009017,96.21828531,843.5259881,34.58760567
19.97209769,54.31092623,13.27249205,59.01371034,283.780335,69.1442203
25.76789959,85.57364701,19.28097599,93.09340675,709.4612327,38.96540404
34.84271279,51.18926414,22.41191267,193.722119,270.9167561,46.94634024
32.15061216,57.52372945,8.651974991,63.99257622,211.5984348,13.42929006
16.94733788,88.89248358,18.72824687,333.7210725,937.2664913,65.12745661
29.12743994,41.95943154,12.05124284,192.4450423,247.9501634,22.4275688
21.91159172,33.91531135,24.61054337,381.3692305,305.3187393,82.8850129
15.13964524,81.56535545,10.97838319,70.66181132,217.291607,55.3443371
23.06961938,82.10792047,5.14385912,147.5157049,523.2627004,56.02567496
19.69508843,58.32467008,15.31279948,233.6015414,927.6465903,91.24765224
31.37738541,60.85243047,8.014621686,222.193203,337.6501648,16.74027113
21.74661218,80.14838218,5.889888536,108.9494028,587.6669177,53.02346779
31.55047388,74.31356989,18.96538464,497.3615661,470.3128634,38.22050104
15.01195878,45.90894013,19.64518565,177.9978114,402.4084698,96.63240751
21.156383,31.0136013,14.21398026,374.4644381,614.9374221,79.27140468
19.82330429,58.78200975,18.53771034,149.0120137,603.0036111,75.75008646
19.67134722,81.53473957,15.76478896,445.0330448,423.4299408,20.41213561
16.3637324,83.7500806,17.59602215,224.4912396,865.5069669,23.73232458
18.74248541,87.37357182,16.93407946,455.40612,147.854897,2.918082739
26.1109914,82.77379426,18.31645528,203.8257138,176.7145557,63.85353619
20.82722146,64.80261332,8.992612973,53.88971967,991.703134,37.08353818
23.34789565,56.67633595,10.3741324,282.659194,772.9146208,31.20406944
22.53733761,76.49099079,13.79926299,286.1545713,823.5360131,63.70312255
32.5180985,74.38929806,13.92256019,103.9253823,642.4309676,82.86876153
33.10597998,62.2886058,20.48823423,155.733608,477.8743834,13.3029546
24.85913943,35.23964235,12.34787318,402.5730159,666.3041909,91.86614539
21.60311901,85.56488081,8.250103121,66.54012108,183.326235,3.42712291
17.13601408,57.33615225,10.02931941,270.287009,781.9922515,9.510634024
34.06805759,51.80002691,9.294670048,288.6836555,586.6687424,83.81281391
16.2045389,67.77404371,19.63320039,359.9204273,961.0587015,49.27038268
20.95300555,70.43027767,14.40679229,66.85532033,673.7277319,93.92548543
20.96132402,42.64127502,19.17261396,313.5408472,236.5232835,46.16529966
21.40802572,80.21633069,13.32439362,51.39411646,529.7951035,92.6122986
18.28573687,47.39622562,22.79471205,169.3302653,152.0400243,23.96296256
30.66322862,41.20103555,24.67040615,274.8579149,770.8866034,61.64496228
17.44995724,54.38399117,18.39685017,460.0766018,551.6483694,99.44680029
27.69813318,73.83360485,22.27625114,106.9654172,432.6880328,37.60628081
17.47692053,87.92749071,15.15866534,126.1801081,971.6944435,0.145468451
16.41071275,78.55687586,23.69241681,351.162529,946.5386671,6.405220548
33.18859007,86.42090266,21.63172971,218.6877622,957.5487971,85.90596035
18.80257533,38.43634824,24.83557144,330.5396309,298.873218,49.18856352
31.42500309,34.27060793,17.46187471,498.8543752,755.7126361,53.67181984
25.89261742,63.46228571,20.58413481,494.0922476,950.8439235,79.94261047
16.55713039,47.41784898,15.8573628,209.1711108,613.783231,81.15790087
34.10896383,79.68329838,10.18240209,276.7664092,292.7443095,47.7421308
19.93922334,70.31927228,12.09510342,457.1105714,836.0312175,85.80607768
32.19290691,88.24368984,22.88010829,91.47544808,891.9264226,46.84249583
18.37620012,45.28754134,6.118958932,253.5367567,732.9118477,67.50213744
32.07885764,59.14704686,16.82959772,219.9098067,364.1975898,3.336183106
15.26457626,60.07442865,12.44968065,182.6972477,271.6245088,13.79993869
25.23560913,44.35060769,12.73385076,497.3918954,661.8428211,85.14200373
30.38885159,65.40560397,22.69142413,380.0971823,534.5204723,31.31184223
33.69591035,56.59715916,22.07644749,224.9361466,701.904452,33.47439406
33.18404272,56.80329336,16.97684751,423.0598512,200.5296989,66.29911971
31.39249739,51.76419888,10.45837695,270.3497453,222.3221959,59.25381507
32.76382699,31.01576115,14.50912692,442.7709856,426.6006004,8.218864065
18.98439372,61.32571421,13.16586788,169.8709305,332.8842589,76.57650343
20.68368591,50.11487014,12.07236058,150.6201023,657.404768,61.72224295
20.7793705,30.07919214,7.055711571,161.2790066,430.7864764,85.53318529
22.54107862,48.47662246,15.86227773,292.3162593,715.5737075,53.549691
22.86641341,46.71769999,11.03662596,181.091026,791.9185619,41.4324836
25.89110649,53.60688919,18.21615886,116.2038579,268.4508132,37.13404577
18.19759527,37.91111938,11.38407872,497.5825633,927.8414519,0.441892625
28.82493328,60.46102948,13.62326986,455.1949523,808.4438563,3.978422264
18.35133079,71.54642115,6.047207484,335.7555969,664.1027219,13.12114253
21.20616964,67.81113414,24.8507614,451.1942933,918.0359693,92.95373868
25.06690261,78.22529685,15.15220767,470.9582319,339.2818747,88.06505323
30.92881123,57.12049728,5.484751883,354.2487313,479.5418818,49.7196355
29.78938466,61.14550382,15.82461318,283.4059004,177.2082824,18.01963934
27.91068713,78.62411645,22.40707999,446.9008065,510.563639,14.61113606
18.11546521,55.66207025,20.45104269,305.5086486,555.7606566,25.61305936
25.94090691,72.09596099,19.01813368,107.0602443,654.4602313,90.87228289
16.74893004,56.07614212,7.789293092,215.0852002,157.6352918,52.1468059
22.54726354,55.06417167,18.15474158,250.6644283,129.2194173,80.4041845
23.27033061,75.61233747,20.32596756,470.9160573,477.9011488,50.67543545
15.79622879,40.49021493,16.44838128,346.6334625,270.219981,60.94473178
20.47976199,50.31515832,22.85498009,443.8749033,782.9095079,61.01026151
34.11298935,43.4503366,10.53979564,390.9162654,701.8626557,3.133777641
34.07265216,51.54659658,9.842893995,189.4373989,393.2442769,44.5268518
22.04654109,43.82248934,22.3913949,373.4190469,141.2049386,86.4049037
15.86200218,64.76433787,17.50796486,137.8848812,264.1992615,48.90986319
18.58189879,77.89024816,5.02894441,233.6656153,722.5114084,43.53354213
22.84435587,77.19678367,12.06262817,412.7413357,991.148404,52.65455742
33.95559396,51.87005787,22.15711972,325.3681229,393.8143646,38.07670379
17.82398127,89.32562435,5.546390233,421.4356277,821.7966583,51.53999675
30.27031687,65.63126188,5.064958565,164.6166121,880.3868424,13.53448161
17.17365079,53.96401811,10.62518581,387.3869746,143.3627849,96.79467854
34.62515155,80.13235675,23.28000074,141.0459626,924.5994381,3.412993998
22.63232998,73.79244076,23.02955163,295.3868776,519.5824339,48.32074309
30.50469078,74.95652021,15.37523892,245.0905675,967.8179859,20.99925324
21.85182166,41.76836098,16.06473742,300.414136,584.7002447,5.835580593
27.55337754,58.09945844,11.64016023,110.9900408,311.6291589,65.17053785
18.84032169,81.70968785,9.874733241,212.552544,977.2014767,98.51812584
17.92042039,60.24228046,21.30443708,350.1067239,318.9744227,74.96049541
33.76128279,71.00716461,7.12589721,301.3388573,894.2304048,25.40206674
33.35294556,65.27602398,14.74708742,297.0363915,255.8156452,49.33890625
32.7493788,80.54140726,17.68794519,279.8735505,707.2908155,4.978155598
27.508669,47.07365039,7.073605807,474.7482095,470.162448,53.16702579
31.16536422,64.52851667,15.39214191,470.5563641,974.8163558,9.946319815
16.38073874,37.39408008,16.55042576,212.0652378,266.295368,79.46076429
21.69578084,71.4126466,19.84992121,208.3527552,467.9152057,5.6706399
21.2740625,73.9180703,9.696720983,299.7043055,675.7986916,0.93609659
27.71290644,32.57023927,10.86655007,93.02282786,979.8583809,86.15570386
22.11915547,70.54745782,16.39042293,186.3530153,373.476769,94.25422111
17.97013563,54.88140925,24.6625282,153.8904046,457.1839459,8.655402515
26.92934151,37.44581257,9.349863656,150.5253508,515.6127886,27.89166591
31.28767841,55.19445286,24.71807654,337.3274867,327.4304422,74.16972783
22.64246989,41.65397578,19.28685066,222.9576505,835.6192304,53.96534653
17.6453743,54.93357193,21.52164139,127.0239686,182.7960452,94.92368129
18.93376395,53.06034168,6.792825365,449.4073302,734.3109385,38.9180011
19.7496661,74.30349822,11.00840375,443.3669096,580.536073,0.332288928
20.99795186,76.45293349,6.154725593,438.1083156,317.7342604,1.974563947
27.85590141,66.42171926,12.4309399,225.835224,543.5474262,56.4854456
27.01890969,31.36121053,24.6257932,75.64210408,846.954183,75.21053979
28.92159723,85.86133674,7.105461244,98.03390805,500.8974435,79.0617018
22.25003969,71.17399681,16.24745565,174.2216359,209.7079884,91.15170391
31.47995304,32.051727,5.121412456,148.9865018,136.7217659,22.90745409
19.08175322,79.12997395,19.25365632,443.2935291,800.0166647,73.84059054
24.38081495,42.01596928,8.943853847,493.8611812,397.3898313,82.70980952
31.01877443,64.75327137,7.591690742,417.503148,938.1202269,83.62753514
18.60317295,57.9980622,11.74035624,378.4320062,655.4324629,41.15435689
17.19726227,55.19032694,20.42088596,314.880863,492.6555021,62.59830068
32.67367935,83.38282321,7.132261726,396.4587346,608.0184281,55.15653034
21.85859326,56.24167749,9.596779916,476.1649905,511.4193804,59.74859348
28.6774025,34.52064705,5.169288432,320.6051015,915.2299741,28.20312359
15.50697209,86.79832363,24.36829725,119.5759598,512.2196824,68.32344483
28.80093777,85.23211387,16.842912,123.7362428,193.6580577,71.00173103
21.32202623,71.06596137,19.39799273,312.7382614,637.3792352,19.59483844
16.11481707,58.07355169,18.02766342,200.0608429,660.6829415,44.36324386
27.19625523,35.57156838,7.887291177,459.6113189,788.7970655,42.21055763
19.81607632,77.44488711,16.89879878,325.2390502,939.9557274,74.89506484
22.73614484,34.52867487,7.628311903,354.421676,498.7735139,66.65030602
16.61161625,34.11605909,13.02472908,52.61931955,416.8689459,47.61958306
17.94326502,62.24303055,16.37926272,274.4818484,541.6939142,65.25313097
20.95954471,39.60769441,16.17762228,244.0241246,910.1790117,26.28616052
16.79519001,30.46381604,7.38146852,367.6423355,981.9841437,23.23478824
33.21652529,55.38680586,5.688719393,222.1873972,974.111506,23.99196528
15.12094086,38.2330339,20.96468628,489.4587643,306.7259615,2.949767534
24.67720438,39.63092492,19.51844874,351.5914317,547.2058254,69.10762614
17.46494916,34.61463832,6.636378091,346.9632499,333.5266233,98.58480872
21.15358179,42.30562522,7.548310376,463.7035151,431.1845041,30.90321416
33.5211912,72.92905079,22.85167553,497.8421753,128.515695,92.98333617
18.23389107,78.53563843,20.38257803,139.0193102,244.5410613,60.65426094
34.31664639,57.15201864,24.92320592,414.7399144,457.3683592,22.49342653
19.11588754,60.39322895,10.07974898,123.0437729,428.234169,1.186463714
29.83132217,31.95930208,14.75605978,255.6695539,350.949296,72.37314285
25.9335453,34.15897568,9.729191521,95.08343195,307.2786194,69.6574235
32.68957455,45.45406354,17.45600277,330.5169403,774.060143,22.92533328
26.07986511,62.63390524,7.308284782,260.8331735,365.0947298,33.27050891
25.69118438,74.37306892,7.544863455,332.9145267,735.8892683,89.80467393
18.90916001,66.30018368,6.437757828,355.0823387,431.7625982,15.7233311
18.32458724,53.5276713,18.87172165,328.7445125,821.7813152,83.54438681
33.32978302,37.09944438,14.88145155,182.3131052,250.5100139,16.92234425
21.55676398,76.84639409,17.35462433,426.6316208,241.8434923,48.17271357
22.4416451,51.8271631,22.58602093,298.2587897,711.7050403,49.89652877
30.19647317,74.16324087,19.8065697,270.4330279,923.4237176,47.20896464
21.77646965,60.77873051,14.23445836,494.1787119,228.6880343,28.79295691
34.04124893,74.31972321,24.68711977,177.578558,166.3341561,25.33647289
29.75855538,84.43737369,14.12512202,287.6136372,941.1734861,73.3154769
26.94858485,85.26177096,7.249013465,357.0460604,205.5942495,27.56769032
32.61790321,62.1064068,24.85309495,106.3516698,325.3302278,60.99153712
15.99211817,60.69050189,5.4564146,209.4078759,936.5447507,84.66396871
20.14125384,45.94070793,15.99767119,410.7599222,822.6261037,83.70344447
24.30072668,86.14798989,11.18190977,156.5412056,408.4820323,16.71514081
19.53957079,57.47515003,15.07104302,271.9806642,959.0749477,65.4737643
29.87810375,37.65547436,16.17425905,333.7837727,611.2436619,60.22791318
33.38416062,55.96229488,9.801917926,352.023059,165.0234364,28.19845108
23.4754024,37.62319501,16.13717511,377.7396989,732.7601895,39.1453981
21.842652,60.15190106,20.12122224,439.6897927,583.549622,28.51130246
34.23101464,63.67653089,10.33019674,226.7867494,615.3292455,53.70651601
23.89704866,50.26534569,12.66852267,367.9843667,994.6938199,80.3627398
24.78096801,34.29903685,10.36485386,379.4785915,237.262855,87.75033364
22.03299745,86.61021214,21.41119462,185.1233586,691.1163103,72.28235932
33.19096946,76.40118681,19.49964518,485.6710776,512.8669875,48.34503612
26.37910967,80.33286483,22.42392874,439.3486281,344.7038124,95.80952836
30.24349174,52.01210366,8.400997858,180.4375979,724.1903125,56.38790115
31.23613437,75.6498618,6.471592763,353.7809045,701.3915265,47.85466887
21.83698084,59.12237371,7.387670077,373.0102855,870.8455973,85.6773623
23.67388663,42.0650093,8.220366656,244.1676363,890.9823117,18.46233287
31.96943549,37.46540261,15.66165321,438.6844787,605.6375077,15.78783453
22.26510703,50.70305216,24.41824141,360.6032091,393.0153095,78.25424714
30.87870267,38.25312669,12.14470833,346.1696083,576.6224054,87.05708304
33.81984645,89.89613857,24.17016539,149.3781675,423.329614,7.277478166
27.46420746,32.95133941,5.7640159,233.5290401,349.6204756,76.40861016
29.83254575,56.46861596,23.53744406,245.2651201,596.41784,42.44617204
31.10194624,57.12561134,8.623052146,380.1474935,692.1407567,70.37268231
31.90079298,48.03791571,23.24949971,328.2775454,631.5141582,13.49693361
22.90106676,64.28109394,6.124548602,88.63726578,958.9775692,97.30127527
16.02526918,38.99862145,23.96438895,188.4640783,368.7725067,88.12802941
23.03752542,77.03474284,9.015965286,262.871377,435.1075165,40.59725283
28.4751246,49.94686309,11.0542812,381.5298256,700.8785409,89.33588261
24.00700772,65.48055539,14.81884688,384.6061085,640.3227648,89.49257271
29.97926302,72.93835416,12.61441762,270.7444889,101.6770468,46.12530249
22.13964859,83.34252706,18.35055939,102.619572,381.0569217,94.68855019
27.69488282,80.14724619,24.49615535,181.8065315,328.3856672,97.68571256
18.7283961,66.49854169,17.12852982,164.611572,855.923398,21.7212739
29.98738873,53.30359082,19.42970819,401.4618846,879.6238578,6.666667965
25.91391938,60.1922802,6.760105006,130.9938413,355.5038269,33.1149784
19.08128777,76.1240876,17.55624858,259.2145501,191.8640383,48.88352611
20.83822347,82.65273255,14.07699554,351.8234616,284.6817524,9.267639872
29.97217417,36.22691569,22.71564716,484.1537688,258.911559,14.06595575
24.65202471,53.09137575,12.76422199,499.6582611,313.6918234,97.1699122
19.32062881,76.5669959,18.58908288,478.8149646,311.1804121,73.73005963
34.34542381,55.89910576,9.563074565,373.2090554,531.854784,87.49380693
29.3025004,49.93366584,10.18745067,385.8983749,387.6772427,97.11545788
34.14269665,54.67936181,12.52244862,391.6445439,603.8395758,37.81443593
23.54210091,66.17068481,11.08127075,438.1721944,409.7211619,68.78639416
24.50200681,89.98830865,10.07757679,478.3034583,833.209237,18.40219944
32.95910432,59.57954575,5.993374118,250.567765,955.71323,55.16672008
25.5009868,42.5096685,21.73492664,237.4298951,463.526608,20.9878478
29.14557824,39.77079452,6.286030618,257.2090081,144.5216813,16.04309629
20.04345755,32.54098485,22.74731031,346.9177272,315.6204226,9.844363172
23.93452937,63.5290341,7.509307781,398.9504283,191.6723478,57.97365626
17.46899732,62.67432549,6.305234741,441.7449759,410.2875188,94.98511993
19.11960072,42.31403561,16.26009528,255.2948394,680.6028108,12.22217949
15.01886831,71.71976439,15.04883585,213.5176818,567.0171181,50.23144554
15.78530103,74.4664225,14.82469138,492.5086766,318.5881102,68.70681173
34.54567646,45.54589232,16.49008655,154.3494295,790.5331474,49.58616807
19.8470739,50.64598584,10.74113212,149.9021759,218.3326564,91.17759244
28.26621419,89.42830034,18.25898547,371.9333547,305.3763776,16.62956507
31.78199398,52.45586807,15.04804439,130.845783,708.4424355,2.416326101
26.01320918,75.64810031,11.69486934,229.7340499,277.510948,38.31181219
18.06289,57.1635256,21.53001334,181.57407,710.8864443,55.54888088
29.56232875,77.60068967,19.55442193,125.9197055,979.2472153,25.45070914
27.0050282,76.14139433,12.87220684,310.8682576,848.2179585,16.84335477
29.62501179,70.06536151,21.9523557,218.0801708,244.0094863,80.48378305
30.39493246,81.28670078,23.405165,258.0053778,568.4485794,18.85751921
34.50820735,86.35310969,15.73732534,138.1383522,480.0894071,44.2682208
26.4712656,64.79899923,9.299049003,395.5400612,992.5024719,95.44811105
21.83282225,44.24813443,23.31584313,191.6204376,967.9606316,61.27048337
27.96929114,53.9177377,8.789592402,204.2231806,214.4008475,49.77234528
16.36881418,75.49834281,5.968464528,163.4692829,917.8577848,36.02502327
32.94794637,69.05300911,11.54974018,245.4816075,274.0765042,52.0385453
17.38762023,40.66790031,19.53932689,258.6094823,387.5063515,73.43070606
21.55685676,33.07437247,23.46548173,288.3501123,418.0671818,82.25272385
31.31490761,70.97769561,17.74571294,485.4057269,358.1398406,64.98477368
26.94624757,45.06474144,24.03677094,457.1113136,867.9194139,79.03170547
22.87271041,59.98021462,6.847416786,324.2266839,396.9391653,8.841778462
24.46871319,74.80480635,6.215074592,67.50656049,835.0645772,1.437445014
32.09094786,63.76000684,17.08383901,325.5171534,994.9391349,73.44110309
21.80008772,34.99815499,24.32232645,90.35087304,856.685384,26.17040702
32.3929937,41.13481421,15.05442618,369.6549073,411.5286338,87.76782504
16.76268862,43.15969104,6.030304519,225.534941,740.1271541,53.58506777
30.53596874,45.47185522,9.424373122,426.9634212,580.5311023,47.8520948
31.95095266,63.92420352,9.895858128,474.1381604,807.8660055,77.28187725
18.63635306,60.23794679,11.75714258,237.6996537,237.7876552,74.10960036
23.60693065,42.1896023,5.872067672,257.249883,674.3211334,70.42765324
18.30999549,34.05329061,23.09785401,315.5664115,796.300096,68.9900956
29.13208258,40.28593227,15.31127889,138.7097248,785.1082019,51.53959972
25.70695536,89.06287876,18.41861586,467.2997784,967.233705,92.6475536
27.70646693,58.11281699,6.343456738,244.8499669,152.5702427,89.06414097
18.92973934,82.04073028,6.082309356,125.0691512,411.2014322,32.94049415
19.23491724,80.925148,16.72935544,393.229325,528.8982236,80.46945393
15.82994651,60.69117345,22.74592021,148.6181176,378.7871756,89.11085139
21.4413507,72.40126251,15.56964002,114.5881738,378.8105623,61.82549711
26.19489323,41.56512062,22.55638345,303.292434,258.515746,55.55791927
32.15869828,71.3038023,21.21982546,352.1728649,831.6562627,67.18867476
28.33854895,46.34307476,6.517075716,306.3032333,917.2621399,16.30606575
23.70792647,79.92372581,9.039149488,345.429792,174.0946236,8.734367621
34.06240229,35.02344799,18.15421338,101.9858055,239.4090206,82.0150275
29.38490401,76.38832037,13.87002765,264.208117,305.6076999,57.33262271
33.60330406,35.99621439,10.81399627,210.6583898,558.0887355,12.25014903
25.55175947,82.87135421,13.37267712,488.0158773,812.05483,41.63180271
20.1780855,48.25227109,13.90399293,72.33077038,164.3099723,29.82343715
16.05653373,69.26360189,23.21104502,184.2323914,673.1316871,87.54779542
29.52169703,59.25013672,7.069165674,473.8379873,234.4019106,50.72201811
17.42605996,51.97818872,10.59461494,492.5732824,974.3113611,57.75125461
21.05550257,68.72650999,15.75129633,421.2057235,908.8960878,23.52904049
25.64941816,86.85137883,18.96573853,84.19920981,954.6245641,79.90635476
26.28833176,32.47618484,17.61274578,302.6097628,195.5474898,93.01012876
27.01166394,85.13117135,23.83285475,230.0553467,539.2327446,79.24943487
18.32510661,66.5448993,20.9121785,412.9036555,248.7219103,49.28591432
22.5947481,78.43885805,16.14153684,74.76090601,640.3199957,83.50889318
27.34388454,53.03249721,9.293653833,138.7079382,309.4652014,18.79588712
34.39637729,58.31057849,14.01748463,270.1377798,793.567885,11.341366
29.55262275,82.13104511,18.86764488,120.9414483,679.6023406,43.82191203
33.45207514,54.89087819,21.7592435,361.7218142,614.4441349,18.15344671
30.24424117,62.079574,24.19472449,419.3452495,842.7044422,25.91605561
26.83433938,31.21169539,17.10905532,367.0339521,550.2457278,58.51167587
18.84046738,39.51588035,15.53838735,248.1276711,342.8665663,40.39031138
28.33371304,68.50119048,5.353838462,445.2744498,658.6349471,86.58782796
27.46759132,73.01861406,6.441981383,111.9587593,961.356369,22.56123455
27.04938341,64.95605621,8.122099953,167.1523628,641.043427,99.6790699
24.79571736,38.59860218,6.095198624,270.2928584,666.6575041,35.93934159
25.57313208,56.72432571,13.01726478,77.6023695,941.2756131,51.54028507
21.68885054,51.30568598,11.7375709,93.0586017,563.7475903,13.23321098
25.38625385,59.73968064,17.74708316,228.8495173,996.7217155,57.92990127
18.95111811,82.21974207,15.71330216,474.7488335,243.6958392,96.12848944
31.10348795,76.55168632,16.91941519,458.786162,583.3358587,74.93977779
18.71553909,35.03937008,14.43954406,259.6886862,291.6107569,24.40545601
16.6993258,83.41855187,10.55474297,113.971345,507.9937315,44.26117108
23.72492053,58.30602907,24.0565063,130.1484452,253.5165186,42.5433314
28.16614879,74.63172869,6.728183195,219.8957246,300.2758944,9.794776759
23.7543365,38.40235388,23.77781999,144.5333878,289.7200447,88.58501807
20.53508264,70.24317154,11.22476094,87.33901748,388.0282051,38.145605
26.16342368,44.17956106,15.25322891,353.1998676,221.1445311,49.42596111
21.94004671,56.30285383,7.176846457,311.651887,828.4079575,29.12477749
33.6573538,31.0117722,6.418621367,181.0835411,298.6080376,15.23956268
33.45290279,39.09663828,13.59090897,400.5267721,474.9120956,90.21106198
25.0474364,35.52482959,19.83394753,399.1769995,114.4514244,3.739747766
21.55767988,44.38465038,10.38729555,270.9508866,194.393389,39.98795013
29.74264828,36.0010854,16.24695778,93.43964998,906.6447104,73.06954269
15.73425887,71.5146016,10.57300681,463.31123,853.4441835,30.88579182
24.49538012,31.74239413,12.77226122,350.8972356,856.8302072,44.6028607
21.72646789,67.06443004,23.12892637,161.1728686,470.2180755,56.4477251
33.4107177,38.44246985,22.11679251,324.7045462,227.377719,99.50816122
15.24006055,86.70968743,15.32035087,232.2596731,197.1050693,75.83013378
26.05629751,85.98564439,9.762112549,335.9073379,645.0424523,96.71153738
29.81327162,43.53018615,8.863678255,263.2419031,845.3739294,69.3145474
24.70035975,66.86527789,24.08174706,268.4624676,910.1030339,26.90528881
16.7080606,31.68031917,9.05433193,381.1469414,359.8584855,28.7488809
34.4492278,85.90731258,21.16336622,326.1765857,388.9239129,82.24643034
25.36020863,61.37923849,12.37940419,85.97871106,190.7889912,42.77134912
27.28372489,32.59338909,24.71319695,79.4181067,796.9688103,37.02241934
19.73219565,50.54999958,12.36311481,187.2541569,348.121244,94.50940264
24.6699617,34.61096771,12.0303325,243.6106984,532.8365226,1.323316647
23.58298984,53.57666636,17.74927258,173.8501516,936.0075741,52.49668852
16.49791684,70.19558053,24.23033613,343.1569361,776.9941573,77.50766573
17.12320707,58.19339448,24.52419212,137.7985693,147.4641067,73.61690162
31.74945039,53.02333048,19.14412293,366.8634934,107.339135,36.75743871
19.79639904,37.14942273,20.09212731,397.9178339,808.6671333,53.56483118
18.89916543,44.69634274,16.26804352,105.9436884,597.2502133,0.557729469
25.09822903,36.00859726,20.11551478,342.8628095,748.3009684,53.48302697
30.37494263,78.4499239,22.1955931,482.6461892,241.1337896,59.04012264
16.23893037,38.11438968,14.72190606,136.7707178,884.843065,87.47913376
26.53615839,65.72240199,17.39724526,459.186274,795.9924811,21.07372698
17.38420886,50.56442482,15.7463339,322.7215772,901.7550226,82.51457124
15.72922102,43.55870308,16.24941227,315.9251903,406.9864744,71.80665108
16.05487904,68.36810637,22.8009582,73.36520704,348.1346758,66.60308649
31.68328216,57.42013856,12.1123366,386.7351253,236.5582959,39.43878243
17.35944967,54.00872804,9.163680512,265.2228737,937.0796572,36.74343814
15.90302729,65.57112029,14.12560221,374.5284763,259.1462832,70.32612224
23.75799774,59.47605771,9.16170381,414.1314966,207.3855103,99.02232143
31.87986944,48.20905251,14.96800851,285.708368,273.4103881,40.53537592
20.24816753,63.54367727,23.07016211,168.639941,794.2435541,91.85997776
23.43425235,70.16991459,17.34867041,113.7076211,900.5763115,58.65450824
15.79845065,31.60158952,22.10865707,122.2264076,829.8221108,86.81656536
23.98157028,57.95230373,8.323818392,440.1205943,606.9146976,21.7190447
26.55226161,33.46099708,23.01747185,105.610143,994.4958257,76.22320747
26.41814108,41.18432484,17.03574329,223.1123329,161.968658,83.49435107
21.64853384,63.63052404,5.635195775,200.4235908,880.47251,83.21691399
21.31066361,81.97133492,17.66237911,439.45505,484.9424755,78.47113787
17.13247238,82.96834075,24.02793913,264.9620753,509.6101138,30.41956297
22.33596641,34.19664061,6.58334001,498.4008878,214.8354043,52.19502198
16.98989338,55.14630518,16.64912261,381.6746358,130.0896769,29.97047802
30.33191889,64.98038898,23.30957206,432.9156089,384.9654935,34.29659067
34.32548595,38.82419427,5.193903367,94.40251971,257.3681798,30.12188836
34.40148913,75.925933,17.61825853,163.8960149,535.0048805,28.4227048
32.30142199,74.65411551,14.49804584,110.950788,232.5974734,69.34216725
27.01584299,84.20046082,11.93978637,258.6298876,224.1349629,65.02636993
29.01731394,30.50916073,17.5507298,373.2293697,889.2810857,20.42642346
20.70411605,43.00105464,6.054041892,126.0786057,929.1652312,69.15187201
27.6154084,79.63120285,20.06126093,108.5758451,967.7945877,29.10685959
24.11299099,70.23480305,5.089589538,326.573937,712.4521986,20.17183345
24.6403468,83.66339122,11.13871488,153.6407392,793.9148543,74.72518804
30.15553121,33.43077927,15.07917275,265.6962823,852.2062797,36.28680928
20.63836711,65.81783794,12.54044501,73.00297748,693.0298532,56.93505243
21.36079223,64.14279449,11.1495187,356.2757654,397.2187942,20.01239605
33.49283582,32.14046498,21.61670291,293.5923717,240.7482986,61.36938373
16.1244859,60.81132461,23.69665149,341.3403045,313.5459764,20.79934346
24.71268597,66.57121868,22.4742537,173.932871,856.3726463,16.68769234
33.25601601,41.47759045,15.44862626,175.3713389,726.4875145,38.65285718
27.20726016,46.39977499,22.6832835,410.6122399,510.2161872,79.00618394
25.92814148,68.42084078,23.4172313,373.3530408,126.4645695,17.65343483
19.99488358,58.09805686,13.18476794,310.877893,339.5839334,11.70265675
21.86550978,81.48081945,10.66891719,332.6645641,756.0077438,3.164769246
32.04096832,50.54290596,6.965304116,92.31988078,561.1485116,41.59657565
26.18436264,45.9995795,14.58183842,435.277087,491.979245,28.20250649
25.29484388,89.09195642,23.92593841,396.4581649,382.3114607,29.21084506
16.99159427,84.66814621,16.21815056,315.7211902,646.2386475,98.19419428
15.32056313,31.7395647,18.35124204,463.367809,969.7468468,19.41234029
34.27370377,76.24371692,7.25767637,125.8870585,911.011279,45.84270505
22.53972335,36.62008643,7.870393283,358.9958237,127.4481443,98.63681712
27.06426124,31.64911169,14.28946524,483.3417999,532.8584403,3.061805262
16.59430146,46.42173096,24.02529598,189.5040341,396.5223682,69.66574447
28.66228571,46.16075274,12.21569283,56.88154133,559.5441961,37.10829523
33.65133417,79.15912574,22.54968083,380.6903601,645.5923209,90.60976136
26.51330506,72.64003476,7.405771869,53.14114601,280.0252612,91.19414377
17.52230645,88.89656564,17.34034414,442.6401421,803.4112626,38.72127359
26.63443055,72.69077402,17.01225954,75.33556345,527.5612451,22.14634653
30.32694426,55.0953332,22.197495,343.7441284,992.8054494,42.80034383
23.12833073,71.93565966,5.066334088,219.732865,122.6146472,96.53062746
32.59675496,89.96754403,8.798633344,141.5032942,270.7472586,28.13985891
27.97365907,72.60851295,9.393752509,454.2162799,720.6668205,98.13177982
32.98497837,75.70088136,23.99932176,385.8106334,725.6617719,81.93914978
27.47010622,86.30190091,8.073873125,203.1982548,623.969402,26.74523315
17.62575944,36.81907568,5.739247004,177.8688918,974.7640258,79.10694671
21.19383422,72.28705761,15.68922989,381.2055324,473.7835078,4.979944313
19.03589897,81.04835748,15.57116925,426.4568432,475.3331309,54.80633766
33.17652995,87.26271601,21.88093931,372.1327089,919.4287269,35.73491392
30.20800135,42.65815738,23.977193,337.9951513,584.5976038,42.69359984
28.52796738,60.23574046,15.77090884,152.5661263,418.3548954,47.28543381
21.01932639,70.83329086,23.59988365,433.7617925,747.0441873,50.27127602
18.68089544,44.84806377,19.50318303,387.3478926,657.7035564,65.64122745
30.12902176,66.0283718,10.29118256,282.7734304,375.7690453,69.67770278
24.48315892,45.45472695,23.56841422,280.214493,368.1359183,97.57040366
19.51579104,50.00742123,18.34886352,306.1278625,456.0515178,76.27786687
27.33243956,56.49112179,13.28191865,422.7243774,164.4580591,68.77977757
15.80667704,61.75140592,18.60484169,384.016797,948.3552122,39.24588839
21.52340508,56.9619523,13.02625655,435.3102473,264.7180362,11.78080645
24.37113989,59.59173119,7.28367536,278.2772472,274.4418721,5.878841945
17.95916668,47.91532538,19.37957494,331.0920766,682.3345645,47.76847103
34.69308955,39.53790564,21.48175224,434.5573131,751.8223426,66.82567126
19.18194729,32.84099864,19.57612398,154.5440271,763.1519136,65.01598513
17.6070626,41.75872335,9.582293355,249.8093061,437.5675212,95.28614202
19.07069748,64.91661849,24.13270027,329.2935066,885.9960576,38.24299732
30.38122266,77.16692687,5.505091234,461.8158158,589.5991556,62.77838132
23.51011319,40.15485585,11.65370595,57.12620497,494.7287969,88.78738219
26.3083188,36.51332147,10.20184869,145.6579212,829.3478148,40.40777566
15.42018314,74.95742163,5.962524552,155.5027285,319.2051243,47.77431529
15.68862617,48.30949983,13.11459386,196.9757061,874.1668991,92.29728959
23.916511,87.08996635,17.4622968,176.8039792,584.9464551,55.0241953
31.33310486,72.85907824,22.65105727,315.5624535,910.0523419,79.96099383
32.70477757,49.60536283,24.79379432,448.5291189,281.451278,93.56238362
16.73413135,47.37256487,21.16179173,336.6400285,942.4567684,57.10580386
25.76726204,61.42190318,14.37361037,158.6869515,719.0890678,10.9186969
33.26459373,34.7486801,19.47408852,438.6887825,656.4956741,82.16999538
22.75945509,37.06059076,21.87247577,334.4206051,479.8607675,81.77821654
31.59131663,40.55147288,14.30614393,148.5329562,960.6835,11.49851943
17.67391309,76.4834156,20.70108868,212.7499417,499.5276655,54.81181516
33.70788979,60.83144156,14.65304837,405.484163,548.6886572,48.70856355
30.02846635,30.63402737,12.72991982,382.5190317,803.3482977,84.71629327
33.82668786,70.41099165,15.52181676,309.4620663,356.3581867,27.46278325
28.53234467,55.42141072,18.51709475,115.1453762,362.3457815,42.62777083
22.26807864,60.6511419,19.53764113,411.4801838,797.7679189,60.47910447
33.76362345,42.8469746,12.13472538,188.3941378,215.7218103,51.72451926
20.51133553,63.1069337,16.42640503,397.2190725,840.6680683,95.50342747
21.64345044,88.74919439,23.19741748,341.4048646,662.6575075,96.06573277
29.01616836,34.40668146,24.526258,168.8766267,585.1753898,8.157249078
30.30632599,47.03504398,9.544961824,145.5661527,306.198444,29.78469923
33.58806968,44.57985557,8.856623314,108.9094655,807.7313524,0.753481571
19.09604818,44.91295865,18.53371267,158.8758065,824.4577806,41.78603485
30.9599607,52.72238145,13.29367772,121.0230601,534.6476811,66.21390529
29.77092107,79.08658708,5.484446768,327.6730615,450.2520774,47.12847811
16.27589113,84.7715214,11.93723741,319.4524035,321.5456538,6.718187356
22.74446282,42.13290525,21.13489487,313.7774271,778.8106154,19.59562375
20.65530914,62.57699628,20.94853861,338.8504142,675.5067308,17.32913483
21.08980849,68.21393833,14.89370298,416.6530403,285.9679264,51.11282898
34.65893759,61.30964846,14.4515587,461.0987202,815.0212717,67.76800157
27.85554827,56.04458365,16.59014885,153.6689921,893.984782,31.63254232
29.35352316,41.51853035,9.387934211,314.4985206,153.3225365,13.04600643
34.53235275,59.29316155,15.5208725,85.25129956,795.1785742,79.85976481
22.54403565,54.07288966,5.220927201,104.0640973,867.5217401,85.83618368
31.03680337,77.73380175,14.5111911,344.4526908,992.3571095,27.64882134
23.69061927,75.81626155,11.72102093,268.9612528,313.841349,42.07477024
32.39067344,38.03992087,18.49739212,391.2494391,433.9028847,8.193110263
18.61315083,35.31114315,17.76707168,241.5548664,969.571983,22.76972632
33.95372354,84.48923659,12.6167176,107.4192831,184.6139953,76.70003781
19.37543417,62.13050334,5.14545963,442.4241442,571.3370595,36.51978896
21.52441014,81.46805624,10.04547259,87.29981202,556.0701219,60.46922654
30.12384468,33.48906723,17.666957,135.0340891,645.892965,94.61844804
22.87510283,61.59093699,6.44746686,174.6395897,397.7133534,72.36378458
27.16422754,62.36559087,7.152848437,497.8762732,933.3262798,45.34521846
23.89147002,81.64212195,17.94070049,237.5869191,343.0551349,36.68803104
29.84739874,35.85659989,20.11534802,275.7688387,684.7259658,19.0527015
19.56662505,44.42673382,11.43099416,396.3635379,546.3343205,75.6140073
16.16915974,54.39229883,14.79346131,336.3870134,340.0061072,11.24252192
20.99858795,81.95048853,23.9142273,428.6393114,269.9684162,6.139369038
24.4861733,86.3329989,23.91087124,268.8950564,960.9059118,10.48286753
18.36040104,89.56347718,11.15005549,487.4799594,605.1623154,24.29053869
22.09594579,87.55160919,21.1997575,408.5655627,643.771821,62.71234149
22.99966037,30.35650535,16.87888106,230.6144247,804.6059131,86.13301333
16.14783687,32.86250049,24.50968987,221.5723203,173.1039927,99.26224031
26.66614496,38.85640915,14.55227139,468.2710364,742.387841,73.14841478
32.68686856,50.93172581,20.49413736,357.9870361,248.6261238,14.59770957
18.03485826,79.79508186,20.36274259,329.6451355,766.4329766,27.77047581
26.95616027,83.55937172,14.94865735,391.0237868,227.1958045,13.19867443
28.2947841,41.21006438,20.91260229,302.3752227,849.2443299,11.55517815
23.38669361,67.1798491,10.22080667,121.6250479,712.9146347,56.77326485
29.02195175,85.0417191,7.445060726,193.6469579,447.30126,90.67230569
23.21463087,57.82390416,13.50327489,301.0751887,422.9509995,68.43263613
25.09274576,36.21261432,23.87261313,58.17551942,234.0523572,80.06501973
15.14706089,57.46881901,15.01489216,246.8078172,913.6480202,50.80967614
28.83440228,52.54769414,17.70518277,390.1112957,206.6763456,47.53211047
28.22685358,64.65947976,17.48324912,123.905302,524.8696497,93.74845662
15.76801755,56.31952106,7.651457345,79.05152757,312.8666093,72.19646381
22.36500215,31.04075561,12.80593765,426.2131133,996.6947572,45.93411106
34.58063682,89.639864,19.13877946,327.7732408,627.2596464,33.25824465
23.41473125,62.61241426,24.43980197,129.4605376,234.6260531,9.312749312
25.0389081,58.41784533,8.360354766,412.8372413,700.8075979,82.09829111
33.19860316,87.27704229,13.20883781,346.1582622,992.4481155,16.93236929
29.34523752,39.35162206,6.901875996,200.3536713,644.5389526,51.50158293
26.64140262,41.35425615,9.847529193,219.2883224,511.6411851,63.72792394
30.95609363,78.48088494,12.53518687,120.1496734,363.9431095,74.40781053
32.28732533,45.6498648,15.81286496,425.8650174,182.9110733,8.334355812
24.13776143,77.95362638,9.611337645,279.0529932,305.4216691,1.068613898
24.5021673,46.29200897,9.551253224,300.6585845,598.2587016,70.60084958
22.72101871,31.99125781,20.55659958,447.5713618,778.4071288,45.43912748
34.3341228,61.02088343,24.25283326,57.1237774,890.1378012,18.11353599
28.94332509,41.80118605,11.47225936,80.11537814,814.3410253,98.20274121
16.66446132,75.47077758,18.75984037,122.7105418,212.9186812,79.13541553
32.25919247,68.47197799,10.16160923,63.51701589,796.1138965,57.85130612
24.61119882,85.41616008,23.5590451,346.1702705,623.4440915,70.21070929
16.37507813,76.97930144,18.4580472,335.2457607,522.1968018,15.50234564
25.9943451,40.84655729,21.05353709,144.8608563,615.4877066,96.22251951
23.34328558,78.0094942,5.987080864,117.2329002,107.2677959,99.6367079
32.5549881,68.50422269,16.97011936,115.5581156,160.9572187,64.84455097
19.07989207,70.13709851,15.55224663,478.958636,573.2643512,66.83126014
31.52929219,79.93577316,10.85993814,362.0770379,256.2573245,70.44585257
26.15377382,64.42944415,10.2485997,313.4429728,590.9868569,66.57862234
16.09220606,57.96021086,16.60049605,195.1190923,418.7922147,43.85408284
34.43690603,68.19846212,19.1297127,244.8694391,916.6708186,54.06762372
25.25230488,47.87744574,5.663455141,90.23264654,954.7150846,28.27261975
20.81753708,40.95582787,16.34803164,499.1683496,981.8057018,44.68479164
24.38813684,66.99527028,8.409190579,389.7884586,909.0441963,43.6103306
32.15715567,44.03090215,7.807254628,329.6539206,987.3017661,28.81404223
21.09806249,34.79490656,17.46238976,314.4952379,735.5324132,78.67048195
18.85352793,30.03325108,11.21740234,276.9414674,964.4880519,40.96720044
17.58142494,66.49916408,13.81760466,165.8423425,677.6132189,55.1715279
20.95718797,51.72892701,12.19997619,151.8756816,828.2927862,15.60905232
30.60096174,75.13865824,17.9667264,297.2896057,218.7189935,47.49669002
24.4325273,52.5105839,14.40239532,81.59036655,714.3396288,76.14553312
19.54963207,59.16020689,24.26917324,83.51185949,937.9929784,44.45256391
18.32369999,54.42509837,12.04765518,302.3661214,586.0434174,55.77413838
21.65458953,69.03448747,19.80568681,463.9154217,268.1377422,70.17065841
33.79848746,51.36834972,10.14585135,461.422333,574.1997047,38.89755746
21.86053425,87.826059,15.17506185,54.8727353,736.2468947,35.32825526
34.76248152,86.1688192,16.05139504,98.32739704,792.8096492,8.574195807
24.70460912,80.88167416,11.58218562,312.3849622,571.3318089,58.22723944
18.58327837,85.21801623,14.43561058,431.8140748,295.6312218,70.69585491
32.82280184,56.94838131,10.58557276,479.502089,934.0199097,58.12524615
24.20710746,62.18582381,5.120015633,437.2620017,796.2556748,28.35253451
29.19342687,74.52555555,9.312966033,354.9259109,343.6195606,26.23368763
34.67423166,71.7687555,19.00128345,140.2362849,830.6316257,15.94876132
16.00350701,83.44071574,20.41926049,82.67966329,413.0763846,4.699083099
16.9338912,72.97986164,10.60405734,71.38210221,381.1882102,42.68780362
29.40913483,89.87308249,13.16085998,325.4345531,876.7689646,16.05203213
20.63650007,50.91034799,5.747313203,66.28487181,885.9116861,69.0797701
18.68602794,79.97986453,9.741258022,382.6579804,458.6332625,96.17330095
15.7872376,71.85808937,20.58438567,370.6118318,108.0305246,7.348155559
15.43693424,71.48318671,17.11972541,85.82487115,267.9090593,89.29557837
30.48971206,49.55013569,9.115410439,457.9800643,918.3666954,65.77160885
17.68866855,77.13610755,10.1488399,284.8681799,908.8744033,86.02789807
24.35441232,84.02256134,21.33604046,456.9973553,508.0102733,15.49588512
27.1179363,43.11290769,9.181684059,455.7245253,373.7050365,90.64820286
23.56703601,67.52981023,11.68315452,138.6653287,372.4734629,95.78718215
15.54213305,53.52808975,18.28717383,221.2599326,907.4753224,90.6714109
30.67003005,89.37288716,16.22224771,110.5818501,392.2599799,78.54996314
15.21026449,58.72996895,14.2174041,398.7401046,560.4222338,9.030425726
30.23779789,43.69921043,22.99482182,276.856212,757.9099455,22.07310713
32.86608988,52.91145751,9.394209254,467.9634089,288.5329374,91.31352111
23.65679842,69.23030339,19.82839782,143.6968467,328.4551734,22.94242972
25.71084946,34.56536228,8.181276812,359.7654477,422.2557038,34.77140323
24.53966785,66.21611521,17.31467667,495.1565725,688.8010504,5.047689456
22.78417237,85.87348555,22.41247127,349.4215678,835.741586,62.80930046
32.74849071,81.02176726,14.15803571,80.94826977,592.035187,56.33009223
32.87867021,34.0604122,19.48589014,314.7909574,219.635863,96.17716679
21.71632729,89.60339272,21.40786706,130.9292374,501.6209708,89.23446353
27.30139508,71.92361542,7.720528498,63.72624984,214.9216499,50.59438909
33.53815124,39.73684946,19.11653791,200.7323138,179.4674527,60.93373031
34.24116998,30.74496535,23.39682048,169.7468374,630.6550929,41.31968202
25.17918081,40.27695818,16.5274122,404.9469045,960.5909006,13.24591374
24.05649611,80.29055524,8.722444891,218.1562435,853.85065,86.77905954
20.57388632,31.2983595,7.538850632,379.8314512,797.0241363,54.9538581
34.17743746,43.98883822,10.19470661,57.30754638,754.3503693,42.53921239
17.85628609,75.43833572,7.07026538,56.66546005,907.4150714,6.846540603
26.59659152,65.16663215,15.26788143,63.1910559,777.5515757,66.53834084
20.65100535,76.96414262,6.394093654,148.7112988,664.1896108,39.96649058
20.58016581,74.76903023,9.468092493,218.2945033,428.2120722,25.36958663
23.09937175,33.03608323,13.79820888,323.5306114,190.8495009,87.67532718
34.97585872,83.55068515,14.47829501,493.6612486,514.9300275,18.36318343
16.09932614,43.62191006,16.3079697,209.4843052,932.3058125,51.50198744
26.57083636,63.20354641,19.11229926,75.04650804,624.7902388,79.57560186
16.65144316,68.65728939,5.944572793,137.7050727,266.0537619,84.90747731
18.0904166,40.11769265,6.612419044,454.0333252,684.1209776,81.87053999
23.79125884,88.5738754,6.217183036,364.7206356,518.9160107,89.66263353
25.20920263,59.28935737,13.46300631,405.5903708,938.2420797,14.23573776
20.17584817,33.45856174,5.836958898,105.8756926,244.8459191,94.04585324
21.32914262,86.23572269,19.92162534,110.7441449,740.8105737,1.08029325
16.73934041,65.17607059,9.460003621,100.5107034,713.4422183,25.59040018
21.06439568,71.95159188,23.78424987,435.7261239,985.1874207,8.403874621
34.33116879,61.5105474,14.7280751,144.4854239,608.420914,94.55331352
33.89414763,80.08427729,13.92651505,339.4182854,884.4166323,42.39356534
21.6975658,31.98800773,20.61077385,282.2748648,122.2425438,31.52694049
26.41707873,46.10270192,19.26307968,294.9754603,210.6027714,16.70874635
33.19190782,58.17890138,17.14618082,137.9459113,411.3447156,15.58179074
15.12367645,34.59621698,23.70293413,335.8607421,657.3946574,61.3931686
31.21367141,72.35440016,13.44518522,69.39524051,504.1714105,4.708416639
33.96739106,53.61980484,21.17063352,497.0625243,282.4266226,59.43303752
16.82651469,46.36007942,12.60185891,62.04150792,630.2833659,77.46493722
18.22895372,30.20273081,21.76691349,72.57044332,610.0291534,60.1014867
34.21492606,73.1898187,10.18949258,196.091339,572.0027307,82.6578768
25.75080287,80.02855853,10.78534146,424.2314101,181.5005009,26.5258704
15.28393269,53.70243214,18.55739068,165.7351453,934.3229435,7.717151761
20.15263998,63.85307862,9.254265899,262.3707562,633.0297733,72.09906169
23.99887349,43.66119756,9.583083741,58.08979903,337.5925725,82.81303904
28.85817822,67.33185878,11.10524858,85.49569242,718.6763714,50.16765366
29.66320756,30.7282475,18.57857539,323.5847218,386.1171918,82.061694
34.90843026,59.31863383,22.78776185,137.4613113,555.2704241,45.79191555
20.75022399,68.65232891,18.49135302,362.4145534,407.018594,19.85276339
25.76440204,85.09150639,21.55628489,403.4260288,892.3546239,47.43940176
25.66647096,52.88014903,15.87121179,432.6503898,994.5825261,21.5950649
23.11290519,75.91141218,6.378464427,110.2097021,245.0638588,47.20315708
18.38323788,65.8612218,7.00932423,254.9788471,121.2210555,14.75515592
34.54913126,85.62072678,16.08783957,476.1866525,297.3902563,18.55620714
32.06634373,53.90266054,11.55601937,397.4375941,630.9567848,88.29127655
24.96666057,49.14572039,9.411361473,102.6321718,256.5560256,11.58581806
27.06490845,83.22851992,14.32513855,276.1251103,830.3359821,22.42742801
19.54522107,32.95466408,18.32993482,465.0712618,467.8035191,99.55200506
25.87574141,38.18312358,12.69983895,248.0174625,649.4794666,57.60185161
28.89940266,34.94426608,21.05084514,426.837924,510.0560575,58.58192172
25.30334057,80.58659739,19.77046493,273.1296745,912.9951295,84.49708764
34.80570341,30.6364454,19.69829764,98.06525476,131.6218034,52.43196365
27.22683312,81.69942933,24.70379379,116.5347167,756.3717061,22.17819535
22.41947425,57.07606772,10.90459955,71.00408876,686.95492,42.24665563
30.44304055,30.24151673,17.89451173,137.8916333,684.5635279,75.50012536
18.40925023,54.09871063,22.1095668,452.1263449,472.5904537,87.24484384
22.69031627,41.20805046,16.59048868,342.5891207,114.1077056,27.3203825
21.93917901,67.46402925,20.79004352,382.4856207,720.3166498,26.19752641
23.6361419,70.7615274,13.28904372,329.7476563,846.5240915,32.76082062
30.63559652,59.25165422,16.80982691,223.9426815,176.7072799,59.62106999
24.68346064,32.43117153,6.113327856,147.5875098,497.4557538,27.85090656
30.88028901,69.36772826,24.71535212,466.5265628,246.3353686,89.31369255
26.52977806,80.52232702,21.00036963,281.6734017,649.8440078,97.80075887
21.84138869,73.21945664,22.37618143,266.4949465,807.0443887,67.91199225
31.19957487,79.79747514,18.88588556,498.2468399,700.0359084,97.02996961
19.76579341,42.03057141,8.721000656,222.7684948,386.2540634,28.78504685
19.4876596,83.33327638,5.620568848,434.3563917,225.7594325,81.51703532
25.09005848,49.33160704,22.29313215,438.0548271,814.8413314,67.84446398
20.21698492,30.80428886,12.92661307,154.7015947,391.5251726,26.31918307
15.1817407,80.60349878,10.27729752,92.67786156,119.9258486,31.84072802
27.96595055,86.50927614,16.23345918,489.0290521,614.2790929,48.86256665
25.22187643,69.33349185,13.41797045,241.6535889,322.0095792,79.16433365
23.91035629,43.88619783,18.03331991,50.9991449,857.0853985,87.22222692
34.33937029,45.10466786,14.67586466,274.5580252,228.929684,63.39470438
26.42398368,57.99557241,18.94466281,328.6851637,491.3207642,72.15763722
32.26863156,83.86986478,22.06846539,399.2397114,327.8171832,26.38495376
17.78900472,38.97585937,8.911140219,474.3239532,720.6414573,74.10715498
26.38412926,79.55842018,11.58865761,461.826783,593.6778184,60.4979813
32.35959253,47.47816852,13.73631173,473.061119,811.8889473,22.29209052
26.66211515,78.51517017,24.24116896,64.45631672,512.7513177,95.01869716
29.36028356,85.21627186,12.30667227,370.2983602,104.3275884,51.28596094
22.44087136,55.64963232,12.62199699,151.6360833,293.6768325,79.44620195
16.84899034,51.90303925,18.06945046,134.3987092,999.2413974,52.56127668
24.1580059,78.13327914,13.3839942,410.1433559,464.8104904,93.29367163
22.88958782,61.76897294,24.02447491,237.7083601,658.2115971,14.12793846
32.34120365,71.06694291,22.88937521,462.4700341,914.4384473,54.61546258
19.87990605,67.36975422,15.26817556,69.09579086,118.4717639,2.515500206
34.33468455,39.17333074,17.89550468,410.9813733,693.6466568,19.73935925
34.1627624,80.68742162,6.160611238,111.5754851,359.5392766,28.10265046
19.95263286,41.74650668,18.91461056,129.4597407,351.3234298,47.26100711
21.96103911,85.93692864,19.14401746,264.808272,302.3662629,82.01726574
32.91111482,45.03427749,12.18398591,228.0154734,840.4562947,46.66545006
34.33244442,74.0328584,9.393657673,268.7775378,435.6529592,56.11871995
23.86878206,47.07932361,23.30156804,473.0119349,160.4048844,92.40543607
21.41994091,49.06712452,13.53409802,345.825021,187.1660421,75.65324645
25.52188027,48.60011117,18.0741221,180.6392218,233.7529264,5.020338822
28.75538413,74.87353524,5.6665759,127.8089205,909.0348285,17.64625907
20.46949031,63.40890708,13.28134333,239.0208238,484.6990839,3.821751213
29.72946349,82.97714735,21.34517622,253.2384623,924.4444056,6.905626078
16.03314714,48.44236315,12.75152001,320.5824845,835.7315255,33.8854802
15.98588986,71.51955132,17.0632232,169.7012166,854.0943591,72.78585039
22.7257541,75.17691598,9.19711601,395.3791612,358.14863,24.43528928
22.06946384,39.08892678,13.33051298,94.30711047,344.1829714,39.22862625
21.31266431,54.03536144,23.55275436,302.2040136,604.0615419,39.38746614
24.82039525,58.96904966,16.32903499,330.589244,476.1324658,59.03065503
21.41467165,51.34124339,23.03862918,143.0742115,558.1546195,89.29190072
18.84515837,49.32675576,23.04038599,421.7051077,147.8837817,98.32272834
21.18939098,71.18519364,23.88295601,326.9444563,974.4311721,60.46109643
34.49808546,42.95198386,22.9078332,340.5749966,152.3519271,50.50704798
23.22226834,72.56344472,5.06562258,273.9845776,260.9481679,68.1875685
23.89425554,86.10265178,23.68029783,459.3173977,710.3804724,66.80312474
26.5308998,63.91185127,7.749188782,362.2674117,239.9513966,52.39458627
34.66681537,66.6860542,5.798525022,221.8260042,196.1829349,73.69562988
19.83202553,34.13596213,6.107770692,157.3726495,238.2583432,49.1271403
28.62564221,81.86861422,11.9783239,81.97775367,155.7282189,99.64584263
29.31969387,47.12686723,17.41608171,124.4123767,326.1868662,4.899730345
27.14648834,66.90306993,13.04622393,496.7073284,344.0073439,44.32156218
16.77156679,88.74673018,5.511085693,233.0451032,548.7598788,39.70243439
28.53744552,65.73015603,14.52965268,454.4092523,494.8502655,77.03039569
16.28189422,73.48256925,13.84261485,126.7562106,526.3420736,19.08253564
26.92285299,56.71917709,20.13698531,241.4123921,654.4355538,43.4075498
29.79162354,33.62195061,10.59225797,482.2333102,307.8652881,69.79445367
19.21939781,77.85596097,9.350623476,91.00951314,221.233718,60.31918663
31.83244015,32.09993048,10.11877915,317.2929277,890.9904508,54.51218315
15.60707611,72.03946973,11.07479645,463.6273553,670.5472056,43.49551324
31.87625727,31.37529439,16.98329747,477.3575178,154.5969645,75.20088002
24.20658101,81.73831419,14.43050971,430.7033647,964.9464849,64.64251279
19.3517588,39.45816215,11.7378913,435.1704946,723.761652,87.47110253
17.6755629,60.85628973,12.48628317,343.4823294,236.5341779,73.29988864
34.06614335,65.82904227,12.4184732,149.1903986,972.2209885,14.04075644
16.45331175,57.45272444,24.44813389,378.805345,428.8666089,61.95380418
18.9818684,50.44580936,9.659939761,490.273009,986.0590719,4.453843323
21.95644695,58.06885777,21.36123121,286.6700816,192.9480665,38.73708623
27.40469698,48.68494523,19.16421675,167.3138116,243.9722953,41.19377067
25.89602171,56.28734082,5.111400112,308.0619805,691.6775958,85.48829034
17.51286985,51.53477946,24.86352436,360.7746603,119.9291186,18.03717068
20.79455967,63.97228941,20.12878741,143.7261392,116.8206771,64.35415049
19.77503542,44.27544973,18.64899173,373.6352064,812.784549,19.23870226
19.27085709,89.31939329,13.10649415,314.3447865,251.0022986,94.86701512
23.22288673,60.0521972,16.10406178,325.5574591,926.9109933,52.94969326
29.08062905,41.64972464,10.06541791,187.6945684,483.306546,70.82137648
19.34905864,58.62400497,5.709668103,119.8700646,886.2871189,64.65453905
22.33357759,81.98490777,21.72043317,330.5524529,475.9872257,30.3638524
22.81834854,31.30840759,22.92968987,313.8048451,577.2070045,90.11977604
34.52913059,70.77324715,8.249412732,202.1054845,384.8627455,62.72486687
34.09332714,62.87806781,20.74112192,183.1521504,692.268776,51.03180194
31.00275166,40.17347966,19.82305347,206.2600077,386.3810493,52.83606934
19.83317842,79.04858636,8.567500039,270.4475023,300.8530881,89.06905241
16.36074628,52.13307734,13.43657605,488.6688808,172.9425808,5.911947283
21.33808275,47.62812173,13.45515842,393.6040799,151.902413,38.90620921
20.33589099,79.68751151,20.19928517,433.2828826,375.3769179,84.16275278
25.118516,68.31150277,21.75321812,277.542306,762.8260107,3.751524693
30.5545582,83.89554502,6.895502428,286.7556253,285.0580597,63.91812193
32.16645878,67.79302222,16.2593847,141.9460976,369.3047051,40.32641831
31.89728171,74.44905948,20.23496994,374.4706263,914.6542767,20.45834705
22.19351122,80.18675378,20.72381188,239.7128026,675.2417462,61.14048673
28.74468687,33.28437815,7.959870489,384.1010865,927.7501505,83.1061003
21.25668395,76.56293753,15.51010286,234.0749216,920.1034306,46.73395543
16.21811086,66.82238891,22.15117413,98.83273425,157.0696142,14.67373894
29.03130531,34.17046779,11.37037153,127.8741595,959.5083924,30.61512198
15.19655105,60.51467531,13.50233798,415.2065351,146.0601632,98.135325
23.18365175,34.94748468,21.08717023,166.3774203,933.057026,11.10918867
21.58758539,74.1568321,6.786390424,168.9594902,592.060093,16.07150202
28.86755077,62.79010283,22.1898658,468.2156405,579.8706246,99.01778479
30.32490946,87.21441224,11.22313433,345.9360303,741.9376564,88.21014237
21.08189272,40.98812229,5.029006332,101.4383992,891.2901437,70.71287447
31.23254029,66.36200715,9.683182901,114.6133716,655.3041001,15.09832535
20.87833521,42.69492807,6.790012818,172.5653447,482.8598684,24.05491499
23.9265272,66.84389908,6.84769814,317.2980595,200.7004087,18.01822041
29.54037054,73.35898214,18.85671468,388.7714615,810.2883753,63.0954855
28.85840458,73.33825976,9.279526713,173.5233996,215.4641432,39.88688877
34.74736945,78.90443944,23.69484726,441.7889168,753.7292751,4.77791362
19.50322048,81.21301368,15.32889093,99.1310805,575.1324512,29.12923027
28.24635827,34.63630358,14.20196516,143.4196256,447.2523323,86.06532261
27.19363817,50.59602942,13.68567036,486.7092145,651.6877476,79.60423334
33.30196909,71.22735122,18.85175279,110.6351886,795.1204775,64.3011804
18.12724283,59.91517724,14.04525525,449.6500885,947.0256566,8.554351419
30.03596327,41.44055681,7.572007125,366.7707839,338.2271946,88.27908191
26.36537233,63.16257421,22.60344361,82.88919079,952.4171442,53.45178087
20.4933174,54.44613917,13.56790698,267.668073,964.8532414,49.457601
24.48869828,53.40229666,6.480091514,283.5407089,832.267463,93.4063577
21.67553194,78.58522305,15.58731975,469.4628341,893.2934574,0.884402693
26.58626806,54.45590003,17.94693717,239.4970669,723.1847623,55.58972068
32.78001222,31.58727033,10.51164928,251.043627,135.1874979,79.12443912
26.38609969,33.48380033,21.00680815,100.6176897,617.5706902,6.369047466
27.63444837,81.3746425,18.39551692,337.6276535,772.4841067,35.71720674
25.37495694,87.6360486,18.00682339,144.9036392,947.5328212,97.74851845
16.02331013,71.30456019,13.41649906,84.8899662,613.4066623,21.17860517
19.65717114,51.86209765,24.23830603,498.61355,814.7806104,53.11794334
24.84003459,86.31601895,10.48378336,171.3333326,734.5348458,74.6069026
21.20470567,69.76818518,16.55411002,113.4739243,352.7225997,39.03738525
18.63527196,80.66001295,11.18110315,364.7706686,239.2552676,40.78732467
25.08265684,75.95113824,19.89609506,419.7569702,775.8147958,6.32683521
21.45619587,52.74835895,5.955829677,78.83487191,310.3915251,19.00933484
20.16215286,58.72213205,5.917877358,97.42698836,320.2223992,88.06092255
24.27970835,41.16792926,21.21721939,90.57822061,679.5516148,81.83176404
17.66568516,47.52084603,13.68536322,71.1316865,810.1616176,30.46385223
33.55491466,76.68753968,11.82360109,346.7554154,624.0988836,38.1711299
32.35404196,83.63870351,17.15053724,314.7409354,896.4848385,44.04104236
29.15241171,73.4676254,19.03798688,348.2629955,290.2989423,34.59436283
17.12427655,57.9104218,9.024026937,277.5502235,327.1729866,65.39117042
30.51754509,35.19055614,8.708624828,417.8784584,673.2599537,1.282843087
31.15914656,33.41687692,24.16301496,296.0007361,846.4313662,88.01680559
30.35529235,52.45953388,16.79328613,463.4361207,585.4166215,30.06490936
17.27931774,57.82930313,12.80232955,268.5418396,109.343416,87.23734618
27.87815914,66.54723733,21.02883389,405.7963975,709.2488163,45.43858176
31.68649591,30.38937128,15.50317918,233.3121592,832.2241897,77.63309917
26.54706802,89.38337343,9.833256207,245.8507526,348.8892651,82.57798389
27.9281475,51.836333,9.134706113,432.0464204,148.778406,30.12888236
24.16726959,80.88567983,12.93718532,98.44692591,566.1567803,64.03248091
25.5741464,62.09800234,22.19791721,304.2129897,137.9396983,60.7413976
15.68753717,37.82636727,6.228958321,376.8514105,474.4150695,47.60141019
27.77926044,77.85393315,9.370520015,387.6892769,116.03606,46.95686769
16.62894426,72.5896245,22.86303638,316.1720872,302.4700506,30.52032703
23.70029189,61.6461651,7.434691379,251.6290179,449.9402067,31.01905116
20.85310195,60.87318548,17.59251437,167.3520997,200.5353008,54.81516083
25.908559,35.24877635,9.270227362,459.2418059,202.7403136,3.227061799
17.66832671,69.35093691,17.11733695,216.4045764,844.3555663,93.3664382
28.83286804,84.67470935,12.66208334,409.5464398,137.2814801,64.9979323
30.90023074,35.59469515,7.033537929,64.24952583,720.0696238,44.34435398
18.26708899,45.81068704,16.64950135,154.4761466,833.0338444,6.180600213
17.08626175,84.13847841,18.66085494,205.5131568,217.6501187,63.00125101
17.91030966,47.06063459,18.60545238,352.2083285,275.8336611,1.774266274
32.54255124,69.23662033,17.74068818,193.6988632,677.3439714,67.98671951
25.56378524,62.0890899,15.00449562,68.61371037,384.0819515,7.252444752
24.34521992,65.7796563,15.38945234,128.2403822,528.7807641,65.61021898
17.13423638,54.94733409,17.7128022,166.6244086,852.4024375,40.58877664
27.99112014,47.99948823,18.80518723,129.221366,224.1848542,66.26284948
32.35999184,32.91200704,18.09753478,141.6760521,657.6872697,13.84973256
31.56371739,74.65685636,16.7389113,396.0306233,948.1579501,11.73829092
27.52109418,74.76560773,8.116779696,235.4151398,151.7199667,24.7424041
16.50557433,70.2435444,9.21233077,232.3306601,154.0060885,41.15113182
17.24794054,68.61802729,10.20448042,484.9728515,599.2681354,25.30309519
15.98617974,44.62302793,23.39323314,251.0158271,964.0682165,8.201538438
20.14958433,31.34069603,20.18790184,467.4461596,298.4262781,32.50280983
17.71322934,78.52292381,16.05733639,184.5783942,397.7127727,70.57609001
20.20096081,59.46831214,10.04113857,230.281817,188.7831771,58.30861042
22.70116111,48.41028784,7.217830465,228.3275102,426.0225074,96.3324555
33.85965568,36.11591441,22.97518452,295.7354745,139.899232,43.5921661
27.2075212,33.76329545,22.85332032,312.9112809,450.184598,33.28023551
31.69947571,50.93200331,7.213911914,161.6562631,599.9389974,69.36795277
29.20703001,78.28422389,20.94433332,407.1129127,977.504344,41.19587895
17.25006261,85.12342496,13.93290139,273.4366796,836.5491817,61.83092687
29.71840813,83.80508188,11.47933866,53.16959908,839.8588697,94.62872806
20.50197763,85.20005008,19.78209072,316.103285,305.3298921,49.91892285
27.78215694,84.46352059,17.28659082,409.1267487,178.511232,49.81750059
21.81923947,61.6334851,20.60060215,162.710032,642.7672337,77.51665234
34.95344527,43.16493831,6.486577213,67.04195421,569.0243756,75.60766552
20.27102959,77.88279497,11.3717404,413.230395,564.8534889,51.62314464
20.58260942,42.82277849,11.38633701,489.3245222,198.1071876,6.47203489
33.61344511,46.03243661,11.59506185,84.4536266,544.4964048,98.07869939
15.49288809,43.99525931,15.04959745,472.1165633,235.3201665,37.7320421
28.93377976,60.89894422,10.66027606,211.6734854,479.9031343,31.67064164
29.50652781,49.30965049,13.8876722,473.6478239,155.9463694,98.15468333
31.72757155,39.24936298,12.35555186,341.9776958,871.2033395,87.21352169
34.48878621,57.19040471,19.70592096,450.6099406,111.8620777,33.02166418
34.51203838,82.43443433,17.07001591,403.6248613,945.3908255,30.83090558
16.30553515,64.2331713,18.07258865,62.59898427,876.6026405,72.09541426
31.43678646,82.70013635,9.211677882,79.44912605,777.3472653,33.43159025
27.92619867,41.7523311,11.51004331,286.5850723,984.2955241,25.14319632
27.94684269,40.01843242,5.423308952,108.3285589,148.4379974,97.96708469
17.56699853,64.53462754,7.167494146,257.4654076,677.4373954,56.57102378
28.00374333,57.79973409,10.30108464,479.5836344,864.3718814,76.24976213
34.64965161,69.6103585,6.309274426,182.6407794,213.9553869,71.30549597
33.23637139,77.67760746,17.05264801,270.0107212,626.2974808,75.55259947
23.78261322,75.07843774,24.96260232,222.9168335,454.5297178,90.33899762
15.79895947,86.53567042,7.016304281,333.4221339,492.244402,50.07683329
22.2458698,53.89538455,21.42460425,137.2302188,921.2716768,75.33781793
31.52780623,42.38320453,7.376324945,166.9726806,584.7863052,79.68138343
29.02998203,63.0547584,18.39828038,436.4455331,183.9358404,94.63845855
24.18687311,36.64458721,17.86315206,415.1013007,943.4945565,71.30967031
16.1020307,47.3310674,23.0543387,405.13536,266.6900535,89.26157994
23.53789456,42.47328332,7.278912274,396.9138242,903.3731348,9.50381002
24.38049879,53.79382301,11.30888932,256.7468721,973.828649,12.60965939
33.57111066,36.6729945,6.815595207,378.0008476,890.0537168,15.83461895
27.82172207,31.91050467,13.14766652,224.242168,709.4204,14.4813072
21.23305833,69.40764028,23.23186347,95.31931109,769.1966378,8.75188124
25.50636529,66.6149387,20.63046302,227.0185887,729.8805194,12.25737858
16.32110616,72.50153616,19.45800201,121.3983699,514.4719491,99.59102849
34.45136471,69.62318642,15.6605501,225.8832563,346.9777469,27.21850296
22.20119804,36.85768087,22.66971485,183.8413469,356.502457,47.80481071
24.5573471,47.46473288,13.98883596,319.6223002,758.0510752,82.16153695
22.10567948,37.77159659,7.993713342,212.693187,663.4328035,11.83046741
28.6502346,80.57834412,21.75170446,367.5153485,626.3956306,31.73650063
28.24464317,74.81421932,10.59276656,280.4660065,687.3479541,15.92860202
29.30644621,42.09162018,6.07267082,463.7715253,797.3076119,6.255611603
20.36286459,50.47855443,7.520760613,90.96144591,773.5068232,96.07533806
21.31336962,87.99689954,17.18117832,359.4691349,194.8567652,85.8357836
17.50502462,65.64956147,17.14163928,352.5785949,426.7315447,87.92979949
28.11019944,78.06933584,10.20366342,477.7819463,337.5704231,86.86801331
15.79594255,45.87546209,19.54360296,217.1983402,584.414796,15.45668342
26.95364671,42.60317521,20.47280311,187.4470864,155.2744741,78.49968962
32.3939177,77.03501573,23.41005252,127.5770499,786.2176427,72.78712018
32.81664297,71.15234731,16.69874997,169.3798319,195.8746004,92.54153604
23.98075521,70.85867575,20.58846728,275.8508477,344.2618233,21.93222723
24.18607376,63.15807491,20.0619936,426.9708329,804.4673547,41.40443869
16.53938366,63.81470057,10.15618097,177.9289716,146.4039846,29.49285127
28.41530051,74.14185032,11.20451856,120.9839525,694.1809617,25.79178183
31.42518841,46.20014887,14.56964792,172.457812,932.0304446,65.23816875
19.89310109,51.16610795,5.380779351,95.41713876,655.8740355,16.39433498
23.42601763,82.29820623,10.94795546,467.0129373,741.3917387,46.48071196
31.77678674,48.53191206,14.47765747,442.6808684,813.0401853,64.66404474
32.54240935,62.77857428,7.161385906,188.8212726,300.02169,13.03030671
19.86359961,72.15836784,7.525517756,161.1445172,622.8675262,25.69801373
26.01141269,89.99548961,14.26473471,457.4287913,378.1510444,96.73660579
18.84986301,56.11747989,19.61930063,50.79737809,324.5458413,79.54293317
17.03757528,55.6855726,21.67497862,320.2598876,273.2107736,67.69546763
33.22241003,80.55530277,15.92627795,462.2016924,626.8875538,85.59692071
31.41015008,78.33018668,14.49497975,278.85087,815.0787339,1.396845214
30.20069804,73.8645529,12.68561137,51.33513182,888.3001578,0.60744344
15.97532638,57.79377824,8.858979849,148.4921432,485.7273515,15.3966636
31.87457585,49.43634721,7.931240056,465.0987173,435.6091002,49.52571194
23.76088152,66.52382896,20.83792903,57.66009088,718.5762119,56.99737072
21.84790247,82.57339759,14.30013264,227.6508947,802.3233177,11.36885314
25.92952722,83.02664749,20.80640491,405.3851268,327.987403,7.228561985
16.82706485,36.5099007,19.08166072,427.1409472,367.5617958,82.83341311
30.13293099,55.70101703,8.877918288,264.9235697,580.0539872,46.44684815
26.64870154,57.88331737,15.20614528,154.6176883,499.9471191,99.24944258
18.73180194,88.65692205,13.88033261,319.867123,735.2089598,22.93466591
18.764644,70.67988091,13.47747012,168.7001142,554.0364919,64.72011121
18.68497303,54.43478504,15.85142098,164.8689161,200.4391952,80.43881655
16.14004775,31.56347316,24.64163802,413.4198935,249.3578753,87.2638156
26.75596899,63.92310961,21.25801195,119.4196259,911.7179594,30.63190155
31.80696355,35.76455854,23.07424863,52.48466528,304.6585283,19.32803829
15.34996428,80.06699744,5.592791664,201.5488477,145.0774823,22.60945733
15.9800929,75.15111963,7.806727336,270.9382797,758.3091025,66.67427695
26.45540553,57.63054959,6.695273204,367.2861764,715.6100295,52.23298382
31.38991371,55.75264677,10.2646201,401.5018659,640.0684168,59.89913826
21.53477781,83.84033793,13.83784984,348.583645,552.030539,2.052861798
21.99228798,47.30750103,17.84106495,331.9289961,972.6223186,39.09732091
26.92692995,44.94119773,15.01662533,349.586925,207.8490663,31.01484661
20.48425778,86.35184597,23.0636783,172.1869329,559.1465043,86.37812907
15.53216732,78.55475021,23.79711918,222.0625953,607.6404491,77.62586892
29.70457036,79.23753558,8.270419024,327.3964254,120.2436265,42.95718644
27.51299826,41.71162886,22.05825841,79.50679716,470.7931823,63.05295811
26.61511998,38.59775949,14.63444408,182.8964075,804.5219128,4.767939374
29.83368258,31.56177299,14.06658943,232.8885251,523.9888797,63.72514508
28.50461675,44.22249054,20.69878697,290.0483073,887.7506048,9.720499535
19.11763976,76.4514295,6.862810181,268.9169483,680.3190387,71.40187809
22.04962094,44.40230513,22.64986255,373.1593452,789.4768276,57.38384485
17.52220283,73.74619702,18.41726709,263.0420039,824.0321217,30.04932426
17.59714027,45.11449592,22.50523215,456.8584927,720.5502155,37.08399963
28.52391493,53.71754988,24.88955155,221.143254,774.442594,9.009158243
32.17200214,88.98973739,15.36008905,286.4172678,725.7794858,32.27884704
34.25465168,44.68870388,6.865243958,51.44467532,595.4173736,96.68429103
27.56694235,52.58223764,8.330477259,189.7150804,609.879669,48.61848626
18.68202647,48.06523083,11.47236485,439.9578398,270.8963044,47.42409221
17.11300691,36.57749918,7.071058843,200.1093776,844.69531,62.9228789
31.25701943,59.39364853,21.30683652,163.93385,380.9235824,48.44438097
26.57512953,52.7214398,10.93735702,294.5916331,582.1631942,35.55090998
27.36570042,71.69322515,24.51772376,85.4285443,324.5910021,13.95215741
30.62924178,79.05567282,19.05182864,289.2223092,726.2784812,63.03152382
29.06554455,62.65498287,8.468607405,186.6496092,977.652057,74.89224228
31.68916506,31.93178533,14.52085294,222.3963004,821.7462112,92.3102653
16.12427811,67.13534137,14.33768443,406.114252,657.1859337,0.301385657
29.95041273,33.3234438,14.85023317,347.8838084,610.7558804,6.666041121
32.01705515,66.98137942,15.71382341,250.7477419,540.7941316,89.9405662
20.72270085,71.10179696,5.623461646,309.8823409,284.4742886,63.11555395
27.80894548,41.86605766,18.72602251,395.0864399,413.2090467,95.79102764
21.28324128,79.16076892,14.74383551,385.6026853,465.7546668,43.08445941
34.15942133,84.66510789,20.81930798,133.3947697,950.1121674,41.66871702
15.66847145,78.78521785,21.30699147,185.4136499,483.0245686,34.42645794
26.59585688,48.30655141,9.61070244,206.7066189,627.5713193,14.28189239
18.33007094,65.19858075,5.968458929,134.3940305,930.1820866,37.86329089
29.2444041,84.88890895,19.06467712,55.4726543,566.583767,1.464854019
18.51780567,49.23988357,24.55525577,128.285271,326.3048019,50.93132849
19.70766524,79.20166934,13.93315973,413.7099472,442.9054959,84.72102071
24.88741622,30.56850788,10.19225619,295.6642031,437.9852804,32.11967537
33.296699,30.21880217,8.133437892,203.7461121,743.2458082,9.464015652
19.23428744,75.58269962,10.74891195,323.7550005,366.5086574,97.37613234
17.88480042,75.68685493,11.55839103,382.9253564,757.25972,12.89776089
30.17953664,77.33863127,13.47749487,209.4925024,900.3184407,52.86974968
25.01239065,85.80161027,18.10814246,259.7336787,402.4657105,80.91856873
33.23570225,37.07437871,10.46326112,78.8959475,221.8069902,25.23452074
17.93229114,43.9190991,6.019535269,318.6907413,674.6989159,84.14895399
27.91855786,84.22349522,12.46557223,210.383193,424.7690208,55.70251407
19.65758292,40.63417187,22.11259232,245.0856414,580.5875504,33.19356799
18.13520857,70.93375605,14.96703022,240.1702781,670.7490687,86.56892161
28.6685883,61.82778,24.29567515,334.5841799,466.9686497,62.20001533
26.8736924,34.99162061,15.07243062,307.609407,932.2250066,61.53844266
30.09654917,47.11581972,10.51797634,239.9477215,459.6531888,50.40097171
21.18925153,61.22233299,8.866279945,57.62975967,376.6368945,27.47374871
23.95943313,81.141007,18.89048994,329.4331766,897.107699,30.48604461
23.10943353,72.45230938,15.72762572,445.8098633,222.6715511,8.807907286
34.68178928,67.31298969,17.07997858,396.2982072,211.7880359,24.37237062
20.84497913,59.7619734,20.10253579,491.7270345,942.1283868,27.7825086
20.89634477,47.92103903,19.51806929,112.5839021,288.0715727,5.870149263
22.09096418,37.15469468,5.867266003,150.1340238,233.5936633,11.03147367
26.29188163,54.54456207,21.05143811,292.6703593,581.6514736,27.02529885
20.04645489,31.71110963,15.65406614,156.1467661,142.1096196,67.72525231
33.30579881,42.66335336,12.83417062,65.54740158,658.0135007,18.4234991
20.3137113,55.94900255,15.75038853,231.0297243,507.6377185,52.18495999
32.91631463,55.11631114,17.24902897,179.4401304,676.370768,50.79032655
17.06950127,32.65772586,7.990126197,168.6923805,355.5432132,83.40380796
28.13125405,65.34360921,13.34830791,478.9277677,914.9249929,60.91638054
33.13971037,62.98105535,11.7117242,157.3043523,343.5226415,91.69990787
18.37498877,34.68625824,12.0081789,108.244657,673.808217,62.81013693
34.3665392,86.58978315,6.826698768,106.3936661,950.5826656,2.55156378
24.05766721,35.96296674,8.19686976,412.8458331,460.7283595,38.14920719
33.91430217,81.29004907,8.236641352,371.6816335,245.2838755,69.90479761
28.53640087,30.01858391,12.46449486,108.268788,161.5442283,47.51218944
21.0317374,82.9368657,22.8898309,148.8889035,966.7161971,41.93978698
18.7660505,31.18318393,9.120547438,386.3043538,787.3313374,67.15456309
21.07470092,75.46872191,13.32385015,173.577379,927.0568541,28.57328797
16.86034819,51.70144868,11.23218831,491.6939338,728.9497478,90.89780317
17.87735933,74.29300801,20.74766625,293.25653,408.2036538,41.3143601
17.09320881,54.10471233,6.002528646,136.4035867,210.7149274,63.12178109
23.45887087,34.25447534,8.930867911,436.4638045,936.3761733,98.23332666
30.91156753,76.05040172,9.212830847,193.7639957,540.6571397,78.548023
17.82767108,34.27516112,24.85925601,179.9633098,456.8580966,53.16231588
17.60640866,85.32722616,16.41550036,197.3485551,620.0128551,85.93875882
27.86857899,33.05844215,7.779165288,395.6887617,195.9033893,56.04377185
18.94365964,58.75951667,10.44398279,127.9458274,378.2834374,44.16534346
16.95220076,73.38206585,8.356441882,221.8036011,674.0884964,87.3452945
18.33697156,53.59478789,7.492091392,63.87474775,190.1106517,2.715535689
33.47462792,43.03400848,20.94364057,421.9819778,221.7184831,40.74661368
31.42942506,75.54545768,14.91505257,203.3234448,559.5290777,34.29924666
22.08129125,77.05768229,17.62420274,161.6778139,661.1114121,71.40863064
28.11641535,85.36169904,11.62502494,310.9519591,268.3015352,1.258621515
25.74551347,52.56990663,16.07390172,367.2463477,129.776171,66.08524788
28.54248527,60.37510407,10.15138065,415.8032167,962.5302035,34.63612359
28.65342305,51.78770657,11.1607255,206.5032255,124.7433921,9.789337904
27.5746803,45.42490931,18.04475889,415.5353826,101.8468374,98.03307817
20.32202737,75.06197769,8.007002518,259.1964502,391.0065119,21.22287379
15.78012842,50.3791107,17.34443718,95.5140204,300.2078519,34.91299289
24.11133564,55.68896652,22.04469633,430.8383672,616.2277259,20.70465893
32.81947769,54.22041946,7.408464524,296.4356519,904.7879892,66.19911973
26.38994517,72.75967354,22.94922561,321.1113074,532.9969052,78.25163141
31.64782083,85.06773757,6.588913606,471.8710714,795.9710879,86.06408346
34.83248686,70.00536368,11.97818454,301.6181682,918.3043346,31.09982179
18.27232408,58.29495577,17.2101863,52.51258881,270.4596882,52.45533915
28.83555278,76.75230688,16.1882952,441.7771285,539.4797975,66.32576249
28.48587147,68.45827945,6.92782145,178.1379861,677.8629996,62.95209751
34.59910895,33.63662143,20.97826336,275.7951144,398.6949141,71.60271936
34.71201468,35.73981519,24.46306586,142.1989712,765.7768999,76.97273036
28.73357223,32.27501664,8.624565784,183.6426058,734.7834777,9.747335607
19.87229584,57.40897957,22.9026194,358.9919816,478.9848557,16.83110247
30.97111676,79.55120606,16.13618884,243.308008,179.1583781,73.43210495
17.14058268,48.78499016,23.71867542,332.2087838,110.4119051,47.66755339
30.61398608,53.04961099,8.521719168,420.6090611,432.4146059,42.70337911
33.20392248,84.5686265,20.84042786,203.36991,173.8619606,45.54401251
22.6566679,80.21420672,6.195631509,305.7530172,803.4619989,37.20260134
27.6127059,69.90288674,22.66392894,399.914552,400.8932049,59.10675126
23.60285464,46.00822693,18.48318844,371.8054367,699.4884482,32.33255427
23.7553011,37.02248896,12.40509568,292.9295462,411.7410886,63.68154006
21.20741778,30.96352936,8.80933647,222.5225798,816.3445751,20.26371155
30.24259241,36.42064036,21.33066197,233.3758916,899.571247,75.76889136
33.72353128,47.55578662,17.06482643,244.9108454,853.7627343,78.15999746
33.81501718,63.10740381,12.20831706,206.980488,536.0262076,57.85208162
18.4956257,33.84000497,13.8767165,364.5840357,175.5564498,36.93234627
32.49487299,38.1736667,21.53085312,106.4368635,434.5399952,1.439657324
29.74862883,40.86484214,11.77854387,485.3543543,482.0103952,12.15324725
20.05674801,67.91892558,6.792653562,400.5434759,964.2286098,7.968701279
16.34569226,66.94738794,23.22564344,184.1733735,608.9475747,1.020502515
20.35994534,63.04594358,12.74687479,69.14640617,676.7616096,72.22197719
33.24416474,45.03008548,11.96775022,370.0864276,803.8032229,95.60667599
27.6635735,52.26718147,9.087992378,380.4615702,611.3822205,1.11682653
29.42109322,35.80138298,22.94845142,483.6301747,638.6361483,11.26906018
20.14304702,43.58763623,9.350106674,164.1675009,320.7950176,86.06758593
29.38776311,83.86231359,17.73345736,87.22629059,152.9799468,68.85022495
15.56243013,88.78150479,22.61530023,461.810641,749.2472912,40.47103965
22.50642692,68.85957514,5.698272292,166.3920656,863.8162276,99.27965175
27.53506697,85.00939752,21.57583411,374.6891513,470.800165,57.36213418
17.92193131,68.56451402,13.21198843,77.29683702,594.0230079,66.95990127
31.46007149,31.99178917,18.15949151,392.2631622,376.5567046,65.31763668
19.70062598,89.8057551,12.44809126,107.1616537,505.1985341,22.27016301
28.04562226,35.9371381,18.91032513,363.0138566,288.0007536,48.81244098
23.10394285,70.95850809,10.08589829,289.5543715,783.8981273,21.64112986
26.92087191,45.17017218,5.438610849,479.9696587,542.720609,50.94645302
17.14901105,53.51886677,23.9557503,66.61293938,592.4408979,3.078121881
15.338256,68.75605109,5.327355281,181.4219356,133.3792704,38.19591769
33.19128855,56.18924096,21.48198579,81.2790128,660.1585531,37.22100729
20.39260018,45.03276354,8.382751866,445.6389359,282.3902308,29.16306219
31.39354006,50.06677121,12.84440457,317.2555191,445.0551799,7.922894217
34.98700601,50.49288702,21.44984753,290.7363256,471.4441301,77.09670603
19.22862516,87.55943427,9.118643006,109.1560515,503.8593377,42.04548643
20.30341482,77.91678096,22.31415211,270.0645158,304.6927502,81.39731788
28.25719575,57.51292629,14.95517878,229.4166448,865.0992022,83.57272379
34.30897269,41.98925522,12.32306925,192.0883407,485.0651356,21.35973899
33.31628696,78.66096662,18.24875493,397.48503,650.9210121,42.13301138
25.0575104,39.4309483,11.82779444,77.57421793,652.5437911,72.09740052
30.90220565,42.62773303,11.94576718,341.0085773,646.286207,49.94961537
17.71491706,51.96080351,19.67052782,420.346864,603.3862081,85.50682304
34.54876368,82.82089175,11.19664449,458.2882773,840.3631734,57.15690077
34.28706468,37.90720012,9.015452967,385.6624676,831.3560324,62.95809679
18.27457916,37.33405157,21.15292256,177.1050555,475.4301153,78.70234645
20.9884625,59.6384993,21.10742067,320.2283572,672.2614433,12.22221076
17.00309995,46.58463247,14.95171407,113.6316249,192.5463201,58.42482379
20.43435198,64.1236765,15.53311232,102.6772807,181.6954104,8.542986876
31.31911579,57.09820108,18.92153252,337.380864,531.924765,26.05511235
22.56631214,56.09754638,15.18548584,432.9984446,910.1836212,21.25717064
16.76793934,36.71837823,13.34079918,80.26165656,684.9997323,56.70760907
21.8445105,38.46298141,24.89788387,97.70167946,702.2947804,84.39023784
34.62766668,79.26471465,7.952808557,304.5232883,241.9059809,13.28096096
27.59367191,83.15296425,16.85455958,148.1953375,507.9739998,76.83965276
23.32321893,44.08101197,22.71726052,325.3181552,460.7118505,14.30661254
18.33077027,36.80763009,18.74430082,146.5447214,804.6805121,18.96717128
34.72353595,33.20500032,22.61846598,102.4168884,224.0416871,91.69401973
31.41698019,66.49785682,11.72669441,295.508742,585.2719066,0.972915551
20.62954605,72.92119275,10.43985953,437.9878121,920.2163523,19.71440412
16.40137391,52.36859935,22.02544774,358.3048875,903.2139007,21.55560913
16.13251115,70.78055205,12.88229152,418.4263119,867.1033988,28.18805634
17.40756299,72.77752893,19.19364646,169.8508285,437.4867816,36.34117071
26.61537167,86.12053688,7.954971568,448.6903931,946.9906216,10.31780118
33.57526842,33.89241827,20.11676251,219.6676286,824.7704578,46.84542799
24.93486856,41.53750339,15.97965298,433.6014505,866.0271873,39.93503674
31.85890965,34.11155926,10.3722328,262.0290156,939.1184149,62.49338109
23.9177324,82.079636,14.89007928,170.5359413,943.3011391,86.75176341
29.17167092,77.5552296,18.93887252,167.116474,316.0584669,29.77202601
29.63745475,64.47852424,5.237728177,305.450548,214.9189406,54.64877743
18.47927412,35.0198046,17.74934118,85.55462159,721.7874492,37.13773701
22.22432118,46.39874152,15.83181557,468.5252876,606.892561,4.025028109
27.74604313,47.86319088,9.405723355,172.1585731,394.6838551,82.10753641
16.41393216,63.64459176,20.05962148,201.031168,716.0045561,63.421644
22.23080376,45.48263364,11.06921969,154.9856992,155.7971896,0.217227038
25.69598933,34.37759183,10.53721863,51.35358225,142.4874848,24.95719402
34.92448986,73.84573811,14.42436698,361.6476066,418.8795258,30.8989405
24.49067125,47.9448127,18.52299357,315.7488055,274.4619611,81.15315405
31.32113514,57.14245062,23.57691952,414.3400431,746.7004457,76.07132104
23.6413457,37.6599981,7.827144863,68.45484805,953.2196541,39.61438521
30.92781445,78.1528982,12.92936242,467.8950401,695.4646723,15.73422163
26.90829603,63.93191262,6.33979185,198.899123,689.3059304,38.60321526
32.73190883,84.09513757,20.17101495,460.8814381,105.9360161,81.01463224
23.21885105,59.72829378,13.95465779,98.20916693,561.0492746,45.23913603
27.0860884,86.48554031,19.1385827,384.7642617,835.3911882,11.58701883
27.60037361,83.51209226,11.44388848,310.7112041,688.7083288,3.85474724
23.34765884,64.58759139,21.88634483,211.1860469,305.0041462,33.33352723
17.88624087,86.03360629,15.69656156,85.61407817,863.6277236,14.8362811
16.87118814,49.38532484,23.87215644,322.1314294,967.9390518,74.50411785
15.33343101,51.93852976,6.576292783,61.89794738,351.0935628,27.8756814
32.47068528,32.72867708,15.28553649,275.5769446,286.3849079,87.7453031
19.72949824,65.35205441,20.32910492,321.8938591,404.6742142,61.73492894
19.23013499,73.3154382,17.00305296,379.6356863,156.8424555,39.36637598
29.72070801,76.41115141,5.463882809,496.1005854,886.0894058,61.00575543
21.40032226,38.98897716,24.44677357,167.0421711,936.3695325,29.5173973
25.12089385,56.64954434,10.96527386,195.0754196,669.9727357,14.1323879
18.25022131,40.61179273,9.985557327,203.5154061,787.9013316,96.41775949
34.19491443,69.72764093,14.71319751,379.2122203,701.7856097,56.31614455
32.031628,39.47678235,15.84316215,469.3186707,439.6188064,0.732812125
32.27579246,84.24982104,20.32576275,488.4456873,668.8381258,31.03142063
23.13547497,43.83807874,12.86547315,475.615115,852.6881538,15.95344941
30.24722427,47.48413598,13.79920753,445.7223535,828.9166692,25.81833132
17.87752311,81.05437933,15.69919832,495.9398182,172.9517738,5.571551973
15.17238005,57.50805661,12.88774199,219.1755771,516.3408645,24.5085628
15.39945865,31.43975675,23.29096158,476.744594,457.5893176,68.30161005
26.73203475,59.67517507,22.02503933,392.4589831,776.8078712,82.06095474
24.1078981,35.07260012,14.0994739,125.8069368,551.2383456,34.73920176
25.36030698,89.12068312,5.003897247,70.45933454,414.7309977,52.24657485
15.14926281,65.28669423,23.01868991,146.517781,735.7147845,4.179059691
23.45373239,45.39195706,7.486731469,400.4380059,526.2206683,9.080080042
29.36136322,63.82306077,9.890248304,334.2635966,330.961625,55.19241419
23.85387404,34.6120262,8.047225687,150.9603158,901.3752303,84.05769108
29.64438413,77.99347826,8.5963114,383.8646545,201.7430633,8.798796505
19.66037929,85.51968323,21.05755076,113.5950077,116.2789362,41.85466686
31.26284009,82.46666329,16.59002883,419.8286272,229.5199294,97.04246679
26.76862481,50.50545614,24.12190326,407.3724392,247.2789281,73.87925454
19.21526199,49.54608718,9.629070246,487.6591868,584.23798,19.76032203
19.73440952,32.10525667,14.71269816,117.6258041,662.3789506,28.51742672
27.56060929,69.08402152,24.54856738,457.9758475,503.7500207,94.79162325
31.59879186,62.09428705,21.52887029,203.4961987,283.7541208,22.09876931
23.31255564,57.56078228,19.57231358,237.2269392,218.9718089,44.0907382
20.16600858,84.4578572,8.779504027,260.8002783,542.9367722,35.56100536
32.34023214,40.07273406,20.38810802,332.1068239,608.9347789,49.0038832
28.38536584,30.579976,11.95130245,497.6435166,373.5652345,23.6580187
23.96170975,34.39898713,15.61073794,319.9814614,298.3959526,66.835043
24.75800391,43.40228627,17.18322426,467.0221393,172.5334542,23.45909862
19.08512936,31.99713296,17.18727423,164.7626909,123.6200383,60.21013543
27.5360526,60.17062264,19.53046944,229.2852478,195.1627878,35.77693115
22.17485021,48.84542731,18.23404185,277.0247882,767.8714711,25.14761319
34.91290353,40.82898048,6.367417586,195.3058954,409.6167851,69.50026306
24.60367031,75.0050445,14.14694052,489.5901963,124.6770239,96.52397785
24.71771212,42.26707957,18.28043213,376.5575993,557.3487447,86.93754416
26.31703575,71.25630606,10.91985964,265.4966085,582.4605402,8.683539252
33.33512006,50.95589435,11.26113374,388.0871155,485.8199017,45.44137882
31.016362,60.70966564,7.491350955,260.3491246,199.6145308,69.47799462
24.0226014,86.03202239,13.37229972,57.75139732,779.4706578,56.26158414
29.37398532,32.24109809,24.73660869,294.4370335,720.1734294,72.63568331
26.72470998,60.01587045,10.70638723,331.3333484,455.2562244,97.51201418
24.84734097,81.26537762,15.62873785,491.5433384,442.7338211,34.22718098
18.84631546,65.2784549,19.86474506,68.35678172,240.3416035,77.08731591
24.27872527,46.61223102,5.269945418,280.4436309,778.1944124,9.407131744
19.91637174,53.86086811,23.00879119,94.16964052,639.6165139,86.97482332
33.296843,70.81593772,12.73100369,117.0481557,177.214101,77.84322424
21.70813627,83.44871366,22.38231973,324.7085025,440.2571126,52.0967459
34.04528029,32.46398242,5.778953178,154.2054705,913.2048483,82.103347
25.6611058,34.29232931,7.913271037,387.1283501,507.1371415,66.66234453
27.63088757,49.50309142,11.45058909,281.3894117,392.4347494,55.22262327
25.85880889,43.96678107,11.90923546,148.1957983,679.4056679,94.60005119
17.58761234,45.89585317,21.95588446,272.2062549,282.6751399,13.0265217
22.51642438,43.27619992,5.224022308,50.39677711,571.4230584,99.29676719
16.98292225,41.74950293,17.82223553,438.2330196,702.5704782,15.44328771
27.45908088,37.83743801,7.626248724,55.70526968,869.3905744,48.0175962
23.9374839,86.03724791,21.46431301,53.15445162,723.2538725,23.14109969
30.55969943,38.65136783,20.57146532,325.1767744,445.9688175,27.19136494
19.40940962,42.26422649,14.99842055,488.0844166,791.020156,63.1831971
18.29132117,44.77594344,9.25374451,435.170068,908.5599353,3.471014279
23.12664462,85.98089239,17.68990782,163.4085107,529.9872622,94.07467787
33.53170766,75.34284802,8.125166353,138.500065,104.0507069,27.96221239
29.2084363,77.38196582,8.800475852,331.7504813,892.8262234,27.25325653
23.3784725,36.28549557,17.53379804,420.1869862,248.8977924,86.35637299
25.3454434,80.1785925,24.82456892,212.9354019,213.6929545,76.48361866
16.68426022,54.49158491,22.82121675,244.5595657,376.9107092,67.1721931
34.69151793,45.76938157,16.86214715,101.9702812,441.9853709,14.63584506
28.32814609,64.54500501,15.77073538,118.7718896,819.4390284,76.96167191
20.70808137,79.33097435,24.9676976,305.7582178,450.2650466,36.07662913
26.71616788,76.71912906,15.94794295,96.19526559,143.9390497,99.38886473
17.18964732,83.39984895,13.40233044,140.9207562,672.365512,67.1249545
34.31673338,85.68793116,23.19111072,155.6046608,704.0989211,83.58930745
18.49569976,44.28732429,9.683685917,249.7660399,832.7988287,73.37852917
27.96060636,55.43147365,6.950519806,70.52538386,458.9794726,59.42383427
19.90908925,30.87771235,17.68180069,274.8969373,177.4639686,71.63190541
29.35122765,82.75929956,6.916992675,467.9034829,597.7560499,59.7483829
30.53642734,39.27432909,12.46297074,61.0086475,208.8976443,5.119859065
28.46839458,81.68848874,13.47154771,333.9431893,115.3677907,34.55231407
27.28998921,49.76323932,15.95076134,426.1290643,800.7251247,31.64175188
32.84938188,52.0880154,24.83319091,190.6073791,463.0695403,71.39732081
16.57253422,32.34793527,9.419634467,109.1833453,572.5046549,57.61732008
21.61829532,49.61272739,12.51512757,69.50290442,696.5642825,61.04888027
19.96574959,83.30182097,7.644802488,339.7563767,460.9249,84.69815812
34.76027924,31.53284407,17.15227052,298.5054711,146.0184332,52.53071389
22.78779559,54.37964838,19.55346365,153.1827448,327.4692919,21.82771998
29.65225398,31.88397779,14.64153646,424.2277884,274.9070722,1.243967684
28.69450328,52.25540551,9.916625366,380.9778585,979.6546187,15.94975335
19.24162475,40.35843845,17.41776538,174.3929532,765.5549086,3.057909133
19.7799536,45.1331036,15.78315447,389.0133603,506.3949984,23.70649185
20.62569127,82.65590239,8.423714468,160.2473961,157.0306568,63.49971912
23.22254557,56.16295324,13.11363801,353.8703578,204.2654702,15.14189561
19.68650131,46.42787948,13.70394183,103.3452685,831.6096123,8.192322977
15.39302965,65.36030268,24.65235508,361.5077585,950.9041845,97.08545867
32.58786114,38.52641759,21.98571664,157.4484885,128.215166,99.69050239
34.31219663,45.56349645,19.68741577,307.6112094,919.3574104,63.70235123
21.83140774,62.77487806,22.77554051,127.6087401,442.507342,10.85663937
21.77013759,44.25138251,19.70968812,376.6851264,292.2693946,82.15206321
15.14183626,70.74766424,23.0680371,77.39580848,192.0091217,53.92136929
28.60501377,59.48947814,6.091062298,124.4380041,794.5740478,18.20736035
31.50879791,76.31934422,14.12132419,132.8614159,522.0194367,57.56921957
17.93216601,86.89467214,19.9379667,68.60461363,849.1814037,3.938212327
18.19332699,36.94829336,16.66591593,385.2556323,303.5414381,97.24711101
30.801665,50.0799006,8.503323283,491.4286271,710.7112331,82.59654991
27.32581497,49.17294377,11.80984173,400.2790048,206.3095344,26.07769175
15.89721115,39.07097516,11.3554875,437.284383,180.7756157,41.89118921
27.45093981,78.61818824,10.22693826,52.70344715,220.0598653,39.52835805
21.17835446,75.59272224,11.86271107,103.0414837,828.0111705,86.1494172
22.37450311,59.06552825,15.29706577,301.5591527,690.0577619,35.46343645
30.39462837,62.26624667,22.0973805,490.0409982,249.3675027,4.798016662
31.21870385,33.57264828,19.84065325,347.320819,446.2949896,21.46888498
23.00713254,63.33044114,21.70499408,218.3615122,787.3174088,21.55696575
33.94305872,77.48049144,22.67207489,115.7671875,357.1069505,94.9241048
23.12925436,64.42965442,13.32300912,118.7760625,929.1373411,92.4054768
30.4367207,45.91838221,11.92052568,213.238941,923.1425122,30.0593287
24.67754529,70.05289634,6.152467634,371.2145888,597.6107431,0.276710011
32.95064653,51.6893058,23.60983244,64.31868096,668.7768422,51.69976309
33.15522487,62.69239706,6.316460359,433.4799162,687.896518,79.72399219
16.74833616,59.2539218,19.82271031,473.6981461,332.621612,26.86049819
33.72986663,52.87050006,12.56216609,449.9674072,428.7892499,43.9044026
31.51069683,73.13267882,23.97561549,460.8621092,222.3469994,17.27892046
30.82621429,83.03256672,13.39204042,56.90267574,932.3842075,32.73952695
19.01822679,30.31275111,21.33216703,490.0065422,751.4644948,75.88530029
31.10238418,86.01699115,10.65309664,214.8607017,141.7206397,42.82812746
32.00265469,60.69090816,10.98177434,441.1765033,594.4487051,44.72708438
20.78300669,72.04391282,16.9103882,134.0639918,408.7663613,78.95516466
34.04520157,81.33747397,24.95965267,250.9365842,833.7590894,76.29727423
15.99720293,58.02622154,15.35144836,69.87397488,409.4200791,18.71527947
17.99818506,80.0984444,23.72617273,68.03419858,679.7351121,41.52721794
25.75162276,40.65718917,20.72499656,474.4742453,249.1663001,84.88578362
26.51584942,39.55005207,20.91728628,414.7729756,602.8799407,45.67376824
27.90300167,69.44828213,13.71919978,288.42172,364.4971593,66.17634829
15.33938259,82.20858033,12.730845,286.4561781,248.3995801,30.59621493
34.20733549,83.54557065,8.838436162,386.9395783,657.3332322,5.955856156
15.89176185,68.6244275,24.27882534,203.7509517,674.77708,16.48990315
17.86123905,61.52935381,24.18787225,392.8411741,985.018403,40.17208921
15.28029035,49.88358526,19.94135469,268.253771,702.1954537,35.34670284
26.33716867,88.80002494,10.925049,337.0628313,564.1389447,89.56407608
33.64533768,49.1817412,9.903590807,484.1732525,921.3587588,54.56226705
28.31894332,74.65116643,24.77220485,262.0920009,845.4527368,62.71553971
31.45314937,61.91890799,6.330856302,238.2820969,593.8716506,68.86827147
15.26562407,66.51074055,21.87128584,457.5871283,560.21417,53.16259304
25.84030597,53.60883304,12.10916001,456.1612227,947.7722671,76.96456694
24.19125955,87.88938753,13.37739439,496.5884158,655.4143396,78.31004843
24.97935888,64.30093957,21.63955297,297.8883497,742.4012523,35.13859718
16.44426371,86.26725783,6.81206032,204.9176935,178.0111379,8.478515349
28.68870722,30.45548497,12.08339357,158.1755284,746.4750591,98.63542283
25.0644083,64.36023499,24.04048554,65.34336063,338.213658,64.26207005
30.302977,73.03121338,18.98131826,377.0278809,203.9841309,70.89160732
24.70581268,74.70481027,20.0987833,155.0642782,864.6994979,75.66960065
17.98763272,84.29861291,20.15010602,322.9883984,722.071978,61.29634217
27.96513908,30.26409654,6.211401663,462.4665644,466.807881,47.09014695
18.44772724,30.01980956,9.064151865,477.5961233,488.2750536,98.46696943
32.44789127,58.33580765,14.82526512,51.98456029,277.40595,72.76574101
27.26232478,31.7576223,12.36300465,192.6837641,108.5958959,84.58487616
18.14407767,88.47195322,13.21824586,426.8201133,414.4232256,43.96753715
34.24676115,43.32391047,20.62894757,291.4003424,233.5729237,90.47774991
25.36730927,58.35988376,5.293584701,413.3789301,479.5541161,73.21510523
16.45796904,33.6682578,18.20983853,433.9954773,850.4425791,74.61279904
27.53665809,61.32290497,5.002204636,249.181799,203.2789271,8.693124373
20.06397814,52.79736751,6.261170512,211.5423221,182.5782419,61.74567055
31.07386904,32.67960173,13.1657224,254.9449697,911.891998,33.52167349
31.35644147,50.107456,21.8189704,343.7578412,770.6256062,66.90016658
34.57894712,53.48616121,7.899915311,215.2216188,147.7628791,56.82141093
25.03739062,89.39528948,16.09242818,398.7447299,171.6134367,11.11895067
24.09913759,42.47315232,18.57010454,456.7967572,716.4318053,52.99877428
30.06951211,62.68677692,9.590657683,177.040041,433.3097819,45.12584399
17.64941313,89.23893295,15.24660511,484.2453399,751.755966,77.6443492
25.93831028,77.52115248,23.22814566,330.226361,464.0086624,50.2638271
25.924952,89.60205005,15.24457051,445.175947,971.0080186,48.11621676
16.78946246,88.09789888,8.146461236,96.76239587,724.974951,71.94909783
23.35968171,59.37237253,17.55628593,163.1746117,141.9541884,66.85878902
32.06569597,71.78255099,16.8440036,194.4585857,397.4515974,99.18543786
32.12307244,36.62658762,5.539095196,186.269968,607.2455675,35.19527007
16.9847533,56.4689295,6.811888115,127.3375205,227.6862744,68.83565688
16.81441765,78.54111254,8.135627103,440.6904264,102.2682701,16.72585558
20.25390954,60.32011926,7.725781551,238.3754636,171.3773191,80.45607572
32.49532125,72.16194197,10.18931541,483.4085956,571.8371299,78.61556185
17.5780517,74.7450798,14.08210646,312.5625651,669.0295818,72.58206851
29.39993605,45.20814847,12.43432596,112.277586,183.6130381,11.90507649
17.02331239,82.54196238,22.81299783,295.6571194,698.6408715,98.75445875
27.46275707,57.58934585,17.24218819,497.0953165,655.4117415,94.26106034
22.12134598,42.61110622,22.522887,304.3272592,945.9072838,37.00914821
30.77827926,81.92495291,15.5407865,50.84120531,856.6079424,57.73158844
19.67380898,55.06912837,6.797409414,469.8859566,948.9176774,88.88869701
27.78403659,75.0187463,14.26574898,155.7024828,969.4968608,49.46439905
19.71365069,62.88198433,21.44065094,359.8380739,496.7276824,59.91633399
29.27320566,52.91230513,8.882075343,281.7860697,539.1196132,60.32428592
32.47356069,78.5925849,6.824285575,196.4451906,353.4597715,64.92549677
17.53603598,65.0681959,11.58869477,177.1877857,557.5891623,57.55003591
32.33191377,53.43372615,12.77795661,467.9419381,235.6432284,40.59442229
26.87150509,36.57587222,11.12515353,460.3666532,704.2878647,53.94793648
17.54220982,83.72671883,7.704815712,280.910678,122.4392812,87.14426818
23.55083711,32.12817512,10.01679719,166.322838,312.0649807,86.41033457
18.21720587,81.7912409,18.64564809,96.05391448,287.2645284,77.25457469
29.00695778,51.59769149,12.71857033,120.4593723,944.1001643,41.41076069
30.17736269,68.36032581,17.65098889,285.0132766,230.4115765,78.59725519
17.11593041,85.33198343,15.7260756,188.5234823,901.6979057,38.78563472
25.12279705,39.10239693,15.9810588,68.93066402,211.9223992,66.40686975
31.29250112,64.01702854,9.970991159,254.8253234,685.6281877,56.74281394
33.72326083,75.86597174,15.43086066,385.7851816,387.8973714,30.0024667
25.27035733,75.45502996,5.471894277,451.2628022,384.4021317,45.28782785
34.00558447,61.53791488,13.63487485,313.3778206,998.4439901,83.03617593
25.71377941,67.48436759,16.45245646,375.4814557,303.438572,91.27528082
22.88380989,75.45161965,8.639912427,213.8317119,282.3040611,20.5295429
31.96406257,80.46165827,10.13117012,273.3071806,630.4012742,45.62148098
24.85965421,75.70878581,9.390620396,378.3320854,766.6771573,43.35055582
24.43805021,51.24029659,6.411159105,377.4462023,984.2540712,48.90152972
24.80624979,89.80358406,11.95714642,241.0368191,731.2723968,97.66256675
31.93570004,56.07016162,24.57931533,294.6503037,605.6839596,51.87425131
31.63883083,31.46788217,12.07760813,465.7349028,468.218546,83.00766882
23.07039985,51.7570171,14.21073244,334.3989222,635.6015281,66.3937074
21.6659972,37.66697727,18.06174502,339.1585816,640.7514971,10.71909017
24.83856048,37.28655694,17.96995502,403.0791316,295.9403445,69.56568011
26.45545019,46.89210241,23.9978996,101.8503033,704.0877054,64.70591647
19.76674421,33.20252965,22.15128281,285.2979312,283.9814116,75.84688947
30.87910169,71.3107313,20.87901374,481.7442813,540.9593411,7.444852162
24.72965531,34.43933305,24.03254452,212.7471765,333.8825614,24.130756
21.68091097,42.19737333,9.61530771,182.7167659,381.5209214,76.92886898
17.13641986,35.57398287,17.34108389,320.5435845,652.489318,37.06159729
19.77690321,33.79006385,22.74393533,149.5037411,158.0366033,91.08189568
33.98562344,46.06509993,17.48276317,300.1753204,110.8313338,51.7670409
21.10199374,64.31393806,24.54840949,120.0434049,217.5580086,0.102713357
18.37718579,87.88113339,7.007054278,310.9070573,251.8362803,69.88359629
24.21345583,82.53339926,13.78661006,321.0706326,278.0856712,51.34639713
21.14175487,82.55603553,24.54725816,238.2802156,796.5379632,31.70943558
15.70318501,40.56402216,12.59136057,222.2358914,502.1721703,2.04406984
21.46290435,45.89443161,19.7911275,160.4562253,522.9425205,19.87462324
25.88217248,34.58359901,5.608058022,198.9150385,679.9007466,16.15939183
26.03424744,76.70810039,18.89674229,274.2556852,756.1978916,58.28541444
22.13117842,34.18897809,23.69253465,161.4465055,103.1575146,76.95540205
23.94605513,63.40174025,12.6541257,402.2755085,871.0528022,23.46064168
34.31035836,44.87253434,5.425996759,369.0658586,989.5913625,69.77231342
22.54696954,44.60673804,5.558196088,171.1876402,209.626689,89.98242586
20.16453627,89.44350331,22.84046611,93.8458234,685.9725253,62.15860213
19.86934088,75.40678842,19.45032214,50.08101754,102.172379,77.5647626
24.15529225,80.2163615,7.133727685,318.5234836,144.1265376,20.42315055
30.19040297,64.31896112,6.091805541,145.1136859,356.5009181,7.493852195
19.11976368,82.26085724,21.09650727,55.66211155,861.763676,36.53878012
29.18592254,68.72943235,21.19721266,211.5883718,687.2508113,70.90069249
15.42299647,86.77042229,7.410436796,482.899308,501.2388388,68.60985893
23.37865956,46.88031516,11.03040808,360.4742634,494.7386262,95.50792411
30.5173013,65.71917275,20.60052129,435.9936663,519.4482169,62.99784198
21.77465912,71.40788088,15.50824142,115.1325942,379.929797,41.1284461
26.27474203,53.5762383,24.13169721,82.97966958,889.9430659,79.71314267
19.09958466,82.78247894,14.62125291,55.18839358,611.0822181,15.30679116
29.83990782,88.78818979,18.53915875,480.0480305,535.5549672,81.30223383
16.04558207,59.62616948,15.19566731,185.0912309,518.5689428,36.59304658
32.0508529,53.43843929,23.85930991,256.7772241,942.2438202,15.4010009
18.96392773,58.31627571,12.97318184,227.5356306,751.2957354,16.2140624
32.48796063,81.16420474,9.595929104,378.7056209,230.3330992,98.35974953
22.05058483,68.72810553,11.53267721,189.4841969,493.2731529,62.32227625
29.45367149,32.68634235,22.05550408,290.9537972,359.5349894,17.42645943
21.38450596,62.53019463,14.95877127,498.0120192,988.181792,26.8562538
33.11823342,31.03800736,12.08504607,249.8285981,473.8561357,37.20797691
17.53274251,76.71212226,15.88520044,298.0721933,161.0830927,5.589947025
18.57039579,49.69873641,7.664594146,276.137628,470.0908013,10.84157164
24.8606025,58.32044893,5.107186093,411.4337712,389.2152525,76.17542944
16.63876878,77.92068635,10.61169367,170.0778443,639.6243824,78.68739696
18.91960369,32.78692904,17.1001144,126.6971073,303.4703577,98.82346114
33.87532764,39.51249214,19.23361539,389.3419212,132.3762847,6.759638535
34.52979322,53.87762259,21.53221933,237.0281839,186.2923376,88.91844116
22.52518659,43.79550981,23.53327119,461.176704,354.8328306,31.72160456
33.46572042,50.27408555,13.24224694,339.8716786,413.4903684,32.78505857
25.89649351,89.89048427,19.81033599,303.9544003,851.005486,12.72822519
20.39484932,79.52486625,6.493458604,81.70567467,343.0627156,98.63001769
29.04797442,83.0341089,6.150599975,378.6853573,128.3437481,98.09892369
28.17803613,86.22327801,7.49595984,358.7181645,802.6601349,86.48296087
34.78250638,50.45615282,13.97138196,338.032366,882.0258131,9.078008665
20.30094575,47.82461747,9.22562877,170.5592856,543.0756137,84.16496257
28.44119005,44.04374955,10.73849884,476.0326948,356.4345077,63.46139931
16.0404751,79.80701468,17.95760347,194.7448072,794.9258921,12.8775446
17.27292077,70.77311174,12.17044358,118.5039305,108.008566,26.17577572
15.0783675,44.17031895,16.14743115,494.2405197,931.6254062,68.92241315
34.98921362,52.61962975,13.24807513,385.8108256,878.9784804,80.34407744
31.04547394,60.40270584,8.37938511,236.654097,590.349889,84.8087046
30.73446029,61.68840344,6.480399805,471.1623939,349.8230691,54.38302411
25.19452151,83.32366371,9.724629906,91.00281846,129.5603945,53.46199166
21.00134166,52.83396798,6.15400939,89.44754739,999.8413752,68.42090129
18.02528569,84.51144183,17.3722392,357.1029584,785.8663507,77.77225492
20.69349478,56.48205362,20.91435203,130.0874218,404.8388882,17.05857812
22.51942444,74.78236049,11.79481536,462.7127818,117.3447745,73.98376596
30.12620194,85.8152592,12.74222111,428.1616284,675.3625556,34.16865892
25.79323578,84.45454224,21.32382126,187.8652508,988.2136052,38.37586209
16.54967253,33.41717204,9.452258247,449.977812,736.3654378,7.771296488
15.36058018,42.3422577,7.383205304,69.29945915,175.3429677,58.84207623
17.04664359,58.61432553,15.02236235,296.8870337,462.050535,9.342009753
23.20997427,55.8932574,17.92380339,471.0032482,198.2651165,91.31356037
33.66385834,68.45349989,16.9930885,434.9223405,920.9444946,62.09703063
27.74804962,86.68254305,19.27746091,210.2329957,397.3730239,99.02818551
31.036518,36.74428268,6.135023643,132.2916959,760.0388764,24.56521526
24.32749189,57.11151991,13.56403226,144.7432648,176.2213222,67.96005639
22.23332166,41.54466227,9.771410479,281.5285451,215.5732262,96.44299883
17.16800745,83.6464559,20.18242519,318.5478247,711.5388958,29.85782643
32.51866044,87.87481115,22.45460968,64.76644248,859.1319535,9.632264849
30.66320058,58.72210091,10.62671482,236.0982017,281.3049607,63.39765767
18.36236195,36.24061786,6.904361581,423.674202,476.5035214,36.60991668
25.24521128,77.11768,10.06855924,249.9480276,657.4753312,27.30576337
24.74749616,71.82848103,7.080169781,126.1289259,816.6487053,99.35876507
27.50183105,51.2802496,11.44844332,479.6871319,665.3769493,75.41093361
33.92373788,83.24444844,15.76397157,169.823993,185.8833286,48.5394633
26.59542884,88.54991339,24.47361909,409.2927195,588.5373955,5.000339738
25.80434534,63.47123095,12.98740509,137.2073749,896.1460133,19.16156775
16.00645866,63.94367468,9.400798477,240.4277281,881.2213489,29.87784253
16.25814952,47.85081031,8.336034807,270.6901429,626.514047,48.71966016
18.74693583,65.07036216,8.460795323,275.2858832,996.1265861,49.72498416
15.64941543,56.37853923,8.851953665,282.4132406,194.6113501,2.473336322
29.86705791,48.13146162,20.24534045,151.2263933,530.7358217,94.335627
29.46660608,34.03111179,6.220554229,282.1619849,797.6112754,54.28071794
17.72112469,45.16247158,24.94805414,266.7707392,226.9343063,1.972716699
31.72157802,41.87127898,15.45372782,143.9237737,975.4747853,70.13351942
18.0957207,62.52251907,15.88543789,494.6862018,418.6418907,7.135151192
21.02351174,66.10020131,12.15127757,439.5035268,415.1257786,72.11704249
19.97953798,66.51430346,18.80510719,449.409358,291.874871,70.14924808
22.44614197,53.29086006,14.42912682,358.5069727,359.2157177,98.49231641
20.09327532,55.27378402,11.5812257,121.9536638,619.8300101,34.2037419
24.77901853,80.05430578,10.30276807,305.6414288,486.4188601,14.43272916
23.14815763,58.57396881,23.51302414,419.6478342,274.0403605,9.186927265
34.73138982,89.26639993,10.8197903,67.43141991,828.2259463,7.172607017
16.118527,56.3770338,13.72786519,273.1293965,156.0153764,81.03332019
17.84362753,68.97485668,12.00682804,228.255296,851.1874701,71.85480698
16.05651788,33.02177994,6.723576549,145.4561283,347.4448522,97.59152167
27.5168239,69.20039547,8.71868789,220.2125017,546.3129998,30.918604
16.09018555,81.08558366,8.790039507,492.5738799,442.9580847,80.31024532
31.72879475,86.54747031,18.87299029,375.4594969,613.5419021,9.301409545
25.23877261,89.8392367,13.1317082,184.791686,816.3909956,90.38798924
25.54015249,46.93071874,20.63935126,322.4097732,990.3878141,5.183030881
26.23189015,64.52220389,19.17901849,160.9953081,375.4532311,78.78834824
18.41627413,57.04307913,8.840995328,324.8797591,598.4239711,30.73555248
18.95380606,63.82904883,16.2583384,453.2750103,519.4067939,18.11930066
21.37634646,39.44717743,19.85817692,300.59456,999.0353434,70.45145277
26.86992832,81.36897436,17.66085847,380.002989,828.0222674,89.58780318
19.20235552,84.5741366,17.00033016,254.0025494,457.3754727,76.41260394
17.32663454,56.97969979,19.79221775,285.8557629,529.19115,31.30999451
34.40233773,46.82579169,6.135614785,362.7837854,321.360935,35.35706549
15.4396363,38.45000566,19.62843895,415.5822523,779.7225878,18.93045949
31.05394811,71.02588949,10.45310526,346.7531239,860.6906077,82.40615929
30.76070299,48.73391038,16.43744509,489.8713973,968.4881413,10.70936343
20.94428228,84.57231419,9.846099894,418.9201645,609.2460071,90.32139273
17.71253232,70.26074849,21.77635144,399.7220921,703.614702,60.1134247
17.91257293,68.74111951,14.61118709,430.2957105,501.4529485,58.88549557
28.94863234,63.56412695,17.85882424,176.5449209,648.2156593,83.78214681
27.85613182,32.74658037,20.88164087,244.4212193,413.8741272,66.75332514
30.65491349,85.91534614,22.9063051,304.0083133,763.9202049,30.42392582
33.74962345,67.6762496,19.64124194,258.0738433,120.4303292,34.95151221
28.83854727,89.643719,7.975371524,431.3560182,125.6111647,17.30541911
18.11703073,62.24138429,22.09064739,62.18083296,744.5088012,46.40632419
19.86885234,72.60665351,17.37155832,144.1289378,937.6145228,11.01547657
31.84387462,33.37257347,17.18899517,446.7679435,669.024041,65.30365073
19.18612152,67.90417061,23.4268112,76.59506195,753.8754691,16.92288411
16.45044634,75.8789767,9.976631113,152.1447366,841.5408621,86.39317731
29.06560108,76.71085769,9.79175237,208.0626487,425.506838,70.04625869
23.05052711,76.20669913,15.26387109,387.8332524,197.3022918,89.15112545
33.40080105,43.57695764,20.01726133,302.0813133,939.7830585,8.703098759
28.00510142,88.52390866,13.94481416,479.5721163,944.7135085,79.85093345
16.80837956,89.71092724,17.6778278,152.5437568,497.6565,88.0804725
33.95713135,34.53575251,14.05049448,442.4541822,295.4526913,4.456980891
20.17114527,86.18678537,17.20774361,177.3110704,903.1189445,99.90759552
21.74424981,47.36695166,21.44524605,160.4742166,737.5840274,30.06443162
23.04520827,71.35704491,8.609533922,274.2688391,107.4055155,21.17212142
16.02448593,50.28665524,18.90757068,82.04202737,196.9477313,41.49052233
24.93030844,88.0652594,20.74851479,222.9381558,984.8796785,0.863539216
17.46636982,36.0902315,13.94222815,210.0541856,134.3153609,88.5906326
23.01940653,59.86480902,11.46467154,122.0457001,354.2995093,26.84908826
22.01419576,55.68286752,5.270886478,437.3576804,593.6467102,52.15915003
30.45680167,49.56140714,20.94210045,223.6503397,265.9200546,62.35595196
31.06341023,68.73203945,11.55877318,491.8640808,308.8486777,79.10917958
18.06825765,37.86334461,12.14618939,454.8685771,417.6707379,25.02061132
22.33102375,72.99974509,11.72012326,137.6648148,342.5988415,71.71463674
22.46706322,88.83552743,14.97478662,277.3049776,823.0206051,11.7660881
18.02820888,78.27352287,19.04999146,320.8118623,550.2470261,70.42351679
30.9690701,81.60100517,20.43726262,418.5322263,350.7581328,91.92955326
29.14456657,51.57820459,12.85141441,448.5392373,381.7864301,8.502626835
18.80763573,49.49319639,18.2620407,330.8081095,135.8784636,11.67028008
22.33443817,61.02290128,19.41368501,65.81039141,144.4528686,55.72274999
17.1161005,32.74359689,10.93834663,266.5744023,746.1168097,4.640042234
27.56413194,86.72148807,6.932429391,448.1615913,201.6197534,18.73905093
17.42743849,38.62711038,22.89331441,371.3403211,528.2170972,19.01921364
34.71868337,84.18078235,18.54231944,441.5638736,858.1290786,48.12474627
30.61364149,35.01493332,17.96220818,353.3359054,431.6081552,24.84870293
22.80477099,79.35749566,6.178050304,69.81575442,411.1770043,47.55228556
26.57127865,39.11775155,21.35746115,485.6029953,885.7434482,52.11757883
33.22683632,32.28789685,16.32108312,463.1083433,878.365357,73.06443875
26.08198561,73.16936702,21.95768835,106.960793,892.1231213,94.59921947
18.48996973,46.81591801,24.49122367,100.7110251,614.7225641,50.37472164
22.57406711,72.86976917,24.14200642,292.5853252,957.0738462,35.50053455
31.8628973,63.30511503,22.12178693,390.6728756,837.067553,25.87034131
27.88426032,36.52844341,5.218947477,221.9779454,474.0709843,63.46572115
28.01448769,85.9278044,22.71454416,111.3719736,666.5996277,94.29171115
32.33642971,57.13885049,6.501246277,279.7502445,209.6101745,76.46549118
32.87946115,74.06683667,22.0238794,201.9047613,596.1989674,20.61026319
33.39585144,60.06123432,10.60348137,208.29738,336.8341752,89.33041306
16.89698387,66.2616885,17.20136677,340.2434916,355.1925039,73.55133081
25.88252004,48.16641554,5.761364623,448.5236447,213.1464096,12.79448612
29.81019042,42.02161824,20.42363392,301.3662789,422.3793012,71.28024156
30.1385369,62.5542122,7.234122445,359.4211299,533.2512973,28.93554574
27.13432404,56.41313838,13.21376343,346.9761462,640.3189971,49.13966573
18.3357467,53.40679281,21.34892005,298.0157867,374.3824026,30.02313141
30.94841108,70.35403171,18.90697993,189.8411655,813.0234109,8.405923794
29.40222667,71.43039792,5.120853937,220.0073832,568.8639654,76.85835847
16.72271543,32.75520337,13.06064669,192.0667093,674.2468981,82.86837587
24.27619649,50.32466965,5.838550339,462.8741434,350.3292481,23.19790014
18.47954799,54.70587301,18.46999722,421.9784017,832.7222911,23.96381179
21.74954091,35.81352967,24.37896984,310.7063178,661.8470055,42.99577282
15.36162184,44.154052,18.10522525,460.5095619,876.1138745,81.14693191
23.00659737,33.09850783,9.487448622,448.8839119,243.956421,7.726807205
25.99753842,89.77452592,12.10466064,467.4624799,442.5969402,80.87113533
27.39165186,74.19343218,24.53301111,149.7982359,201.7145657,92.2722961
28.2698069,35.24700939,9.481048241,372.876367,293.9745798,56.15041678
31.72582626,31.21496279,16.23058146,324.151025,455.092754,6.039148151
19.30925815,73.15726801,13.00907617,380.223787,905.1237169,26.95527599
17.40963645,56.35152994,20.36630596,168.5207138,601.3366022,11.13864741
32.03074344,77.20780254,22.34778544,362.6640821,397.3404976,25.92835707
18.1322563,85.40856227,11.81674549,234.4228319,772.2092466,81.17820095
34.49520163,65.95802334,18.20792727,425.3413083,117.7144356,5.566778923
31.85076459,41.22650538,15.98095395,407.9145763,433.0829901,28.38236349
25.01753212,76.93164216,10.5688898,145.1109249,640.7485269,51.69507626
34.6284285,87.34870459,10.43881606,132.7348744,624.9135735,87.40409765
16.94753458,64.81387722,15.77263295,372.9792746,646.8020942,24.99821659
21.06131522,70.91984684,8.080057471,297.7137026,290.3506883,77.83271565
27.7644883,50.2484817,21.21619793,300.7426598,403.3712377,58.35690747
22.00013737,52.89166168,6.380096784,388.6318956,938.4089069,67.63694174
33.56745104,74.07926987,6.891489724,434.7368569,976.5779782,86.17686476
16.31252176,85.6662659,11.84452618,157.5337553,380.8345162,2.641565371
25.98823664,67.73930323,7.361835164,299.9927961,680.0533331,52.97334796
26.81732535,77.39087451,14.51400043,423.0296193,317.1671012,74.7214207
28.05456248,40.29810104,12.99351781,442.757377,431.6758003,88.46030562
20.11332447,42.71754542,19.43619592,179.3342248,813.1012271,13.26941883
22.29132855,61.92208121,24.0600831,96.86923547,551.060857,34.14516377
31.87361059,40.59325153,20.07117169,154.7704642,864.6309639,7.85557917
18.89885538,68.09970421,8.588973258,475.4747813,665.8662211,83.49340838
31.53735694,47.49919112,23.71042571,258.1158706,666.0290666,85.73663478
26.25310846,77.49195712,12.84266865,238.3582058,130.4920253,48.35853149
30.24375022,78.4866208,14.48378722,55.88795693,774.7033233,2.079529334
29.27214733,57.82724735,13.43152475,72.95660731,980.0798752,10.21981493
19.15022991,40.8486381,10.61094047,350.9131683,525.7257042,62.43581195
26.37625473,68.80649766,22.90088576,315.4221809,242.7220135,98.26191859
32.35446306,89.5672211,11.64477732,308.9877343,979.2799042,83.88640772
23.64232474,67.35545388,16.57192939,99.64529421,361.1132873,79.7922216
34.3318154,32.14648144,9.800671687,208.4275263,468.2781602,41.7969881
24.044302,31.03763855,20.9475075,415.5611624,169.6297727,98.52122521
17.85571273,49.22171823,20.48397319,128.7100508,199.7531791,82.49728509
22.7886936,41.74702841,10.92624277,447.2092629,294.9091035,33.56528216
34.03404813,78.78307243,18.63108146,104.6652352,593.6194586,74.84910289
21.39441699,80.68834002,19.07747066,126.1171986,602.0102817,43.25229194
32.3619632,45.51712628,16.25022832,264.9874825,645.6194406,66.04556702
32.62501363,49.53868662,17.01196765,475.384957,625.4352613,97.00538568
22.00373049,44.17481806,16.48909277,198.2964552,545.7132848,24.64515553
16.66515316,84.50295284,6.63728808,346.1980971,821.8887891,79.5002191
29.49115818,60.15896008,18.40530689,314.9020652,940.5097276,59.03743212
21.23024598,69.36822264,14.3955002,117.3301864,342.7852,94.99709132
30.65847229,54.9289252,13.76914561,161.6751056,217.1743141,13.446331
23.85309697,67.86085161,22.19998438,468.5687477,482.5785645,71.97094988
24.70533485,53.1513226,5.464534269,133.1733306,123.7801376,3.715315103
30.55818813,50.38070626,10.02629836,362.7544504,894.9869863,24.65534806
22.64726662,68.06880439,7.428069997,484.1125172,315.7356342,32.08545301
23.86254691,65.46372468,5.706820892,103.7776965,594.3669668,43.22557605
22.52380938,47.61167725,10.51353995,229.6318956,203.5854909,96.52999771
22.34681031,38.96090702,24.76952546,150.769465,597.9316053,6.760140173
25.51893154,52.11460163,10.40458346,149.7026828,135.0941076,16.89828644
31.17598889,54.91185835,18.2741164,103.5436298,791.926026,20.30472262
22.23536624,67.72106001,7.365977801,342.2980328,959.8793164,42.39967023
25.48509441,84.87172582,17.0369526,385.8545795,376.2784584,6.069986914
28.41454651,32.17108785,24.68962966,354.5572595,332.3931494,96.54195465
20.38878893,44.61966075,10.83675047,466.0954059,503.1954744,55.98516912
20.5504561,41.62295654,21.96151233,115.5554639,657.9762942,81.32869029
33.66826254,60.13766452,24.95142761,193.930418,270.0662158,77.24984306
29.47069147,55.78204842,16.77108177,205.0577644,822.9771975,66.0825136
26.54373352,73.74225743,11.18802201,154.4369467,278.681332,90.44094186
27.95440109,44.54495475,18.4706252,113.9922249,104.926798,90.23837122
15.58598886,65.66990194,21.89696413,269.0165642,571.8255252,12.77718297
27.36205931,83.03143582,8.427004859,425.4978326,203.63474,90.19282991
25.19017746,84.6406644,14.05031528,479.5428765,728.4148528,52.38910354
25.9149936,87.52707628,11.3837542,108.2032845,250.7229963,26.80697135
22.18847654,76.39566912,10.66717994,420.4207526,835.642356,60.85004669
16.62947795,84.35927438,22.21642521,421.0615053,523.3313196,28.09035999
18.86678467,44.07185232,13.43308014,225.0401547,609.6501142,47.90078627
34.01489426,41.85485666,11.78152684,99.51333087,267.9266488,81.64378487
23.17399125,30.38928503,17.07021083,495.503603,232.0192698,3.219797595
24.33366312,72.41066145,9.388031593,345.0168637,668.1632199,18.30889916
16.0541958,86.24803127,9.597869811,491.9880628,329.9145538,95.65826751
15.75132459,41.2161207,15.40577462,267.6449821,447.3330115,44.50983734
29.34362894,68.21661453,13.18545457,227.83685,531.5042385,30.33242445
25.76189328,74.78758555,10.89964768,161.2334642,306.670245,92.32795413
25.17411968,85.65685411,6.079022645,492.6074008,815.8814295,91.12139109
19.86249061,68.81161344,15.41548477,163.9657713,945.481968,4.42424571
29.89501463,88.21762396,21.33218411,60.6932403,488.7038459,36.24780164
18.36473158,50.68038846,22.02754411,280.6107861,925.793546,91.28216498
18.79869487,50.99571203,9.708799595,219.6727219,894.4145356,17.97719694
24.21424343,62.5807506,16.99282408,167.6221265,249.4425058,57.82135095
20.72559724,53.01011287,22.11762619,335.5736524,256.0437512,32.07780137
19.94925962,30.0855437,13.17451857,213.9208767,529.6645553,73.65654341
27.90475289,73.90632151,23.64273635,231.0128997,573.2714613,15.82624746
28.0194349,75.10302249,23.05957058,60.37052175,407.0167531,59.60531803
31.4903414,74.81847628,9.162677948,315.0819178,381.6288819,0.000843221
23.35417134,50.70124,10.17929666,104.9319634,488.2305608,25.25637555
16.46170182,61.3373684,8.608839973,146.2121865,721.4313533,16.21652115
20.4733277,51.59841109,8.921087029,372.7030193,175.9542697,20.9830712
34.60010926,30.962184,23.15724174,190.9592268,739.5238032,86.04262923
26.9251715,63.74693648,23.62275818,123.4445888,933.6162355,91.47965855
29.1947417,37.42563997,6.037944824,309.8408662,787.156038,75.5031573
15.14715659,34.80247945,16.87206711,146.7070227,272.5091707,59.01065299
25.36411464,75.32994412,16.28463126,171.9401963,178.7330699,23.08565159
15.75057315,30.57037215,12.81095293,329.6026895,541.3423681,27.47213784
26.38460424,87.54050662,17.63395186,382.9378016,960.7654803,30.98897731
33.41541699,60.91532185,23.94735651,382.8468583,837.1533586,77.70054605
34.36838261,88.98098584,8.405097654,267.0095353,606.4602751,25.28843078
25.81105351,33.47985435,7.408218194,254.43361,228.6832811,97.33894254
24.16409611,65.01177293,5.667811417,404.4403329,742.4531039,79.64635213
33.90034188,50.95962216,12.27666616,136.8656263,831.6984147,99.9717723
28.47219664,80.60894957,11.75256954,118.4911014,941.5622228,45.91785634
16.29798559,51.67336411,13.61639376,349.1127797,650.9046107,58.9328185
24.31451155,45.62925474,15.06620062,234.2781205,563.0192332,28.04015451
19.80490037,81.45318763,20.15647988,369.4993073,657.2638392,60.3744587
24.39608643,52.4791855,12.84226781,165.4701006,948.9272542,97.39002853
24.10931144,31.00999919,11.61226219,196.1923465,665.3143776,3.038021517
26.64289606,53.41734605,21.53757641,453.5049421,331.8326645,28.92887924
22.13540981,69.27133614,21.99593341,239.7454371,672.5362671,28.12941698
18.28540899,45.26157233,9.655319286,315.9290614,891.7701155,98.2369865
25.07438869,55.91925555,11.29343645,98.00698735,610.3018257,13.26493874
31.60405769,33.4029083,21.50232742,130.4731275,552.4289452,81.23601814
28.28024456,65.28556749,6.588164886,66.14947797,760.0323246,27.45538463
21.76735732,75.37769543,11.51693561,240.9668653,694.8898256,86.06029799
33.71046046,54.79875368,13.96700214,495.014002,151.0188391,48.77509013
33.24415142,55.21395797,8.741432304,443.2429187,752.7800268,24.22610852
19.18696799,35.29694992,8.598283932,334.8090117,466.7944871,70.97330156
15.7883517,42.11645187,13.49724116,437.4934214,946.808452,84.15807634
29.82617417,39.28051819,20.09043449,317.3762104,973.7226896,47.01392092
31.55220523,58.90126612,21.80465959,215.9459962,503.8649363,71.39892757
34.35729132,61.75533246,24.58470185,128.0958805,971.915362,18.15825239
32.79672788,86.93640788,6.479681002,343.8719338,379.7384635,93.76121808
27.01069536,34.39389026,9.333644023,136.8730744,714.3799793,9.644950638
25.60104678,65.99207839,20.13259685,237.8427877,167.54924,22.1950709
15.55682103,61.58991164,15.81197412,421.610829,230.4904137,28.83597661
19.93312894,60.97398588,11.55359548,108.1531862,878.0733121,15.27530003
24.19229503,82.38955724,9.111793225,108.0596386,904.4056354,40.66803322
27.570078,42.33230824,10.60955103,150.981087,579.3500728,45.77360279
26.14503667,32.44639646,13.58577901,298.3627882,405.7960843,51.85892575
29.85271979,70.33629046,8.54302439,163.2755652,505.9215386,4.079954756
20.59533862,50.70944785,24.28451912,276.4390718,882.6620402,21.910607
26.29905215,31.05539497,7.151768892,185.892175,289.8940804,80.77632512
16.76284487,45.08244044,24.71154869,277.8089922,365.3832082,81.06046546
23.27331047,48.55960645,21.83786572,174.9341521,806.8986408,33.00067518
30.00321666,67.01030261,13.46303235,491.005569,941.7425013,46.11743614
28.86801707,40.35514764,19.79632669,271.7230555,183.634606,18.34529277
34.81285474,54.78326088,18.43030487,384.6395453,823.3950712,82.21398904
20.55782252,58.94852667,9.265738359,365.2459515,680.5614762,95.66837216
24.96378598,57.55424348,11.78140172,270.7517187,307.69439,29.13528603
21.59060828,88.436446,15.26245126,157.4879278,780.235477,78.19379272
23.81206228,32.73025427,17.7568836,279.8232251,755.1244585,35.23891362
32.1390026,87.05809119,15.85789963,356.4372307,227.8268304,0.263392157
28.6841815,64.91623284,14.45974922,256.9636718,552.0259517,59.97277266
32.64882383,77.7436629,13.86304547,86.86629831,782.4619746,41.03986534
19.07022217,55.82355708,14.96528999,58.0924533,272.3897141,75.84350265
32.46722236,57.23027288,13.6870304,197.5445638,516.4894202,74.87640801
16.19524548,82.75958994,15.82660155,117.6007667,208.6670122,94.60312441
32.77198561,83.75606978,22.75970598,457.7856107,376.1514316,43.78190089
21.58147559,44.32133289,17.65658626,129.1247015,296.1504108,48.25119036
21.29175267,41.95451272,19.4524175,227.4272213,554.5640141,40.04053074
25.24177153,59.77411043,16.94966267,370.4348804,227.0938013,29.6938877
33.81380375,84.01662163,17.86035365,416.939747,444.8356799,63.78422149
15.95562729,49.3413056,16.56699657,264.9709189,347.6466145,82.8036763
22.0446195,69.12087692,5.537330444,131.5107543,771.4440228,15.78106745
32.13143977,72.48910126,24.99196764,171.9028506,729.7027958,98.18393278
22.92108955,76.72047989,5.672184804,238.5358014,185.4374767,68.38073636
18.98313795,63.83546748,12.90296016,214.0675652,958.1354991,78.01110162
23.49588363,54.1473107,7.102313566,206.9027407,770.2146263,99.88545859
22.71105003,88.02095933,6.938569009,109.3342108,654.3628262,50.40314966
33.30832403,66.6798452,20.87053903,460.9896135,529.9313453,7.129125656
30.23868751,73.7139127,13.51851559,63.39047289,260.1301787,79.02917269
25.10231111,50.69897074,21.02277417,248.0009575,965.8143793,87.07660276
34.76741133,70.19695086,10.45572941,491.1446716,107.072539,16.23971501
24.30555063,45.46785973,10.12925584,346.8757725,723.2330208,2.413742184
16.16475662,44.70581505,10.02462764,209.9347987,556.6998921,13.58236769
20.24548644,72.88333211,17.32291253,115.743913,912.323701,32.39664141
23.7214096,61.28368418,21.2999878,483.7426725,442.6275514,92.42810374
18.13805248,70.99659663,14.0452202,56.29386284,566.7799771,0.246719382
33.95130253,46.16630944,12.58497781,356.6244068,768.1054527,80.37978957
30.33697796,65.92340046,24.47159108,446.0618622,142.809889,85.48547362
20.36574401,56.63601898,7.33508072,61.32222045,149.0277169,81.10523261
26.81609067,65.81761721,14.73265364,376.3286888,290.505474,8.221435564
29.42898314,47.45278393,13.16975506,499.4769926,231.7821252,67.91899989
33.82557858,72.92705782,6.962531932,337.8391109,105.7991215,95.39036235
32.63270698,78.35576197,10.36400724,236.6055265,660.6908399,12.03627685
25.30384452,45.59498843,5.568824252,443.4803237,816.3441707,3.168179822
30.4930524,48.03723359,22.53908578,299.3806609,961.4034787,87.36590317
26.24289508,69.66925618,17.15699058,387.2483811,496.8102859,64.49296684
26.0540778,71.73511046,21.30036996,314.5005463,351.7485924,64.64354657
17.29483917,72.24598106,15.43108905,67.23099162,877.5122039,96.44314289
17.52275316,70.96191029,16.99019659,145.9152447,859.9560516,76.97655836
25.5906723,53.56846302,19.01708956,85.44360829,662.3588898,39.74448856
20.3772309,53.69122046,23.16023255,98.00949307,345.8341348,43.58411173
15.42073805,45.28905742,6.835037757,56.93247211,917.6658354,14.469298
29.45678408,39.41002199,11.61896789,239.5242406,260.561203,30.40498669
15.64973193,71.55464276,19.18052381,130.3932343,139.2818533,44.54037155
26.90553682,35.59132716,24.16701126,435.0634342,816.9564563,26.10854268
25.78387588,86.26753721,24.61614857,387.5168919,607.2931544,91.58728481
34.37629381,79.60117822,17.76206018,307.9296477,321.8210354,1.180267362
24.68426279,81.4503444,8.871969555,270.0596054,703.8060961,58.70220897
16.27202873,84.40012888,7.384178228,165.1408883,790.0448714,77.1608129
26.03375936,54.51629824,23.92087289,263.7281596,860.0913562,73.21089965
31.82192341,80.8020434,13.67855379,338.5531741,353.9134144,64.37329591
34.93698569,39.48367802,8.896320665,402.0029871,123.0287061,41.03354946
23.60686347,31.29850768,23.67785032,86.75692982,559.034938,91.84772327
21.40597485,77.09348368,7.090485431,368.8091099,870.4707383,32.8946338
33.13306594,34.48779888,19.59142194,384.2284445,287.0392035,75.01341263
18.82484258,89.31148004,17.50526055,301.5374904,479.0129258,92.66509718
27.3085783,70.48778578,6.754693288,146.4436381,330.7786616,12.83836229
23.11428848,75.20698261,11.77497591,292.6330644,112.0263863,94.7081048
15.8216473,44.74823138,7.998613791,276.2171968,908.6716868,77.60327012
21.94576949,70.43192364,17.08997185,264.0695434,221.547904,61.6591663
20.30457045,32.59319624,14.54226063,257.287962,790.0904042,37.33987056
28.72182308,80.2695432,5.085502493,99.87150483,411.9429086,90.42654252
33.97580995,40.17744558,24.51421133,132.3016182,349.913718,4.404293621
20.36094375,71.84148401,11.991693,93.7994398,946.9259979,43.18290554
31.22931878,43.46883007,10.16408786,159.1150225,691.4795381,75.66338976
16.10719634,34.10719017,9.448859116,168.5645522,718.2303957,81.11404425
25.7624202,58.88962071,8.176317923,160.2841377,783.6876266,20.22784973
16.41100127,40.15717262,24.98274152,144.9180807,406.8400024,4.760465202
33.68065982,73.7666393,10.90218936,380.9399205,607.2980326,80.28511553
30.32702561,44.2539506,13.11026994,418.3544298,343.2010096,42.18922677
28.15899822,50.54835337,22.42711832,197.1991475,851.0873639,14.35237301
31.47792763,64.04635508,17.83775007,187.3080013,639.3766414,8.556834811
27.95039591,47.09809665,12.37388823,429.8145574,319.0661434,64.06395705
34.37888794,52.67928697,22.96656872,330.7657557,909.7825657,58.28178656
29.27915896,78.93730626,19.99448404,182.0472462,622.7560004,85.39903767
33.49317219,40.75259097,9.558010151,371.1255317,545.5274529,3.156701227
25.34263784,34.93209537,17.87477989,205.0667646,131.0388278,86.84272332
17.34128826,49.70146711,23.44796997,313.9500265,918.8218046,88.72431094
25.56355443,55.46260602,14.92921757,496.6853135,957.0465244,44.62996775
17.53745656,62.55955693,19.67224806,185.7174688,606.3387651,7.666644782
26.84986958,52.34542177,24.42207488,468.7367003,498.2620183,94.67432046
24.64986121,77.39470201,18.80828282,194.2935864,423.6085594,7.202990533
27.45150796,32.35916926,7.048773795,293.129017,341.2431843,59.06753104
15.20093962,55.90605229,9.891191019,256.9927053,617.076404,49.31565027
18.89680983,52.93535488,16.90192875,402.4218031,215.2855477,83.50864563
24.82660864,68.85470945,10.51111631,77.49171477,927.2562474,50.26068527
34.01007123,87.97657511,24.15083411,332.2050368,258.3628643,46.91202817
22.67218081,60.6225244,13.10704068,392.300125,770.9619361,88.06501464
23.48744052,89.21261082,14.14460811,262.4651831,376.1989951,96.40100828
29.29392178,48.13496369,19.03204187,97.38167294,303.4639699,54.92701084
27.07585515,31.85208795,15.48499463,160.1622561,602.0822614,45.47239308
20.978523,39.93979005,12.64291934,355.8525665,788.612483,83.10951432
23.21632791,53.70749309,6.532757503,452.9468235,754.063002,83.10934614
19.35399598,48.98003455,16.92891179,239.7238732,310.3807158,31.93817161
34.32042918,35.82324786,22.35160062,302.1854158,397.4521152,57.62236554
17.61268763,55.95960646,18.71524884,152.7732665,881.9489647,15.41169814
22.43673569,50.2869463,12.6299002,235.4959913,750.9193701,63.55419894
15.51677944,37.35715323,7.554521292,201.5554135,741.4245148,83.39890135
19.43558984,47.76702784,21.32676374,344.9864966,342.0145687,18.75150849
30.60942277,83.18616332,23.83496724,493.1145283,812.8038769,32.30470463
19.02350465,48.12293193,12.76545982,415.9865534,422.5760159,44.89342837
16.60126805,72.83732539,19.57284378,136.4740632,461.2514681,84.50800641
24.4890636,66.72282478,13.2152688,309.955367,358.8049801,73.13700112
15.19938469,55.63086974,15.04533878,79.88527173,209.2512223,31.68703882
16.69532309,44.34153821,21.72952761,161.1119691,478.3542067,24.30335537
31.15251739,52.14088196,6.668486844,127.4979542,115.2455517,69.570471
30.4294669,65.52643281,15.60670698,200.9954919,510.3192155,47.9887465
33.30277641,51.04519288,9.292405493,355.4662861,752.5057943,59.35542245
32.09030872,42.89378601,11.79611891,274.7269926,964.6705295,64.86974593
28.66351126,36.98776493,17.88857649,469.8091669,170.7518301,55.86867335
16.04665715,82.78601627,5.544568247,145.7369779,353.1616338,61.30720299
30.65697236,56.41877855,16.87650198,213.8941158,544.7179465,88.75031525
31.91021622,67.5124993,10.66884479,198.4336596,253.3491538,86.81989275
30.98164292,59.42462167,18.38968722,156.1836317,205.1456699,14.90342733
25.16958071,82.3539911,7.831627038,496.9268461,507.0862949,58.64967146
19.65803677,62.81609115,19.71623208,224.2514954,622.657476,43.93019967
31.90659951,58.84688508,17.9127944,473.2290412,838.1869539,28.55200751
29.54325619,85.47605943,24.42483666,225.7130632,998.0230796,63.11474094
34.61522349,73.18137576,23.22470727,141.8412554,796.843702,51.08835341
18.11385196,36.69299444,10.66605726,103.6428488,299.2064068,77.49040653
19.51329166,40.66226767,5.546331455,435.0034369,773.1802619,9.343098959
19.235963,77.22737178,18.10737122,64.44393822,583.4382619,30.26807494
30.85079535,80.15107927,17.05774778,483.9775648,505.7286181,2.578225883
18.73814593,62.71144975,5.548575375,238.1860453,942.1556445,74.59597536
16.3331966,63.26731367,7.453550584,161.318458,731.8833282,91.2457333
34.97121613,67.91597777,16.69403409,327.8507595,713.5237662,58.73763406
15.49634423,56.34694646,23.23654528,109.8108463,110.5803683,61.69791597
31.7048812,70.81194741,23.13000553,82.4655081,878.5643422,4.642512166
22.30733683,36.50887545,8.029701092,422.5025084,813.9704297,50.37812982
31.8323092,87.67675454,12.69147893,241.1018486,369.0476901,52.68722326
26.09240982,75.00928943,5.864057287,283.2147104,362.9020713,3.897448576
33.03262459,67.87045224,14.38543693,129.513204,148.130614,78.23871397
33.52385973,48.97932342,20.06166919,77.64091004,145.7707814,27.83201374
15.18196363,39.65732925,20.79945423,215.4992597,701.7350621,72.34470068
16.50824352,54.56057783,14.97978933,277.7658136,267.6138516,40.29253469
20.00717459,69.69460443,6.917393494,394.4437798,931.1930649,99.56461374
28.38630833,68.02258461,12.6272795,275.4734001,858.1639852,21.22051462
32.76544393,52.9584693,23.6420392,402.128158,413.996644,5.823559129
24.19883903,66.79718363,9.59225113,101.9447509,442.0616966,97.99054932
27.13946233,78.82489773,11.395089,78.78324742,394.5489048,24.38420181
18.76999706,31.57708634,19.93654351,121.4874339,183.1554219,63.53311871
31.09933668,57.03726288,19.67161578,397.4054571,128.2871419,37.45682198
34.34656223,75.51331371,23.24404576,391.6986039,506.9198425,63.96278568
20.37197866,62.76866823,12.76237381,113.615512,948.736103,59.60585894
24.89651903,69.08856528,15.29197448,63.94489621,925.5243887,70.72738813
16.72232221,61.00058356,14.34784922,358.3768713,828.854867,1.844335598
26.18273313,89.51247268,23.55504342,434.8768025,665.7354347,83.61942172
25.05566884,33.27729219,20.38661178,389.348463,870.600166,47.86658642
17.88872968,59.46268931,21.6288356,141.2595413,563.561666,51.88528017
23.84132426,35.48499295,7.661965377,312.6955538,262.1441197,41.1025191
21.68209304,39.58713373,20.83693386,390.8145743,715.753313,98.93824823
25.43661751,52.98230103,13.65957532,165.122917,928.5814317,80.15713741
26.71308671,39.33240549,5.466773657,287.4743606,117.6445877,31.1393375
15.16991157,87.82122996,6.201767055,191.5071818,326.299647,78.30712748
30.22011966,86.8073866,18.55815879,151.5089378,338.8943721,43.69935273
29.26028584,50.16657877,12.44024882,486.315197,189.1355848,87.00133427
22.32572772,68.38486272,22.36231146,460.6618822,302.9447993,3.084649526
16.05871871,62.02519924,19.68546268,250.5504789,445.5838701,35.54064987
30.0986508,78.93521883,5.433600233,111.5501275,945.8518824,42.9819156
34.10350321,67.64673659,18.73776624,377.5582865,874.2391922,74.42495797
19.80303192,30.01514727,8.847049455,165.0655086,951.4056018,18.23002666
21.47049227,75.79046314,13.45165137,125.8330126,208.5145991,28.62810944
18.67625779,74.81088728,17.49470404,221.688058,125.2436155,72.38802924
26.53872247,60.58336233,22.45435683,288.4324141,198.894848,7.684365921
18.09682789,84.17513839,14.12195777,93.84814842,922.8660714,20.11242948
22.12387887,84.50677234,21.16980908,307.2859129,241.7397747,75.33665623
28.94026028,61.4347006,20.65931326,56.90676864,615.3730359,87.55286509
26.20231966,66.47929387,13.29077026,451.3410773,304.8241329,72.88280508
22.72925129,89.79132432,15.01960327,464.3337602,118.5718824,52.71382851
23.40499204,47.92921409,19.0097002,379.8818481,176.1592079,9.906130119
26.24221765,49.47703454,5.622968693,259.9472339,738.8173207,82.7225743
15.11729456,40.96643416,22.81622828,164.7033218,264.1298068,12.40389972
16.57019737,83.75201635,20.39632319,384.8504408,306.2252849,38.50784531
32.62516136,74.6693034,9.988317628,469.3087409,439.5308507,5.049934435
16.55757978,36.33857093,24.62359906,121.3401672,691.5174041,70.96750949
29.13607192,88.90604107,8.587807052,259.6198952,522.4351537,50.34949644
33.40076328,73.85770249,23.28173347,191.8677362,950.1491944,90.76077334
20.41367209,81.03132658,11.48946917,210.5338051,490.7639717,13.87424956
22.40982874,32.88904735,20.2629342,232.5910016,279.2178282,81.91659504
26.37842812,60.29765514,14.12753186,478.308355,582.5285555,51.0668758
32.63417939,71.9158972,19.72934775,166.3867255,505.8006536,36.60923834
33.83811175,62.57679507,8.115660959,271.7041276,808.4245047,64.35668859
29.79126496,69.99884794,10.39012917,478.1693622,941.6091075,79.041737
16.73239522,79.07244382,6.997156489,264.2256006,852.6657052,44.02852734
28.38308311,52.46022378,22.30287963,438.6197849,450.1357524,23.28056803
23.20607444,80.92012054,10.92585976,76.44414845,294.5045101,91.57891495
24.41401999,39.77496629,18.88952459,478.8636883,923.0400433,31.29977441
15.98296781,46.2531633,21.40442395,134.3890162,447.3456863,99.82364439
18.82124279,32.6007372,23.02836473,490.9707656,793.1859611,76.7324929
30.81027215,51.86560868,7.125942306,129.0095894,990.5746071,68.78191749
24.07917666,52.79457269,22.86029867,249.9646765,619.6984134,1.239972783
21.03324483,78.31623583,8.945055555,188.8765212,531.8924215,44.85313259
22.68038148,69.18784022,19.73804023,244.9541395,729.8837042,50.24610757
32.08799027,56.20335349,19.57698039,162.736133,274.5378827,37.63763962
29.97998035,69.12683872,5.170062835,484.3928356,539.4157649,14.99731005
20.44630794,33.16700103,9.412478166,187.5762428,381.0976814,36.74504443
17.3500368,40.81629216,14.83817029,343.9737104,247.8050836,7.497334119
20.03996443,67.61687131,13.40069413,111.8513703,649.1228941,29.09189197
33.41512902,68.48200915,23.3714696,420.9743682,618.1354769,8.367927562
26.63177676,76.44807952,12.19481739,294.1285746,785.0832398,75.24234538
25.66960417,54.17998554,23.7396743,490.750756,885.6731118,67.11572932
26.92787199,73.3532458,14.18858637,240.5309976,298.3383874,93.99331368
22.32056531,71.03881995,24.28705793,137.9515437,801.7323868,37.9928822
31.14214041,87.8036027,19.7470962,205.7085497,430.6466447,78.6200958
25.46572499,42.90781359,21.58669183,381.6345227,665.9250416,58.76072027
17.33495806,63.10077383,7.097537767,346.5979344,865.2160248,64.61034281
17.5813025,66.10586653,16.72282866,400.2563334,330.5666038,54.74612698
25.73718293,89.9188731,7.854007197,83.06163149,640.8651556,77.91601405
33.73140436,42.07104853,10.95242004,311.1659489,532.2869895,4.199143191
21.16704243,61.3930812,17.47130812,469.4759047,811.5195641,8.048816391
32.39082338,50.77111846,19.52451409,98.55586377,727.517169,9.592376998
30.28191173,61.55357811,5.78367564,92.45086651,792.6686523,28.86907341
19.95624886,43.92771613,15.61887462,372.471964,359.1488166,59.11287895
15.72681497,32.85674271,16.30627973,191.8321051,733.9206647,64.56175495
17.0369453,64.35392723,6.576559942,346.3606447,645.2252868,71.26036702
29.56987868,50.15125895,15.01376068,295.4230309,511.0124104,28.07632239
18.99339476,40.9164841,19.2768456,493.7299963,440.5093213,65.02127439
22.42541841,49.43613396,6.064545698,450.0753876,398.4400277,11.76899928
25.03398332,32.95681209,20.20535553,355.1327517,108.7069252,0.997921006
29.50936337,87.02653405,16.5285301,167.7535817,252.6026962,69.46807876
17.26462447,64.8688749,21.66454417,167.858673,153.080391,71.56122085
23.12732811,78.88612088,9.361251457,447.0097103,863.5217884,62.21427079
24.70145818,55.38709185,21.66547368,313.4034794,874.0799834,25.88699491
25.81654128,84.19888005,6.891219505,405.1768019,861.574003,92.74684606
31.36721283,58.99909329,13.07659393,252.4388929,836.1277879,87.56755831
18.4335639,64.43671933,8.98969583,96.38313649,299.1974082,51.55405606
31.15662904,59.5076388,22.52041665,199.7089062,542.6075571,98.9139751
28.85756855,73.99669775,19.09839633,122.5171374,917.0593948,29.86195566
26.11741628,63.99936466,5.507235543,401.8247674,783.8036146,49.11342847
28.99055741,46.29593541,5.190467112,365.2303953,101.6382574,92.79217719
23.24035478,38.73237188,10.82498509,89.78581507,513.4839188,46.21221326
17.76795172,66.36746333,7.865662286,329.6234294,109.6031793,47.10082277
28.31530481,59.35079769,17.60608955,443.3609781,352.5949423,7.939260133
25.49344613,35.7585418,18.27593868,363.8139329,492.1861971,21.13463995
27.78749601,53.73704795,23.83901807,280.0003608,903.6093634,15.7865226
21.75997562,60.88658532,24.04079849,190.3384782,688.9458557,56.52658704
33.13733155,79.61359403,18.17793411,449.1935373,426.2361089,31.8491571
26.74739737,34.56606335,5.113502257,240.262197,541.5894122,7.70304592
16.70804969,50.90972089,12.17995833,434.9271111,835.6505397,50.99723923
23.99607981,79.35936736,15.26283026,402.3499272,369.6900392,66.92171616
30.12712109,68.90543591,14.98359513,417.3021344,653.5312979,73.65267373
30.88269123,47.39749931,17.06681259,495.4088841,336.0221955,83.75179074
24.89194106,80.72010732,24.21102966,386.9413321,531.9670935,48.19563948
32.89495142,59.59761483,22.70385384,65.31842107,122.1926532,39.06118575
20.35336874,59.90111348,7.178160669,142.4452707,867.0477875,68.41217863
23.21197394,88.59524035,10.31960783,65.83781765,143.5139484,1.336475267
32.97193821,86.82699019,21.66218835,135.4611065,301.9244499,63.35265864
32.92513433,51.511961,21.48613818,77.64777981,400.1606911,40.56819241
28.71425538,38.43474772,10.50741448,275.7276685,662.6450051,45.28752863
32.17961094,49.54000394,19.61176061,62.69279591,748.030119,29.62695334
16.77546534,31.82899562,18.44074757,262.6605948,172.4059381,12.72755176
32.29989952,31.2460732,14.4704793,454.4784082,139.1189373,40.14246642
21.41239813,53.73132818,9.029099054,386.8592057,819.090898,30.82023302
18.56663025,86.46118936,22.77286362,474.7801656,740.9498805,96.01183729
19.78739673,82.28144047,18.55702369,151.9910482,848.3953188,94.35394317
23.35937016,60.68657004,8.379858498,288.9886174,708.8844387,64.39172651
20.02384009,63.91358287,19.0960469,193.3607539,775.9110433,90.37013104
21.41135172,30.3560098,19.82867439,272.2189081,441.1345447,75.12747778
17.69956972,42.93006935,22.7376057,300.6841233,631.1658884,34.58914891
20.92353531,31.48644762,9.456785105,66.28375871,824.8531086,60.39006673
26.44567629,75.27237196,24.77508211,154.9652608,254.905781,22.03235736
23.83707416,38.73874776,8.067868451,367.1477507,480.5406647,68.72082509
21.93437522,82.14282615,17.01377784,397.817611,766.4407916,4.48075719
29.92904258,68.59945882,18.14353011,306.2531154,579.3729146,83.13417487
32.87019943,43.76512059,13.37905791,171.8730626,713.4917076,58.32298243
30.13578446,39.46321902,14.50075418,232.2878525,363.5822763,5.843834672
21.64001404,67.65748206,22.81820193,93.21656535,129.1082062,87.17611653
29.88884336,84.05021882,17.90548459,478.9308276,126.2312018,87.77014109
18.03960365,73.10161313,14.94001916,440.904862,948.5030589,85.2815838
17.60635976,50.9127991,7.566991249,79.52105611,950.0860396,77.43019768
21.91254074,65.24301572,5.146752504,124.9207995,290.154106,67.79254153
31.15404738,48.64570172,7.499372363,311.4924985,232.7190922,39.69091219
19.92696494,89.94897401,24.12369135,154.5935334,116.3258505,13.63391673
16.26506818,74.93035131,20.28173566,470.4803141,308.1311707,28.8775275
17.6341907,66.86289839,24.34232655,390.0157614,400.916297,34.70771384
32.17489937,55.39554857,5.714174194,172.9811808,317.1183703,35.80764674
27.67566569,67.08913742,18.60440808,52.74563504,817.6457263,56.54896151
20.06402327,50.49696375,5.885870528,409.751326,774.4874493,20.83828081
26.10591651,31.73189037,20.64112938,240.8403693,172.9127302,18.96611291
25.55159245,53.70531134,12.61900345,339.0699703,727.5894473,71.69627019
28.10871957,85.82884917,6.915307202,179.1386714,568.5266079,0.750055043
19.66375109,67.57806569,16.36093284,114.2929667,218.9494957,14.95194354
32.28805974,35.03734218,10.60240393,353.8902163,765.5818874,43.49580823
21.18737124,83.0996168,18.19147884,252.6460647,177.4410087,14.90831661
28.88263308,46.13249096,18.16349519,155.8263655,259.4355992,95.98125513
15.32249293,44.62616958,19.10014948,111.9325998,234.3038334,67.01039515
22.4531426,47.82545813,24.84930158,311.2158175,945.1300637,43.27695115
22.03419636,64.63213417,12.7339542,376.4974731,728.3404029,11.22553479
25.86968857,62.68128561,14.30630949,177.749133,470.1573362,38.51862902
16.45472524,59.48482528,21.09223402,380.8141409,839.9837358,65.06016687
30.80262747,73.05221181,16.56740046,132.4049894,294.3634686,96.88142034
19.35561604,48.99226388,5.745144214,202.287061,937.9839511,47.26873636
28.5407563,76.92387129,21.86157041,385.1970291,727.2975888,69.24122461
31.06424246,40.5193007,6.029973639,347.0645838,603.6225769,19.53589973
26.23753912,76.95724734,8.41640273,171.7356321,815.1836038,62.36333707
29.81766413,69.82860632,7.041599339,104.9607507,680.3028833,23.90548999
28.23720624,70.99249857,6.558542658,69.11304123,898.3983475,19.81340521
22.11059594,58.89320383,5.513697506,427.061831,846.2373941,50.92205617
31.17717078,70.02009196,6.100554279,83.81387731,278.0474545,21.16642974
20.8940274,34.78782279,13.84878378,101.6803185,315.6974205,72.13275272
26.42425836,81.09306702,10.0570454,156.9697836,158.5876724,93.7336591
29.90795478,33.33283401,7.530737668,250.5513669,298.1790255,39.36021024
22.5791182,38.92449059,18.17411085,405.4041861,409.1399784,32.24614034
21.05535215,64.60738251,9.522238213,161.3661467,125.9446197,17.58848936
24.1869202,74.36468733,5.378983107,294.5787118,383.4662916,39.03964276
31.35926989,34.57509386,13.36839568,90.66763492,794.3912575,55.96340905
33.59843526,85.24588885,11.20865984,259.0299523,856.2948382,37.2969413
25.90166826,88.41645893,11.37208863,129.937547,107.985961,62.30762185
28.22932411,66.35701038,13.90540056,145.0362015,106.4323344,66.2423415
33.06547244,58.87460732,18.37827854,215.0727953,231.6763974,9.782956201
16.97093703,74.48369834,17.3295824,392.6064644,885.3193547,69.7782706
19.64157156,49.70144114,23.7452322,384.7938935,522.350246,90.03175309
29.17800013,59.59586605,15.35433333,236.7378394,984.6118686,2.625214861
31.47488924,84.96906161,14.45139819,103.4020194,898.5983192,55.13522106
32.14058057,87.33932551,9.268288704,176.311229,901.1153021,60.38743738
23.30214354,85.62414696,20.10762578,277.4100994,215.6287887,70.98153351
16.78679805,45.74688402,7.815515524,441.2353004,527.7064143,38.57686638
23.75562955,43.94814241,14.8226578,485.7145767,994.2315376,81.87103169
19.6146918,47.85987036,13.42644397,336.8619208,234.1398072,53.98964662
20.8239291,56.47866674,18.16601757,207.8089207,616.8101083,40.89366016
30.44535114,48.85004477,23.3524294,362.0540542,409.8519928,71.92566957
16.51054172,52.45276774,23.93191183,201.3035611,449.072326,92.73755316
31.55162435,67.23821713,8.355985343,331.463054,901.7132536,81.20016438
23.55338172,75.75154063,10.23634437,159.6949573,629.1123123,93.0664778
26.92127862,74.1334919,21.2327064,170.1449156,782.8987504,26.5934762
16.79304462,78.86541402,15.36559525,83.85151507,705.9109577,11.85129709
21.74718157,31.93106419,14.06069137,239.0635185,576.1141215,53.43495502
16.79401838,32.86402738,19.21250905,328.178534,812.5400789,4.443042484
34.23087446,77.36297764,17.03849905,404.9577247,973.6596153,67.45897689
31.14523299,61.98472934,24.41428109,414.6568452,970.1375986,24.00015233
24.19265509,64.68844043,16.67949305,496.6000023,810.5068009,45.43500884
19.47205097,33.15521161,14.31947653,89.49007663,538.5967802,65.55618405
33.6691021,45.31882807,15.85634724,271.9115458,246.8430633,48.30953034
21.89193191,68.30125829,21.17079633,284.6185589,140.0234581,23.60620606
18.21968863,81.55091341,17.25350114,412.0400419,308.3004715,88.037052
26.26328777,85.01900383,17.94096183,169.861332,406.2321996,76.4535321
33.87548241,60.02516975,24.4287776,81.21754397,216.8646543,60.10724936
15.07660581,62.72845396,17.36790969,191.1914646,302.2887967,69.85402636
19.76249687,79.98297786,12.60570497,492.7675231,175.1909181,41.53258976
33.76895281,62.25747604,18.82652054,454.748539,571.3092749,37.58920964
18.42171934,61.01151153,18.18918794,227.8611324,213.6863721,16.01115757
17.26486903,84.30504227,5.27695271,444.3223994,768.4917669,80.35914874
26.40374432,77.39596326,14.34658594,64.73951785,399.3848003,38.10442452
32.23687647,84.54435158,19.85807206,191.3918349,704.8564428,69.23239745
24.54219635,43.09482329,14.98082915,377.0653316,894.2674916,29.99419913
34.89128513,61.4625292,20.59242272,149.653513,177.4148883,79.59892601
28.58343399,80.54832772,14.01767393,139.2759282,990.1007087,10.52434113
16.48149814,36.66886965,24.66643195,437.8133957,680.7190081,62.50141993
34.85664263,77.67972926,10.85783178,327.1792825,148.0293419,80.75947114
23.15788474,40.978403,6.842452163,495.0602232,382.6020087,66.0250246
20.74805068,78.4871253,13.60023602,110.6013543,897.620634,69.61158067
26.15758367,66.72005625,15.8341805,210.2577833,636.6102439,52.59889554
21.08615184,41.59415949,11.98187463,190.0460173,358.5001305,55.90319971
16.72915014,58.40125076,9.845623202,446.059507,946.445126,6.589343887
15.02856686,70.91430999,18.44117383,164.883434,808.5273134,25.0803147
23.99166706,68.03117405,12.542502,209.057449,761.9846465,72.19287467
31.73726844,55.63483177,17.62737058,114.2752441,899.584408,94.54214221
26.44630371,83.96199174,20.58142897,398.9304422,792.8019502,54.17809576
34.98414598,61.15580487,20.22005256,156.9664778,358.0645179,72.55913323
20.73693291,60.35203791,12.50618621,80.7441225,625.497468,68.35798706
20.6091013,33.7350354,16.35796458,245.7989297,858.057551,99.93843211
18.1949892,85.32722339,13.99316449,226.1561558,262.7632961,79.5004439
18.28127177,40.62699412,22.41610505,129.9241419,246.7209516,62.76473338
20.70373192,61.70068161,22.5751696,110.118902,243.0786228,11.51593157
30.85680091,78.21405608,11.87483166,453.450746,274.8297472,36.2662006
33.11513581,42.92719662,6.834748958,80.53001895,192.9077341,25.06989555
34.50174339,61.6423974,8.351649666,94.68993051,853.866118,85.36756332
19.64579308,44.44109455,12.34003484,160.2712765,836.4863984,44.61730139
32.62595091,75.58169987,16.2849991,478.7776353,236.2320927,53.5299667
21.56510179,63.86047007,18.13574022,88.42291228,734.983459,96.48232997
17.25681089,81.35855162,11.62742093,417.206672,664.2780033,83.66838017
32.40049851,83.67348017,18.34998239,451.423469,348.5748391,78.98202602
27.72211269,68.92400895,23.75479967,220.0404837,304.6315903,14.22196544
18.29461792,73.52347477,18.04028254,182.2524799,325.5272697,2.276842234
23.59662515,62.95320599,8.171304589,354.8199777,757.5675473,12.55483559
20.7451539,53.06572398,16.59337826,366.1855703,387.3853597,74.02833306
29.73589137,68.88707538,15.83791034,400.9897233,350.1633499,41.07177978
24.06832461,84.49731741,22.41400222,423.7550516,120.2329899,11.74695864
34.7855989,55.00082283,12.0060611,170.7779552,917.4128444,73.90195036
16.09489965,48.86460158,13.4589122,359.1327208,777.43373,19.45840328
22.10030532,53.30621631,16.97318111,110.7075759,525.5053082,58.90433097
24.63800334,56.12385781,15.48850623,279.8290992,948.6342283,74.15428208
25.06267109,34.41366174,19.38033185,325.7991124,364.1789906,60.80606248
21.31871645,59.90651043,5.807779818,122.7793715,707.2345389,99.36365408
29.58480498,59.65885488,16.27032038,84.42794287,374.6353399,43.41627206
32.49494147,65.30662966,7.43343786,137.6358288,383.115183,31.18050876
33.77438604,51.76920183,11.30417985,239.2649365,860.23825,20.11966801
31.10186754,66.78645576,18.23253723,449.52844,808.3197581,50.37796312
32.01160395,82.69297862,8.148284012,289.361491,364.6966876,85.24799403
26.01090601,87.32825943,11.17683671,386.8218013,173.2505641,94.69151899
31.51776453,65.01673297,19.06012966,128.3650377,421.8257256,97.20548729
21.07007818,32.55545724,18.01610485,97.69018912,784.0517819,53.13783385
22.96957524,88.15415984,6.820793384,157.8278109,190.4899251,60.52603455
21.33826028,72.35172365,16.54536987,191.2461858,704.8907783,58.15397647
24.34774671,50.15781891,7.945089238,296.6459085,900.7869339,46.59723954
20.71159232,38.82946206,10.04542757,446.5594942,261.30444,15.22398143
34.23222885,38.60511673,14.18422557,241.7416775,875.9838919,6.545868677
21.25689256,40.06466437,7.186936466,283.4591845,146.2274942,43.66378957
16.96089076,32.7343513,24.87293936,52.07609119,700.1922323,18.61676953
25.53634332,84.12925132,8.307391221,64.9904283,811.9350283,88.66517451
16.14198157,62.44609397,20.62625257,87.69613997,500.2895059,76.16999449
17.21086333,71.99756476,21.5967769,364.5473385,283.3558253,61.8406704
19.38778778,79.68651056,24.8892794,268.7861159,932.256549,4.741197509
24.287005,77.49246038,13.57306436,136.8325393,117.9719817,62.22454142
23.66501865,82.95633742,22.4818904,316.6697474,599.5641063,62.10691987
30.99383724,88.03527735,24.15078878,295.0754683,435.5644678,43.92112577
29.78949308,56.34423688,8.457882898,89.95968581,514.9514759,65.77529909
23.52636588,87.020128,14.58872178,338.1857477,582.9085507,85.7914531
21.67408415,73.3973969,6.200216377,395.2196927,581.27376,75.79868539
21.32937568,34.24009142,17.41448024,178.9494835,283.2612974,47.34342029
30.47990175,70.90698727,16.62812314,359.3699879,711.7320906,26.22844983
16.04144812,71.20299958,9.082525693,139.8737827,117.2334621,47.78372965
15.25643299,84.35163383,20.95805518,390.5279662,119.0656848,94.5970836
30.91088784,52.37592795,5.745374455,460.2983761,530.6386072,81.9986559
24.54292752,65.09469002,21.12454648,248.8402057,587.7125922,2.703968975
17.61762277,30.73125306,5.532905823,160.0799352,347.4005335,78.2963251
19.71131869,49.92451453,18.13657624,229.629516,596.5079803,17.05576379
33.65007906,33.73462357,6.575390278,162.5348627,564.4983097,57.1111333
32.19005951,61.31237837,10.02451039,50.55771909,414.2984993,80.65175378
29.195701,79.04685903,19.43826699,342.7054753,686.5971729,56.1288423
24.64450461,42.38656153,10.60809599,69.13698888,962.1434949,40.3860726
25.40647252,61.64646273,15.22347697,144.6758331,541.722425,32.12676368
34.50489071,42.24051819,23.30496539,375.1023003,807.4456833,30.51002406
34.31540888,37.24130807,5.992687081,349.5762563,322.8369072,83.74275044
19.30538092,60.65980752,21.22159587,82.99801042,785.7555342,82.5050898
31.22209133,34.74891726,6.305439971,347.0246335,684.0153591,82.33766483
18.94485332,65.24127787,7.535896887,468.7587003,675.7280019,28.27290124
19.27074956,31.88024764,7.386382078,83.52611106,903.7318064,79.89177712
28.52186068,36.40289831,24.88204566,237.0597025,310.0152295,3.663484158
23.10002197,62.99984913,8.603726387,378.2452506,431.6051054,20.6456262
33.63088814,65.48444477,22.93523693,350.4753514,174.7607113,51.45029893
16.7801947,31.73921581,24.81864326,151.9297441,753.5079791,40.67461626
25.23051282,64.40260728,12.67569541,123.3802749,859.4805568,11.18882568
33.37043061,80.31015152,17.62097087,402.9111518,465.2501533,4.172045986
33.08227321,73.33897064,20.58182508,480.3100949,421.1441366,61.11711362
18.13058427,37.87110624,12.85290164,395.4125604,692.7866703,31.34812838
22.332754,65.54847885,8.23628281,483.442017,168.0314147,1.596173026
27.382428,70.33515,13.67525488,322.2479409,364.4577065,43.08946303
18.1878977,32.23387211,20.4377529,468.0944873,429.5915187,30.67671161
34.36044344,81.32086012,20.61525525,360.6960625,566.7312556,57.66073499
33.29498657,84.37604384,9.610775843,458.9981376,528.9122975,92.98139601
18.33900358,81.0271364,8.499312798,122.7150356,287.8123805,30.78663361
17.42310923,79.47788808,23.41121404,417.0043471,586.7090865,99.71365183
16.70816966,74.69791191,5.879980611,138.5356104,933.2818218,8.604484732
33.18887328,68.00592188,19.69476952,62.34309588,124.3791013,8.82781634
18.8724762,70.7176203,5.928427709,282.9137603,712.2759152,71.2959936
23.32569857,78.3837176,21.75800102,193.2133013,662.2381245,74.86318102
23.97702731,69.7499075,23.10829627,69.5891128,931.9842592,42.28711953
26.98022088,49.6636174,10.94838248,491.1369704,680.8104464,28.60475966
16.43470687,52.55766613,6.47871287,349.909743,662.3584412,79.40020724
19.53517235,83.8234481,14.61369073,455.8154779,792.8250941,95.62389447
33.62980774,31.02732515,10.96926073,499.5871636,341.0253539,98.99018933
33.16820215,71.92923487,13.34272286,226.3850315,636.1590362,63.44540802
30.62581295,87.28665315,18.29970907,164.6316629,567.4789984,74.0114732
15.38802491,72.3736902,9.196520719,132.7479767,494.625256,82.2246595
21.54013537,89.63471929,12.13903139,281.8341985,171.5384506,79.88698178
27.55917471,71.25269433,20.65124981,322.7363499,363.3659722,99.33923028
20.50380424,32.06178175,17.875239,262.5902312,351.9835426,81.04318522
33.1917339,79.6205929,11.52550982,224.2634067,751.8258614,66.25724293
27.67778924,47.07779472,18.28603201,125.7226536,928.5905217,37.62159397
16.43813435,56.76343354,20.30625846,248.8368307,307.7085006,59.79866065
33.18011178,48.72551495,16.84971162,88.35941169,167.161545,88.03594505
34.15533316,46.11324637,9.78993665,439.2714915,999.9612589,30.54800629
16.55424837,55.88434222,5.00490581,71.10619344,722.0847971,3.065255497
25.6472047,52.72508691,21.05698214,221.2907278,897.8237623,32.71822078
21.06728564,68.00031491,21.45267111,95.06204107,229.4914743,96.0230059
22.85678153,78.78907206,18.95209003,398.7412248,820.691237,79.40675712
18.59302436,47.82531919,6.531618627,190.7316405,831.9913714,18.71398807
26.56144204,42.82326917,16.70444575,100.8975257,236.3400334,1.200097591
34.15958706,70.01371625,21.42041343,289.1710845,245.2637621,66.91194149
25.06145201,70.21920395,12.7933664,462.3246533,365.9060945,57.90087238
16.65829163,84.06787436,8.960014684,458.890192,295.1087029,8.298198093
27.40002667,30.95674119,16.75254594,162.3429685,977.8689173,96.59964264
21.80445989,81.18243973,21.52613255,373.8468542,426.6494503,61.77932041
32.11850379,61.26013038,5.977399174,63.62788678,785.1757706,65.15209809
23.69356297,67.27812535,16.93902434,109.3333084,824.5457231,85.35977949
18.85679218,35.48228643,17.86347591,274.7625666,447.3467984,33.70632686
18.82211245,55.95689597,17.04734079,152.9403955,714.3269989,55.82529849
30.37528361,43.63814443,18.00067368,409.2178343,197.0201268,57.61883271
20.31175197,45.2535018,17.62750615,468.9824774,457.2658463,96.73555573
30.34466788,60.24570688,7.6080777,51.94999242,970.5795941,13.14864995
19.11774622,78.74735702,9.698735539,154.8121233,251.6775885,75.8913072
21.43372737,74.62685581,17.37988011,247.7990057,447.1401742,57.51512085
24.30973945,65.45999755,5.353863223,303.3856798,811.4693589,84.5379032
33.86391699,62.36509157,17.69489037,462.1562499,698.8809294,83.19517295
33.6346285,55.63836259,18.30773248,451.3475707,668.3667414,1.203030164
19.13743751,88.36259841,9.783495197,336.7265448,867.9317134,25.64546738
22.16438082,63.61155325,16.9626566,165.8246063,126.1844587,18.08173429
17.98798777,45.2379839,15.68180121,402.4795144,794.0479314,46.17106478
25.19970159,43.80544752,10.21383096,141.1932971,894.2941353,90.5287462
24.21165101,66.68118185,14.25948024,484.3275458,114.5570297,0.500605668
33.01520325,61.36965164,23.19249059,52.62796208,603.066656,48.81919758
33.60010756,30.46186818,13.53205561,306.3967268,413.7296367,88.47934352
22.67134782,79.80392233,17.59688354,89.77876111,145.6864379,92.6212436
24.83475886,72.24734125,5.707016421,233.4197886,475.9733074,65.72986033
32.92472498,69.70975738,6.556002266,335.7200931,679.6271271,82.97522976
31.13415615,34.12683946,6.626161466,360.319323,927.1122684,32.40681942
15.07312623,51.72335101,20.56481527,403.5062614,658.4774378,28.59594699
21.40119128,86.12293564,12.0051379,316.9974662,871.0687734,4.911964712
23.43548484,81.75535448,9.552233767,163.0937081,209.414356,50.32026231
19.59432567,47.13257627,19.94649137,450.1639593,289.4690508,45.58320125
18.99143232,39.42353305,8.399201251,414.9983359,973.2635778,37.19154907
15.75569013,56.94527743,9.929850501,122.023543,898.6606212,11.33340992
27.8673945,51.34982272,13.61862887,421.9300329,311.7042577,23.07631588
20.25020581,70.9335826,11.62876138,487.6900322,658.8764936,20.36756158
16.04694357,87.98608861,16.70784422,336.7486026,426.3694827,94.39684022
19.61958621,51.780087,11.75681238,176.8123504,521.7386579,96.64603373
31.03827906,33.73345036,12.85903272,322.9672241,874.7903342,0.342160486
32.02978363,83.8568405,22.25773216,204.1407811,762.1413491,17.05479009
24.6613249,32.27698381,22.69062879,354.1759118,314.5983055,88.87808002
23.32141341,87.16595383,21.55422382,295.1599818,384.3937672,3.834008467
34.55707387,69.87476568,22.29661865,468.2707754,360.7394138,94.34515126
19.01129319,86.50135251,16.39457339,328.0588444,802.5965005,38.00646544
19.30718566,41.9795812,17.9246643,146.2917577,541.079579,53.86857626
20.83734354,32.44198772,16.14346333,376.299443,955.6518763,76.38196212
18.45514637,59.2925987,20.71176168,185.395243,835.0184595,24.3905091
22.58731196,57.03740487,16.02000972,172.5759288,290.0749878,10.06740078
33.21668454,49.8895364,7.221539291,226.2994815,807.3485158,80.99481998
27.30695681,87.45938846,21.19160241,55.39850558,555.4714125,98.46264128
23.23893097,79.35502393,20.21170341,486.1132971,328.3391136,65.87780189
33.68821589,69.69492128,21.40601191,289.5490001,426.9985685,82.52243105
15.96928465,39.7714975,8.808589268,398.0722522,974.9135051,94.13123925
19.20552356,74.05940449,10.43234105,166.0335001,535.5652983,22.85797815
26.3177721,73.62074728,10.91503395,385.9781592,747.6452646,35.04059541
27.31105246,55.50409042,15.16161072,305.226726,529.3767656,21.90260736
15.79115013,85.48715458,7.677541683,240.8648782,434.4015465,6.178377198
23.06077516,40.01867293,12.70763507,486.8011518,816.7780164,73.22757973
27.9830793,46.04025374,8.643163222,272.2296714,863.4919166,14.56576036
28.96141093,33.79346036,10.29525426,345.8563619,164.7002491,9.270939691
27.76279805,77.72705749,19.12775269,56.90398617,351.0798302,35.76348706
21.41126449,67.30556317,22.09622313,185.6548429,557.0839429,6.055611421
16.87040247,48.89641834,5.458117332,449.9112048,384.8479727,17.95583173
23.54224893,39.82881982,16.31793927,391.5315775,805.2247045,6.994120754
17.57508875,32.4088662,5.721195241,291.5393163,203.2600247,87.72778068
33.95247317,40.00473412,6.7049849,455.0718682,818.0184577,77.973439
24.50341732,57.19707878,19.10168069,268.7992309,656.0977755,85.95148077
21.34518349,44.83061814,19.71216213,304.9281789,360.4309467,86.83310755
30.32608142,45.53893065,21.27961346,221.9687812,410.0092196,94.45090557
24.95897185,82.534582,14.48483024,329.0180165,264.6092396,18.66545656
21.20068048,60.90826041,22.19614964,193.5506889,327.3160603,90.00090641
31.23935485,73.75511839,8.336765833,223.4714799,745.5419821,52.50389022
32.34304302,32.14265694,9.994328273,484.8468184,438.2957265,16.6231025
28.46016333,51.90980134,7.690042952,100.0889059,718.7357248,65.57733768
15.93928845,58.75016084,20.95074521,97.36490536,562.696787,32.70005222
26.3264576,41.18501131,9.573502368,69.49220875,230.7679747,4.646947742
30.26589824,37.21149249,8.110224855,194.0200339,549.163583,7.864798545
17.73006024,82.21822671,17.46221375,229.2031591,780.8228613,42.37159839
19.57341503,86.36589763,6.541640527,92.53203983,367.9079543,82.6483548
32.6499021,34.72840188,5.898005544,297.1089479,683.2734982,31.1027769
15.40243444,50.94112275,7.134352971,312.4856881,279.1293891,76.61258632
30.05454276,87.49713769,5.00481768,387.9620121,222.1290621,5.574396285
24.47546585,34.98970399,18.93980308,489.1856525,424.2035176,39.37325013
23.93544318,68.61848237,16.24470643,328.7085113,450.2832343,12.74402535
15.14193065,88.33328226,9.197502181,100.242863,784.9086673,86.35483353
31.38796462,88.69342011,9.66009896,89.83590946,514.0708761,96.79382068
22.19649801,58.27339985,21.21937197,399.8960886,173.1114058,32.56157115
25.81531263,39.76494647,15.03640232,342.6503578,670.5995485,98.88626608
28.54601373,42.1250589,18.97056714,122.8614776,522.3279339,75.23075602
29.05259153,83.37608371,14.05510903,164.0119877,398.4788805,0.123389943
34.11960118,84.70098026,9.75436052,387.6081743,821.9969277,48.52717758
25.62679906,66.47277863,24.40805601,304.7701018,238.9463112,83.41006371
22.99439102,75.97058397,16.31295127,313.2500281,921.8911096,53.38753812
34.07407253,74.39587509,7.619638075,144.5039021,400.6553413,54.99607754
27.8422047,69.70929588,13.12180084,333.0760917,514.8473004,44.7699623
20.96300713,79.63661729,11.58674824,396.7828679,936.309696,39.50388695
17.52928491,71.12439738,9.281749372,448.3635015,785.1158486,2.739675784
31.85109003,62.04013834,23.66879978,381.5227962,166.8721904,62.17330612
22.24363206,44.21738176,22.61839991,309.369043,620.4671729,76.67263365
28.20939443,74.63328865,8.98294233,352.9666883,379.3265845,79.01778431
24.41632839,58.40627207,12.04295778,268.3001581,557.6394249,62.46361398
18.9785956,47.68750104,20.24630783,152.1042094,768.6721375,34.12772496
27.03373217,78.11677654,9.170120963,446.9931377,546.5556225,2.260966848
16.21366138,71.80281602,16.83129725,289.6801849,163.9196893,89.57795473
23.2668492,86.24037379,18.99587884,317.44324,576.9824667,42.90462184
25.93229879,39.9264984,18.07944651,495.5490112,121.7166999,60.11754487
23.72093948,68.95135708,19.12817281,493.2570552,413.5684216,19.45560752
29.97344351,44.65436809,19.13399178,313.8399432,530.2274706,14.19557179
31.55849909,84.21497912,24.2961184,65.28076791,680.206207,8.681771281
30.42486148,35.96996486,11.92997779,228.2663921,555.5861089,79.87652052
15.77625896,69.36970839,22.57180849,471.781976,236.7521295,64.64607133
18.88257541,77.46514329,5.43614125,179.7379666,938.9958076,62.11592589
25.73215019,51.29507042,10.76405927,499.6709083,685.2697055,91.93977477
33.69644081,87.24828476,5.97311564,87.94288709,385.2710066,15.87122392
31.6991355,81.04384108,18.0240792,305.6513815,969.3457256,17.02693518
31.85069017,47.67709798,7.015807415,281.9522121,894.3198482,18.94691495
21.06416388,30.45246556,21.91413727,164.908811,229.1410798,42.33694303
23.58895794,47.79943057,17.93183368,476.8732088,689.8861856,87.4221735
24.41411895,46.87862823,5.576308021,328.6270445,604.0625069,88.14741261
18.14743167,83.39787645,19.29554731,153.6027276,273.5280306,59.05877365
15.6213626,88.0272707,22.24069895,222.821689,310.1276264,65.81428979
33.93805799,34.22639916,18.22242015,374.5532421,607.3963962,89.77623436
19.81425171,58.27768971,5.610484319,183.9635207,389.1594559,62.42189555
19.79897807,62.89991991,22.15839097,445.8227909,851.348288,22.97996778
16.66758108,35.57469968,19.64927826,124.5532541,187.9653118,70.49140683
33.57015504,52.64986255,12.56902625,169.0272904,922.6276959,76.98907741
26.5947423,49.02494504,11.57260517,115.204376,856.4972942,63.53446232
28.34073714,62.16338126,14.59640363,96.88047744,764.7611348,27.35694634
33.23153775,69.67145398,22.34203502,185.1419406,336.3105258,39.99178496
21.91240338,72.20910663,10.04118704,499.6304359,743.4620704,47.05924076
27.43014622,38.20530142,7.019276225,92.44823597,494.8928017,14.52984182
15.77598909,78.77686212,22.29272746,145.8509863,670.3821075,45.22232545
18.73545056,70.71252179,5.525796978,172.2275596,381.2989755,16.11974233
31.6249161,83.344495,23.21994044,328.608358,852.2720684,49.94517441
30.33536713,56.96016357,11.11490389,385.4055634,136.5184894,5.081075855
22.01285383,83.63338576,15.16445403,388.3701537,722.313772,94.8531492
22.53621256,81.94644734,7.645910495,53.88619187,845.7681163,24.63448643
25.67108867,56.30455994,23.04509939,343.3327065,681.7853036,46.70143099
15.00482009,52.86859892,19.99672447,333.8315957,272.7926039,3.275217653
19.82488672,85.9687209,23.48311173,282.9446069,356.4827018,19.27215222
19.16463617,72.90988407,18.66458102,220.6438526,563.4147651,69.32449918
20.00965893,85.69472079,8.693875535,408.8498889,396.5041623,11.18006031
31.11811685,77.81848673,11.16534006,204.7463579,104.4247795,62.8149161
20.59347713,66.55784636,14.7369715,153.5055224,136.6103012,0.206889143
18.83042644,36.95116662,17.14516411,189.5428286,790.9915879,46.50093258
25.08526922,47.48884035,23.52918875,247.8415627,175.3364635,72.13436407
32.31290073,88.13054443,12.67902932,146.3258246,935.2196701,92.62928629
19.82699408,49.16532592,19.06144044,323.4070608,498.4628013,49.28361761
16.57072486,35.59529219,24.22017698,447.8941411,782.3679745,84.05324697
22.12809472,72.45320136,8.047481268,317.9570559,212.9541365,80.25913547
29.95303649,74.04025527,22.25419178,251.0007384,933.8566781,29.57707771
26.01381089,47.12746322,13.41412141,408.5909448,130.4279469,87.47336239
31.33586739,47.86031876,19.64843552,386.6173803,137.9234447,64.02829798
34.19184295,58.13357913,10.87076677,215.1761547,149.1272022,10.41846481
30.85324954,31.30733699,11.67968437,321.8690618,193.0673449,93.91127966
27.07606158,77.35938062,5.542664497,378.4292871,538.1484795,17.66767415
24.86683176,49.02532724,24.42808306,160.4584661,809.4487979,47.03609473
15.80138173,81.22578612,21.2690515,214.8232456,356.4530483,46.63653855
34.68643958,78.1578253,6.878359159,97.59923175,771.1991395,62.52366231
22.66962245,69.68412199,24.99017591,494.4561252,796.6548773,66.49567657
18.04456428,49.49249203,17.10049194,88.64494269,917.4495969,23.29078296
28.33417711,60.9789937,22.07457276,125.8727563,234.4167281,35.24424885
20.68576578,56.68975546,6.333215266,265.9243773,221.9810581,14.45902046
26.71556542,50.33291317,12.78902357,439.3723251,209.88555,12.6015734
26.73535816,80.88817736,18.39302245,210.1469103,423.3795481,82.50673552
23.91459642,59.01042447,7.128674374,395.8682664,540.4713978,75.07213403
31.72237231,79.96338587,14.77805677,354.215333,515.4484195,44.26834866
20.29934123,36.31310845,13.85355749,337.3988347,331.3438583,9.590928384
23.97265183,38.46148732,9.320804489,430.2577629,659.7816629,44.99217434
25.75384257,88.63921831,11.00539672,56.37663033,404.4462676,29.44556937
28.27249442,65.26610776,24.34236709,468.1188674,429.4746893,77.79192204
30.67943701,60.58618041,10.77296972,423.1517812,194.9770565,9.663933444
22.89614566,61.38936379,9.268522679,472.0402488,633.0082016,45.13685537
27.92093888,42.91612644,15.72418342,407.1145477,689.7523377,59.13870436
18.01221906,73.12223697,18.41916068,445.3661334,782.1551984,98.57252532
33.65296201,35.08683742,19.50186222,141.3851217,913.6082918,8.960813119
22.66117613,64.39942279,20.08494369,193.6530801,789.4040101,11.39604722
29.59042844,64.2461278,5.73664983,191.8494561,312.1692995,98.80491602
15.40682164,84.85130545,12.87520801,99.12503565,312.0896435,40.56251545
19.10374286,61.57096861,20.4791616,378.3106649,923.578476,74.37143072
24.74165089,38.22376176,23.09704204,111.2769017,811.1202125,78.34753825
32.56504935,64.36519555,17.04400247,73.62912474,804.0217873,31.45594092
25.545103,35.47965866,6.04613707,398.9510915,747.7422941,21.43002069
33.59740965,42.22763012,12.93291612,457.0984264,340.4817921,27.60912001
24.67593793,31.86651505,6.484542317,393.8555066,862.6693082,76.4393425
24.80898193,60.79761495,19.97075725,421.4084958,228.5962103,84.0479451
17.39493577,35.07195692,6.270109386,318.029755,415.0158484,69.95049372
31.05312488,58.16366271,8.714621335,449.4858521,411.8270859,44.12275697
19.93930825,85.97670212,13.33916848,273.5165671,604.1189275,26.25634568
32.99224979,73.18568478,14.25296734,494.7451783,517.0992004,42.52490425
33.21648441,34.64470045,13.12963401,96.53676925,513.8273198,91.45266196
33.86620224,43.45258873,14.26793293,414.131318,598.2151882,86.31955418
25.40460978,70.41974519,19.26478304,338.6252372,473.8766094,32.33762074
28.5418757,83.68211166,12.38537646,311.2907307,324.9849082,32.79408161
30.5703176,31.97511521,15.95500918,376.6147389,697.708646,77.99740498
17.62029237,78.7470679,11.06738515,428.1311889,811.570041,42.65740526
27.0191439,63.70883282,12.0725499,438.2978301,531.096291,57.27228085
15.68595803,62.76547952,17.27597918,128.9214333,684.534868,42.23177404
24.95132167,87.46879097,14.80989303,138.6661684,581.8269536,24.23388198
18.09685363,74.85867676,19.4607259,57.27492928,153.0967947,18.88537689
18.65845852,81.00713208,16.21077176,109.329106,480.7761954,13.95417194
22.30095133,51.23973417,21.07148171,168.7471218,108.8672496,1.142278044
23.64874333,63.26184245,13.86816426,374.4661201,695.6913503,28.06164567
27.46344849,66.92434065,14.8206724,264.0953791,557.3453229,17.14085903
16.48856837,49.29503642,18.39942698,391.056591,214.1483817,25.79504267
25.07383522,64.2148875,9.424878888,268.9411315,587.9723789,7.58040095
18.65250261,44.19932277,12.71859074,300.0188538,908.5834027,34.1559363
26.4795035,38.60254026,17.49682488,99.97996397,406.4416883,51.99585897
27.74809225,52.43821556,5.577525385,399.4512281,984.1318896,94.45714149
26.13418513,74.35737772,13.73942867,391.1569395,963.4419161,34.70719636
29.76591021,84.97122888,16.97699873,188.4027163,806.7788582,3.102297917
21.71218488,57.46284309,24.34751064,197.860135,832.41998,36.23643833
30.30213183,68.5694213,22.54033123,148.8566528,469.4908242,81.72242875
23.65534163,36.18222786,10.61483906,416.2278542,462.2869858,34.01472666
24.68368997,84.26782551,15.14420208,386.1530609,958.9576224,29.17306706
27.96204255,64.11625281,6.128287453,324.1164822,429.5766246,91.89951411
15.36716768,76.82029486,9.815088296,157.4699464,187.1856002,29.72292782
28.07988443,77.66647206,20.49711736,127.3339997,237.4309794,97.02616839
27.37170298,45.38883158,7.466280246,72.62098303,739.3590687,83.26357404
21.19694234,61.75046719,10.1538105,70.5251668,444.6828416,68.4249919
16.7158857,87.62878509,23.88085003,134.2112629,279.4085557,59.83262734
16.818709,35.37807269,21.47711601,95.23963955,832.4075158,22.47805797
33.46447494,70.98299388,20.63655425,300.2484528,539.8061416,73.03984368
28.78558642,87.73584468,22.29114981,211.1405575,610.8770843,34.71381299
17.54205228,48.03462648,19.99211373,250.225602,238.5544192,48.56421602
22.13446339,81.68687528,7.411724322,317.3302326,273.4787813,10.40687821
26.84965988,86.01945272,15.33122653,346.5957854,213.2704333,29.61541099
31.7114341,74.82517256,13.88487842,341.6907739,563.0885193,52.91194679
15.87321857,43.87969874,11.22303157,167.3854641,798.0913106,46.80413136
19.73266263,50.04004313,21.68080819,414.3321591,759.0567195,34.35131551
32.79497981,32.14855767,14.28278405,462.9693515,335.1077385,47.19299552
15.183311,79.88719405,6.205952027,192.1722563,866.3951691,74.49261341
19.02798206,80.97667119,10.49931167,57.67943745,195.0947633,45.93255642
34.18048352,67.9626186,9.572421161,454.619384,202.6449731,50.61564717
27.26803693,51.15167108,22.7495777,465.5969298,864.3738543,70.11460812
20.23342733,34.60866166,17.94876201,72.92589819,319.9776051,84.16148032
16.33982189,75.18345659,16.20752532,52.23046634,737.3042602,52.68637779
15.56382681,73.59157162,15.13298483,417.3821523,108.1716327,94.81756151
19.89490159,84.7561513,18.00226055,185.6585095,184.2409798,35.34474435
32.62971639,73.83192126,20.09751094,461.5619753,648.3598379,25.25549814
23.31827309,79.72169653,16.08769412,147.534608,264.1743594,69.30898682
29.40666738,74.75727707,23.7657083,437.5195773,125.3923177,17.57497366
33.36570071,67.8412313,24.53668341,80.88992138,520.252081,89.99678525
23.16080923,55.61798365,24.90684633,167.2865813,397.4684494,38.65741829
18.82554742,84.12703852,18.3878222,487.9079956,822.0312353,69.81486548
25.34235862,69.05811431,23.65240934,154.0384944,836.946092,57.01835225
33.16167374,53.90131932,13.08959391,109.8558428,652.9808091,5.439085889
31.08748828,35.00815771,22.19184782,435.6745936,363.7303717,70.90787073
16.31659687,47.44229135,23.18348597,103.0103563,515.4639861,79.00047302
28.851456,62.62360409,23.08280945,93.85524886,732.0304244,98.24724308
26.43795045,46.5381222,21.61692566,195.5413104,162.3776978,41.61276664
33.14926353,43.27412088,13.13198323,335.897828,399.2473795,50.2931568
17.44962834,61.64361085,8.17814964,369.8358682,840.1327308,87.48673366
25.68072226,40.18922075,11.67912713,446.5574527,465.425688,26.9197313
32.58925387,78.0246038,20.34577139,293.4101867,662.2012102,18.91426327
23.20047573,59.06208908,9.657710227,227.038004,186.7009322,13.29102731
24.63989835,64.43176644,14.5654413,211.4751928,799.3413777,97.82522132
16.40921355,38.84299606,16.30799036,431.1062278,190.4189409,27.03592355
20.56287281,49.47458014,17.07717125,375.7168893,875.3727291,75.73944998
21.49013298,54.605381,23.71451097,457.4430562,195.9409404,44.96671545
33.90244897,78.49276983,18.22986041,483.8159551,901.8034869,24.05753747
20.65334721,76.20957139,20.72597632,185.0228762,427.3928868,91.33337996
24.21737471,43.37864849,16.63756696,288.3533534,662.0776586,46.38075017
28.42608847,66.9707449,21.67160638,334.3193633,861.8954965,56.59553938
18.24366745,44.60738147,10.27327226,123.732026,109.2172789,22.24934835
24.72884774,89.29482934,9.197553433,74.00616527,339.1238453,32.41523127
29.77078079,87.12743269,23.52640098,440.4937614,917.5044892,74.76875539
32.33710426,63.79588323,18.86961753,290.9855798,449.3584545,34.30447727
27.52518549,71.93415431,18.43051154,306.8483974,735.7383332,50.595855
28.38107031,78.08582293,14.34590477,299.7114554,226.0108505,11.43554772
17.52566945,73.2599052,12.53394519,389.7323172,710.5344413,85.00664617
33.91552994,71.98972146,16.11382389,115.4758751,165.844896,73.75816314
17.65148155,87.51324048,7.411326988,326.3217983,745.5926258,76.0744854
30.49345874,65.78736638,14.09425122,261.2657802,391.4244589,17.81851981
20.29632644,68.17816031,14.10735409,453.6311718,519.2628904,49.51561528
33.67186287,80.95612503,15.76673026,283.8294221,249.6341629,2.754127866
29.39919079,70.19345207,17.69371229,474.3207383,665.064116,31.50890778
30.07627426,73.97595732,24.14636732,208.9638474,403.8108659,34.80195208
19.38118346,44.05012117,18.04338254,485.1026179,445.0375054,91.36901735
23.86079953,52.27601545,22.67450304,443.8210766,686.9736325,99.27827989
27.35626389,38.83808074,16.12607723,312.9184804,260.9754951,61.77459015
30.39947236,60.34592654,17.53855765,209.16947,866.8080042,51.67687511
17.07918752,57.34364404,6.396739062,219.1655109,765.357765,44.00889343
34.24730633,89.82976886,7.665274458,397.7384389,619.9570028,1.829623738
32.80441341,66.67251917,16.5934087,311.284108,215.4997604,80.01165462
20.40697181,77.18668939,12.9142574,230.7144135,718.398725,67.18258441
31.45520486,50.04088025,20.9762104,336.2247326,116.2894349,64.92857502
25.36647846,79.89271988,15.8635575,379.9550291,823.9562214,80.9043389
24.23612963,66.90509799,22.64582078,60.30523065,373.4179271,92.80542016
21.28868212,71.8195399,24.44663357,90.4382605,205.4903955,38.95300189
26.61937173,47.66584668,7.952703702,92.51844818,248.0400587,42.64028968
29.59778235,62.9183035,12.89655503,154.3702124,966.8209587,97.51389902
23.2186581,68.0422184,18.2996205,242.1456977,796.4473761,66.4424851
27.58438386,65.34568055,11.10977511,411.6424547,314.084776,85.13510707
28.98625842,84.91162269,10.34064675,207.9945657,967.1196191,22.15695386
29.22243634,83.89635987,21.27477121,57.86500477,226.1059036,31.7075191
16.03932196,88.25904347,24.60756938,267.5128338,760.1744907,39.16052272
32.19495611,70.04568036,20.47606662,498.4828679,691.0656642,31.69331128
24.1650663,88.31484781,15.47353246,207.059448,839.3290951,88.42470141
20.24832163,79.94868,13.85022464,482.5645334,443.5288486,51.15101959
19.83529015,46.24992842,15.79295441,95.60530901,461.6519125,95.36471062
24.66028226,55.64614017,14.25679404,127.8948461,662.1103166,32.13224442
32.73663079,44.30354653,15.05776114,375.8549316,458.3851813,3.724463026
22.56695163,30.25182965,9.069061011,275.545602,137.2158034,13.80614197
29.99451494,41.28292519,23.07483899,394.3048116,756.7372286,21.70704326
16.93637462,30.24363518,20.09070003,438.6012553,676.8514567,63.99697008
24.52113404,73.19030768,18.61954845,162.9881942,481.3415315,18.10878967
34.83372281,55.53205786,23.99849942,357.2731267,372.5466048,38.1498524
30.40875606,48.75448362,10.68788664,323.4205565,388.6532545,79.53868241
19.21056977,75.70325347,6.623188218,437.6907631,766.9257613,12.47590151
25.02882947,79.94920648,21.52277321,243.5467553,756.2447911,8.04801383
19.67249527,88.51797232,24.96833927,73.34169382,837.0265783,53.99702297
23.19121855,68.52081508,16.56864876,308.3837573,785.9623854,69.80690193
30.60168047,57.69173751,6.176187758,481.4952436,782.1497819,91.09531883
30.42449631,48.3158581,20.6093608,56.58403078,326.5959106,66.1976673
19.56200756,43.33909255,6.474980977,158.1160948,191.4512991,94.61788778
33.44446636,42.77555703,15.80027973,192.2305055,785.5770394,24.45260429
26.85136366,54.55136248,10.55064948,394.6274996,188.7562177,34.18212683
22.59848582,89.50718132,23.30053561,195.4746151,983.9002648,83.93096784
25.03871162,30.05122185,14.02662427,157.5877384,887.5803407,81.10538204
27.10142507,41.83235383,22.96926697,341.8511065,580.1154417,66.48903592
26.19781064,41.30357894,10.98162171,70.88238003,416.9652086,50.60243059
24.72810071,73.02716913,12.74725168,126.768587,574.1587324,1.771139287
25.09865608,51.14908366,23.94238376,233.6136029,760.8716498,28.04439574
18.52823821,57.43564828,9.026289019,210.0199831,780.6969807,15.83375055
31.25465809,38.91744783,16.57002303,206.2246186,166.2993988,5.117481675
25.8352064,54.29982233,12.77020657,98.8497559,824.3686854,77.60797192
17.62159723,36.19198871,20.4833377,212.3780088,677.3473735,13.13121028
30.32314203,61.98259727,7.585927423,409.0967474,136.5216525,35.74128928
33.64887957,35.87630192,13.74429938,236.2298908,381.8450852,97.74568775
33.94613798,77.43050287,18.97865254,313.7770332,559.5772318,40.91534254
22.38035465,63.99610305,13.1403247,123.6107342,269.606343,14.15063892
17.71033747,73.43807243,6.170634786,81.37011356,239.716476,68.97623765
25.36799253,55.1109832,19.10224523,445.9802189,112.8530481,80.9941708
17.25218459,52.88947759,15.06396655,199.1176683,920.3955701,27.91506971
33.67974837,35.89253334,5.226173734,207.6517549,150.4971595,80.93510083
18.67159255,61.43133642,17.2531179,444.9595323,429.4102793,27.15210787
20.0553172,60.87012989,23.39762045,368.497107,285.1944735,69.31118381
23.13273054,58.08612267,7.220518964,390.3182199,766.929792,12.48036195
22.66328937,74.43110188,16.8134247,356.9015679,736.4661917,42.78229488
30.89325785,79.950264,19.57337764,97.60651016,825.6001708,52.04939452
24.12633641,75.0473805,6.415473403,481.0981195,655.1274711,72.52835773
18.4153652,38.63194457,5.452309163,459.1113292,632.4878443,65.00311899
20.34419791,67.32357056,14.28391733,156.2990571,466.3996439,85.33428
25.1822677,34.81938634,20.82373374,411.797386,672.7228301,18.42910679
17.94907835,71.67733725,8.214388202,234.2283942,203.6850265,66.12465489
27.23311351,52.91034579,21.73274544,357.6951355,716.0615643,12.77501023
26.31494613,37.94993738,18.13154511,124.5213499,193.5079821,47.80799212
29.29404633,81.72305142,11.64346576,292.3494128,875.5659123,52.45575304
33.75409231,66.84050034,15.31651597,106.9773348,555.1145252,2.726342339
33.24509122,51.28349808,24.31149959,291.2752244,577.3212141,7.035669601
33.92151236,31.84363078,9.328739413,159.6172802,626.371842,83.9271811
19.89431194,62.23861554,14.99070795,253.6099379,798.4472491,28.67883581
17.63130613,85.39355271,17.48973112,350.5862152,530.6235588,34.61451497
21.04553401,65.78278996,7.76029211,444.6835617,484.8292663,64.04062269
32.90170346,88.29903628,5.870441772,124.3800514,359.5001111,22.07146265
34.44106949,38.1870671,5.269199059,451.9711019,215.2354156,19.28625833
32.18649902,64.09830628,11.49385713,225.5169416,271.308287,42.15410295
17.20035442,77.88750288,6.47894589,429.7084559,100.4750593,5.899669345
33.94855996,61.53244387,21.07539905,280.6465633,882.479483,91.69702504
23.46716055,35.46398136,24.94639054,437.9938573,788.4625554,94.01088914
15.18620582,64.97316009,6.226076435,348.2708304,296.8141859,44.82001645
23.84787481,66.70427435,13.65452552,278.9222633,102.1510815,20.9239402
15.92138339,73.72255491,5.51464246,190.6423849,542.9046744,47.05745946
25.87755842,75.67269091,7.679817815,486.0090894,471.3158794,9.993318993
21.77108055,76.24636129,11.45845122,410.4039459,798.4059592,39.77973165
24.46869867,69.80666362,12.87396426,221.5342333,462.605956,7.366554869
27.26340721,42.94867119,23.79565893,125.0256169,877.7015268,70.61657035
32.37602192,54.25414535,12.91673618,400.7909384,186.2544062,27.57135501
28.23803153,76.56779836,14.92555318,495.4749295,429.2722776,52.06594832
23.68097737,87.205619,9.911667365,175.5387292,940.5468088,1.35393503
31.38855707,34.73681789,5.002502775,462.1383826,110.5566601,52.46364624
33.11164275,62.13220067,22.98668913,106.4168175,451.7104816,0.326793776
17.39519933,48.75133628,6.634295141,478.4928144,333.7329341,92.51921752
25.63865955,43.52363366,24.28497682,385.4025106,578.6746502,50.11578936
20.69023919,60.34864101,7.616882082,205.9683032,350.8901203,10.00664958
15.94122396,66.36536043,17.09756962,187.08432,882.9172409,34.10547862
28.3709339,30.58633389,24.98821176,339.5459093,943.4244276,4.606713343
32.25541555,76.81239433,7.769291921,317.0782131,864.2208674,53.08954328
18.25805309,79.19292788,13.4788617,463.5215157,458.7110607,12.23432159
31.24827315,87.93064947,20.60847338,394.8094104,990.940389,47.31075211
32.06791467,40.83862399,5.643802997,293.1641927,761.532685,30.55078838
33.28680885,65.67315374,18.79565502,467.4046288,420.048043,76.15834025
20.30570178,55.59752241,6.607466758,316.7287841,184.3235391,48.22552827
33.0790613,50.08967109,9.730402845,432.358176,700.3417747,84.81852909
21.41325509,63.93800709,8.20152325,428.4241934,755.7106998,94.13483789
26.04676027,76.94298559,23.14672863,463.6376865,210.2132196,96.95248683
16.01014942,31.38316701,8.609134336,80.42091408,594.7627166,26.01963525
15.87762177,88.16400675,5.80868191,312.7188506,988.3791856,76.756869
29.40746425,78.59289514,16.75251357,260.776666,393.6178922,43.81108203
23.88959956,75.06922222,11.92361851,270.7440726,371.7055202,42.61731563
20.12584751,75.62324293,13.11412441,256.9597716,912.9719495,86.82304142
18.80826992,53.34364258,7.381254897,426.8600102,205.6744402,14.56689032
28.39906982,75.09723305,19.96468983,193.2948038,940.174753,47.7810308
15.00803088,53.20621252,17.03107299,258.2379867,801.5383542,59.28832397
31.11782338,83.92240977,12.28434089,140.3071443,451.756368,6.612342708
16.58499212,40.633343,8.431498875,163.2724772,175.1928583,86.45142542
18.8297923,47.54084545,16.86903478,347.1890375,117.2570871,31.43391084
22.72472791,63.08025256,20.57194559,102.6211722,438.2480768,65.68196474
24.69717479,49.15266215,11.24794568,134.5198149,734.818226,92.80800016
22.09990232,55.45423472,5.517207671,287.6155518,538.7762921,71.97547193
21.4142433,59.54536136,9.286879695,69.69786258,764.7867035,88.60105348
34.27832024,81.38120093,18.64795638,107.1171497,703.5137639,6.954468221
27.83159362,61.39153522,24.78192755,438.5088225,615.6164704,49.27346741
15.46865911,51.74759092,5.267524788,430.7660446,970.7491727,56.48321257
23.60351817,44.86416984,11.12307124,206.4992473,755.5459909,68.90388806
32.50017399,54.52055873,6.240417409,206.5960919,923.1521043,11.6858254
21.02912373,60.94416626,11.32698576,471.4319522,317.9445079,65.67892801
16.8911269,74.76689143,13.11828686,61.62851258,742.2756641,14.59935509
30.16769543,37.26292657,23.41724184,311.1329809,638.0225771,6.761280721
27.12027664,43.29655129,6.611215988,318.8257606,931.8664872,46.93192079
26.40625016,52.77924095,20.54268106,404.5491802,559.4077159,60.0375286
16.07153119,51.62390431,12.91068792,478.2877321,351.6772411,95.81176277
17.8099802,53.50488526,21.22525699,210.1224142,446.3550643,69.86254274
27.45098792,77.61127588,15.26804371,247.0250631,296.9468249,59.13907615
19.15647683,49.44926418,5.785640777,352.0843162,297.9756994,21.45649009
25.08140159,60.11389082,23.92411769,485.2722301,523.3794274,15.20443668
25.89763372,67.43442197,6.654681269,450.8565592,903.3119518,60.72732248
20.67014381,43.93071301,16.95367005,350.1738515,272.6824086,22.29490394
33.96850311,73.12172323,22.55335526,435.5256073,359.0830109,70.66050922
31.84928214,62.82667918,6.595395955,88.3419939,867.6893152,11.44770919
29.44747015,56.80686978,16.07786777,219.7071243,405.3306498,33.96358234
16.55987733,78.5870416,21.48579751,55.89162306,966.1720618,77.30867634
17.12260039,44.60971555,24.72649417,129.8625072,342.0282488,83.10370799
24.85562692,82.99055824,19.48654802,333.721657,497.9290795,34.52407735
18.21426698,63.66292412,10.56668751,448.5027307,186.0489453,20.67199302
34.56530927,66.55049276,18.9914066,334.7511395,992.9582158,95.81998612
18.17040468,82.50353785,19.11533539,348.8621482,901.1278404,76.10759941
24.74935671,79.05496127,18.99932024,96.71972237,835.8060276,80.70592878
22.28242114,66.09372413,22.08520874,349.1872209,241.6082235,22.27516499
27.78772843,75.19126223,6.74760125,254.4560228,972.4222521,42.4438648
17.58072818,55.99916941,7.168396908,343.1481042,936.2361571,6.820873124
23.60632856,62.84266521,17.81234248,196.7778993,492.1042978,10.93994882
20.49410066,33.7242082,24.07762192,311.6686737,713.4733267,22.09590438
32.75503049,35.39147508,14.31677278,240.8311836,993.2125849,30.32346309
15.81171424,79.76552425,24.21125403,301.3866749,468.7706975,99.71848029
33.27454988,33.58029934,23.76170519,116.1902832,201.7411201,42.20885652
31.65988277,40.16394754,23.05819476,228.1211841,881.0011313,69.78757829
20.95141433,77.74995954,23.1970195,218.4253958,528.8366066,90.44471767
30.78581309,30.06875704,22.96637587,381.3775343,988.2725096,24.60568318
15.62427121,46.94425973,21.39778767,367.8842813,595.8035744,14.47221951
34.33731101,65.04231947,18.89957917,458.9864081,126.5298432,24.32581975
25.53189885,65.72699589,5.488163572,334.4250165,542.5542672,88.2421687
21.06562052,76.62917449,7.645071843,191.5462084,746.2559164,66.56860342
22.25166425,60.35557527,7.684641091,402.4510985,123.4270254,45.13351232
16.32810707,60.56411217,5.470805686,273.6489396,472.1038429,82.02827468
34.78699028,73.51863453,7.334035368,137.0719448,240.0041804,23.67264429
15.7858389,59.9174678,23.39492867,386.3351607,678.7871389,23.91753745
28.09814246,66.50946519,18.27608574,109.6391281,961.6112639,56.7220092
23.85471855,83.8664441,11.24146037,130.1689991,662.1264141,79.00627573
33.97832436,54.08706046,20.86720024,391.4401678,725.3899357,25.95585169
19.91999481,53.10750426,14.76738974,396.5651123,456.9066104,21.00343385
25.64173648,30.21293951,7.842540738,405.851571,606.8267821,47.39746993
24.64712417,66.80557569,22.69004162,181.996306,589.4719387,13.420469
29.05732888,31.78631444,11.77323892,439.9643558,783.6457107,74.78117476
16.36020464,60.24890938,18.97718461,375.2006612,871.2204823,57.73309223
18.8757826,78.25402734,10.81188321,425.2853343,696.5973499,51.25412091
19.2912964,62.99526423,15.00142501,368.8724681,981.8279217,87.22634135
29.7630151,46.17816991,21.32505423,310.8184064,845.4595533,73.25618246
18.78277393,77.17010529,8.135546928,99.22764721,212.182074,14.9269792
26.46983528,46.18302024,24.5450279,369.9212954,556.7278585,42.04318184
19.30487641,73.98190686,6.404318457,360.707349,912.9124708,32.1270555
32.232499,66.61550731,15.68017819,190.62101,949.5413819,80.2069438
33.84370909,40.1997778,23.32051039,381.1188961,442.1853446,71.90367842
25.3698595,84.30803249,23.9138777,297.704549,753.1336554,47.20100878
22.04617768,42.03862098,9.642179258,301.7328073,469.4909353,82.36465089
19.6811555,89.37522445,7.879699624,215.4221055,211.29375,41.0067138
15.99562003,30.43862932,19.48806001,102.5532686,896.1501744,80.35520303
20.37000152,45.80900263,5.839471366,147.617806,938.7578104,3.207489493
28.0847156,41.99161784,14.70477938,395.974244,554.2754781,13.46189765
25.67233863,30.83960461,20.92710454,172.1486977,116.4766877,75.59744079
33.88082557,73.94207401,16.20509449,51.01387445,834.4326256,11.43892428
22.92554525,71.60554813,8.760265315,498.6578395,529.2643296,68.37610406
28.87726685,77.54105786,14.74088599,144.8070052,167.5255218,72.35737981
24.78645495,45.40191279,23.42549433,344.922417,270.4523346,66.21953572
25.25152432,56.66011002,17.34425956,467.1149021,236.9074062,81.82321252
20.35548629,69.5468113,19.42981255,319.8707306,717.6509797,51.16170701
24.09901554,56.38611023,11.72527759,409.5637768,369.4685436,89.70370627
24.41569994,71.83954622,8.769675503,489.3672705,214.9214656,56.94962277
29.13285043,68.03840451,10.1128446,437.1635417,925.8839436,50.78729687
33.81279998,36.87886818,15.66355188,301.0568399,960.8779531,50.93873099
21.58642555,76.86258726,10.60440307,213.6663187,224.7182855,91.20822175
15.84400937,73.24058155,15.83929575,267.1090021,307.212268,24.36960358
24.92590251,69.35006326,19.15583855,428.8217757,632.9086476,69.50354424
25.88922664,39.30561638,19.68791752,434.0095746,235.4570645,24.26157882
18.36881102,46.07978693,8.293698793,430.6347151,242.7325236,9.217497855
30.20929213,53.5906219,20.00861698,318.7509812,402.9184376,95.37438776
34.69858217,46.7957773,18.45376279,264.630163,954.2532996,12.97253796
33.91549434,43.66861744,5.240102667,190.1021252,966.1979767,68.61932515
18.94212078,78.32146021,6.177443502,51.51238483,857.6094248,42.45587259
32.5072648,68.29393478,17.92499004,394.0183719,726.1416261,83.71013666
29.08987273,63.92832789,12.67407799,174.649226,748.6060293,77.3202183
24.07693128,43.55716265,7.922079992,198.3550529,522.6155588,14.37684245
25.81221989,85.08459374,5.887931183,429.5665512,577.1391653,46.78167441
31.9920035,41.47098235,8.187966813,73.51302071,671.007394,2.753228173
24.60269879,77.69705597,24.15027929,467.4291492,758.1579737,42.95235141
22.46414738,88.00036,19.55131283,50.6128651,187.1615553,70.02158223
24.86494986,73.62556375,15.55410842,472.6261017,302.3983087,23.2156214
26.58259608,89.57152651,23.83081,254.641321,966.6488722,81.00334066
18.78155308,69.06306702,17.38220875,95.95518132,401.6280389,5.316482619
33.01815461,43.04762062,19.51290377,353.3726153,341.6267897,3.456636216
28.48373898,42.22916962,10.65303637,453.1353916,479.7201809,2.745254806
27.66537835,49.47385706,16.77963687,247.1327676,361.8286754,28.00268716
16.98992452,30.42780121,7.869544886,361.1110568,182.0621733,46.71058087
27.08347876,70.9019082,13.0896629,490.7132241,287.1650187,10.74470123
17.41921324,46.12006708,5.6648065,158.3153707,676.1438178,99.67435949
16.5739535,78.91099394,9.332561752,419.2022556,300.8643013,99.95610815
25.54621791,51.55035903,6.497372588,182.8566992,682.900477,51.98023661
23.05571068,58.79738961,12.75557639,241.85192,190.0728054,56.80095347
26.7762054,87.94133499,21.86070329,176.7946408,137.6887146,92.68083797
16.78444336,44.53032738,12.55868213,250.7052868,875.4109144,76.97927793
23.61966126,73.27524585,21.63279252,52.29006459,784.023576,16.79476784
18.4957343,75.30706736,18.12996625,186.5474813,699.4249146,79.2488915
34.74200172,43.25988945,15.19058893,250.3823288,127.8093096,23.09403331
26.22300425,60.0598102,9.737833865,334.5080827,315.4185416,43.02478267
28.74873722,51.01211552,23.44312186,336.812626,831.0828944,53.25082456
21.50836561,76.3143746,6.084016177,312.7035283,230.2008986,71.6999299
16.8947783,67.34899914,18.77826035,181.8643233,831.5680959,15.01502977
34.51741726,58.55898329,17.42479786,476.3319422,625.8101947,7.616985479
20.72518071,76.7617959,13.82083045,226.3864207,766.331531,86.61233299
23.4761637,44.1093342,9.806419106,147.6022736,680.0563706,82.67924913
27.99727843,75.21731284,13.61391874,299.5308229,475.2906221,52.32653419
15.49394595,81.92245873,22.45545451,387.0179014,362.779614,66.23638038
31.20518261,82.71729581,21.73532221,55.50510777,705.4562607,71.93013196
25.7315638,77.02041558,23.827625,174.3548033,826.2215936,47.65313571
20.56434374,54.48085002,11.15586413,421.2400337,140.2593725,25.72304856
16.23215971,88.90848136,12.74208317,278.159492,441.9180404,48.13924072
18.24996831,52.77561863,5.374523053,233.8197371,415.6568058,95.0797991
32.90067718,68.31752395,23.85899989,468.9055758,603.5237564,83.78325136
28.72048448,39.66445068,11.58780184,90.29079371,202.5325507,46.55474993
19.99803443,88.82693392,13.08327643,327.0065904,940.0774691,22.55790334
16.3120153,72.23915531,23.15609223,203.9849223,593.6592416,88.96144279
28.81230625,75.20265271,15.5319686,81.87052923,931.3775239,63.82410906
26.44815452,33.9466022,16.32349084,146.1850289,835.2468311,40.47399564
23.09039049,75.80506885,8.524656763,332.5699459,272.4749761,11.1657541
22.27222898,76.48340575,14.97320042,62.72462023,219.1051111,75.17636374
19.33628552,70.30636358,23.36417202,316.5119669,875.125216,31.69723725
28.39222513,47.51457683,16.17436176,480.5826895,582.4902003,60.63059143
34.41336056,59.38140253,10.10232729,407.7932281,117.7684731,56.96172321
18.51430492,36.62606228,5.623617283,205.5186857,940.8040736,69.96230772
26.9423324,58.29522399,11.72603547,112.1934409,525.7255595,53.76211076
23.48370111,44.62943116,16.45181828,259.2789953,370.8426716,63.04115533
23.93377443,50.94581919,5.852265767,226.8276963,564.9380841,8.154241875
20.0829456,39.7560245,17.19585155,487.279832,840.6265514,66.52786727
31.50269751,43.80326206,15.46827654,495.4406245,199.2634615,19.41908952
24.70511208,34.59411851,20.66870938,234.7630953,423.0396129,39.19807244
25.86811704,85.19408199,5.577763445,116.9527926,386.9800059,51.25345226
21.09521826,61.82464128,20.6169469,459.7742973,855.684568,68.68771765
18.63616931,53.80451828,15.41754092,407.0940241,800.6205484,74.24273431
16.71820776,62.10175277,12.41058666,280.073393,460.0936311,70.49226741
29.28238282,67.69759371,24.30765953,214.4095894,698.0394787,9.510545902
18.92468563,85.3127276,8.202390945,251.6746224,455.0009341,38.69039712
28.80150708,40.72157714,15.82650238,455.8465289,614.1824545,28.06650722
22.80752892,47.73314992,11.41962947,133.0895515,992.0937652,39.84215244
23.31549602,88.54736018,15.54972758,413.0525845,582.0170205,64.68731844
24.38354992,52.2715792,16.04550905,58.18578477,989.7172595,19.29207263
22.35417016,31.35369905,6.788964968,464.2573969,772.4791956,50.20993685
17.01239954,38.85860956,18.22270294,275.1337758,208.6500612,88.48715711
21.1926362,31.5803221,17.68962992,152.0365219,816.3695517,73.11268576
28.27468721,89.39538855,20.38934549,51.28542627,245.1570773,72.53651112
28.31568803,46.73225094,6.813169873,301.7959109,579.0957475,84.87163781
20.72448614,85.41256542,10.94517094,160.0195418,651.920711,39.92449926
24.20205253,89.75317655,18.00221199,334.0689512,903.0074097,75.94828334
18.86894456,65.99047327,7.734616518,176.5261767,289.3817892,5.870441963
19.20744163,31.9917789,18.55196422,89.61081314,888.3478651,5.642696438
15.46094177,34.89549782,6.180534216,277.2732334,941.0443984,33.1798657
32.934931,58.89534331,11.69863106,304.0185813,180.5386161,19.68469661
19.2141333,54.37032077,21.93422245,253.6655115,896.7566062,51.85385836
19.55067754,66.37063835,20.48582581,256.1159994,333.2620437,18.32024612
20.59202865,56.33086858,17.8952143,315.3425576,172.9008544,97.55738762
17.54816143,86.04461096,22.40916833,286.8590792,962.7169203,85.11051311
27.78525766,62.08438292,19.18539088,109.6553925,452.9831385,98.2533699
16.50285906,71.62356369,15.3875021,138.6885409,660.6851546,80.77630254
17.68404853,83.78911636,24.59435001,113.8059686,597.5858078,95.11096965
27.89513453,38.81231255,18.8971216,361.983012,291.8637322,36.81052278
21.79321241,43.78407925,17.02734354,287.8692855,702.6091554,49.79050779
29.15895653,36.43911963,13.17741122,243.4348056,141.5034901,23.97938412
26.14849489,38.37830395,23.04824997,409.2525479,282.7854337,63.58060637
20.12042346,60.75503802,10.91418191,196.6075969,950.1973758,78.82303018
28.01655901,49.27075554,5.184391884,305.6479984,958.1567721,49.87421702
17.32547361,55.39037037,8.934810449,83.48342067,534.3896726,29.63728386
25.72820766,88.94938991,7.190349839,384.9818377,252.164565,50.76721939
23.7429621,39.40226087,11.37987548,362.8366002,479.4580549,6.289521986
20.35747166,62.44872425,21.51757355,411.0708332,889.36375,72.11194518
27.08009995,35.9322693,18.03059371,448.0141811,163.246649,45.16069715
32.42667185,49.1097788,8.379611785,391.1127203,215.0817194,89.82342186
34.978094,61.65155542,20.77643442,430.0204506,906.0875613,92.32503093
27.15525537,86.79790476,15.08439732,205.5445695,473.8450606,12.55048104
23.09411749,53.47369328,15.25429248,204.5018129,175.1127446,99.61109873
19.504142,33.89440177,12.24224362,474.935369,225.2881695,96.98225145
20.14192179,53.28968688,22.2923273,461.5585413,894.2033602,62.71314133
24.58909956,38.74447055,11.36654608,296.8238035,541.0930345,82.54476725
22.34555403,43.7993768,6.882795213,214.9514534,246.6948771,1.843697954
33.27629045,67.08543739,11.05457988,439.7006886,904.6537794,97.03855397
22.36590935,34.04543197,19.30707093,195.5350096,860.7510003,45.63139265
22.46889182,57.88342538,18.15163774,119.1357873,120.7210157,90.97002224
22.67069025,66.56769516,8.760343071,337.7717038,622.891097,38.51248557
31.73240421,55.31150354,7.235685982,69.17981438,319.9029853,78.81764677
28.01576642,31.14758104,18.21731517,220.5958578,579.8222308,41.79458575
27.28337701,89.13116141,18.52753671,413.4487171,351.341499,36.27066146
21.68286045,52.02694604,12.32299274,182.8472881,384.2886528,94.67758028
31.35808354,76.71463122,21.85602767,469.0919656,641.6672792,69.91115339
15.76727723,49.53878953,24.56410408,480.1211,584.97326,84.00810904
32.41594345,58.50100542,9.112904469,417.1173353,455.673158,54.33581375
25.254998,53.30781856,16.54137431,494.4394935,196.8111746,91.83487452
22.9650047,50.55235377,5.10692658,288.8438502,972.4815087,73.99604569
24.94334561,31.31108263,19.26108792,306.1397985,257.1449954,7.216765075
28.34831061,51.60125627,13.28564227,426.2750669,669.8055205,76.68707641
15.25530853,83.36939942,8.865384538,271.7623651,174.4702864,1.871046716
32.43103713,71.42360032,20.04443844,233.0240031,719.4815493,82.90689221
23.93479051,38.72537155,21.21297595,326.639116,185.355805,33.18660522
21.85933039,65.46930028,7.223330024,345.9467799,306.5575074,59.82847439
17.76491131,83.5338516,5.819915237,387.9031198,682.2866794,74.93770184
23.78930749,72.00204246,11.68156883,350.6903138,354.6416727,63.69649614
24.92645543,38.92106354,17.51980932,385.5748079,579.5657336,67.23702312
23.07293389,82.0699498,20.86839054,353.5518519,212.054854,89.26657435
28.57320188,48.0926408,15.92124993,266.2003573,282.1604853,37.3971983
23.41793058,57.24456866,16.61497553,110.720563,760.3983174,54.71451498
34.22835156,61.56856558,20.99716444,403.449453,131.6249743,17.49287042
26.98555036,81.03039626,15.57686748,63.85061812,200.6201889,46.75430822
31.14955871,85.89644971,17.2230898,496.6250413,293.4604167,15.00363708
17.18711806,85.77917267,15.3243468,422.8063205,118.1715032,63.35855461
22.94582586,30.47725088,22.60916467,351.9097736,185.8408287,32.42513906
21.73695403,85.31330914,9.710332372,484.9730473,353.2523299,85.90144805
26.38964776,33.26321796,10.27987169,325.6116267,183.6257064,34.357763
32.2222704,45.94641941,7.559229232,75.39479633,879.507487,28.68338922
16.56676436,60.89927128,21.38933503,301.7219783,159.4664115,49.12707965
16.45149596,58.79554134,13.23554581,174.7418835,874.8853293,17.53287068
32.00635416,66.28258763,11.95787882,216.2648876,840.5740775,20.38061279
19.25700172,58.76677372,24.62697434,256.8133201,190.6854351,78.31460754
28.37506509,86.06254078,23.53606733,398.5703359,122.6721828,49.72254027
25.85756265,44.43293089,24.43975364,276.3181465,144.9928134,20.63419441
31.6578719,46.44148164,7.845979935,263.6061309,631.3402581,3.152280724
17.5017782,85.24427614,22.82503626,185.887462,703.318262,46.64774576
17.59565931,34.60437082,11.57419199,292.9425088,658.5880521,74.26301304
26.13636721,66.57364931,5.253135404,161.7758845,587.3291668,35.11900642
33.92757307,70.90415712,12.82596672,167.4472169,257.2156816,24.79642697
23.29995517,60.33250341,15.18392706,390.7664488,856.8585052,39.63795605
21.53884201,71.65391273,7.164408471,204.146269,394.7994427,95.91295448
27.13378646,40.36527876,15.75355234,73.12985282,987.5603765,42.3162094
33.60897201,81.15793397,21.38927168,204.6547787,446.3720181,25.96380875
31.73855666,38.40154137,12.55301902,337.3574935,336.7043596,56.924254
34.90967221,54.04874666,12.05289613,416.293514,904.8257324,81.07437418
15.45137166,34.51545608,11.7762084,482.8715066,610.6727469,2.233229802
17.25716289,62.71266473,23.46188892,385.7991897,749.6653962,55.81016862
27.18935527,70.18474845,5.975161976,242.9832242,467.558905,83.63124112
31.41152879,86.47329811,13.90152284,184.6036756,898.2239553,21.56237563
20.70488685,74.36017175,10.29198908,108.3334956,925.9526917,92.16829795
19.78422176,62.46617499,22.87614051,332.4588955,493.092038,57.7695621
30.73951599,85.95702103,6.921045272,279.4474913,316.6514518,51.67264374
16.12763708,58.70621028,13.22885533,354.9656824,682.904246,96.36615175
22.38765295,63.67233919,13.13632304,156.7099204,959.1259004,12.96517152
25.11618445,65.76591166,22.76788835,195.6398756,660.2018136,74.01411662
26.20697349,54.59878355,9.309868901,181.4429073,958.8001946,81.85712907
29.57230314,80.30896143,17.89790821,408.943329,409.4271685,48.85565173
22.09691447,41.11055633,7.688122538,127.0534167,923.5711637,0.647567712
27.25368689,63.29053142,24.07951428,323.8124527,201.3101492,52.43365061
26.70750846,73.33399537,16.86029919,73.10975709,422.950977,15.35119288
25.95232201,84.23857031,17.52513461,297.2874092,545.024111,56.25705217
27.80966586,83.03510379,13.67546803,78.76128909,687.7993044,73.86186186
20.18898342,60.52441737,11.84565425,129.1444659,364.7253205,53.10714298
16.69297507,68.58968707,9.25352859,100.8613859,931.8153704,63.08020105
17.38543344,53.65426417,17.07975508,206.0264092,913.1465883,10.39455403
19.49164765,58.09066577,24.09123491,204.679138,819.4029517,9.704572685
25.00395871,84.37594755,12.19581908,421.8886763,202.9262725,85.09407571
31.80885501,85.84223959,22.66313777,151.5593531,170.461856,4.932986079
29.02586684,83.72484348,7.975526257,88.8740338,548.3183096,28.42999638
30.78081208,38.30225171,23.72252042,321.5803059,788.8093801,93.7696579
22.01951248,81.00504128,12.00972568,359.3528148,210.9123036,45.88671135
23.09307483,86.90182386,12.59454423,182.6706272,677.2937202,67.45385801
22.87363772,51.67498167,14.25684514,321.2663524,575.069852,22.16903683
18.83746369,61.11877737,19.3648854,399.2254556,753.3904778,27.05128803
16.22433316,76.74571535,19.39306867,206.3988226,491.8377035,50.90005475
26.81832186,63.72468825,14.59177169,286.409228,723.9669375,63.81000483
34.78433367,89.6090113,15.46305799,115.9849732,243.6478043,96.04611211
18.3365941,57.34280191,5.600209755,60.64106048,293.1348459,57.44199705
15.9336964,72.83656267,11.08593403,491.6155887,913.0006574,9.596909795
30.59063364,77.55546841,11.92034148,184.8788827,396.4375678,36.69193225
20.05172013,59.64602495,16.17454537,175.5059228,986.9552334,24.41675871
31.59287611,81.41902834,16.16599535,487.9603099,141.5841379,25.44012206
29.07873334,62.76927547,19.19799595,377.7050857,546.2882335,50.53874494
33.91347074,54.69904781,19.34054592,313.3840496,392.488448,31.66664232
23.17854472,36.46942043,9.704214484,364.6955278,996.3685333,28.93088831
28.23939679,53.60481458,20.40374302,369.466955,991.0312807,96.80189609
24.29709562,74.03618728,5.392071361,393.5011461,311.7189627,58.39586261
27.61177395,85.2771847,19.32323769,80.23515414,340.5311917,26.17788293
23.99197812,45.10076423,7.04122207,235.7741389,774.7049968,27.58694257
18.77264493,51.31413104,19.59296417,182.808643,900.7069883,81.10281133
25.15794832,39.23765965,15.54236181,81.75633733,697.3272891,88.64758252
25.57168403,71.44337365,13.74509001,235.6695486,878.2380596,67.90312052
31.21207697,87.6113058,18.8133278,327.2780684,156.9632099,43.14468245
29.71041412,68.45713319,5.727416675,130.323956,676.4756333,76.45740107
28.27583248,67.0245918,9.469406514,187.2620347,730.1538003,93.73818914
17.26774191,63.20939583,17.32880285,337.6268699,271.2871568,16.62005674
29.41232581,35.30734444,21.94430813,310.6960959,800.1731884,86.17056483
25.00610313,73.77022959,12.62215274,440.9534584,949.8386527,84.88226183
32.88199072,66.12297261,10.17522945,406.0539363,908.1698431,36.65019624
33.39741868,69.68860613,15.37472872,484.5249735,320.4706761,29.17861094
16.10313181,83.92866558,17.44630505,318.7369896,391.5933742,56.53101461
31.41283121,77.03764722,13.40206063,364.3103149,549.6502321,27.22937789
15.75394781,76.85491513,22.53421365,437.2278165,242.5250659,14.53773053
22.34339251,85.63102613,15.46877418,427.9966002,958.5578468,95.30789056
25.84599951,89.39609709,5.716471751,373.4247389,245.4369667,49.13657901
17.96201597,64.87696392,9.461079094,275.1152942,785.2806622,47.22560838
29.92627625,36.53289696,14.01294062,172.9430997,407.2853361,12.61031448
15.16709408,57.54779447,18.95451038,444.7470893,616.3487179,50.41528652
18.37198097,77.25606879,9.395044876,399.494949,142.456442,74.28330154
26.6159366,31.66351949,24.52514879,427.0581284,284.5106718,24.80463035
29.28775124,33.4132463,11.37116516,113.3551932,499.9521145,36.88886572
33.33286205,34.02946694,15.64960414,191.6657952,709.4720955,17.89152886
29.10993304,73.8621455,5.379327695,241.1982671,799.8057336,35.50757131
28.43558541,60.06999771,22.69781443,427.2583875,127.126466,86.128155
22.88682293,52.13387661,20.77669307,451.7990027,237.2411945,23.70600708
15.02568851,36.33702272,8.909160086,178.2017214,756.8125648,2.954159802
17.40318517,73.93441501,23.66473382,358.8931253,831.7498832,53.62231892
25.6910909,49.26118863,11.31679528,85.01639277,312.9143746,57.94922547
28.50259772,45.9194442,18.84372577,234.3079724,306.6877423,32.89107242
23.34896568,69.13915209,21.37952636,269.0010985,179.2264955,64.15687425
29.61358023,63.54065356,19.81828922,394.5347667,235.264578,3.790202714
25.43724591,51.74463851,23.35165568,451.3875066,107.2143027,34.05737578
16.48352391,68.48924825,22.28549521,201.7774561,630.8481158,14.45718704
18.84032502,46.27329122,24.89223028,287.4825005,913.5022097,22.9806089
31.79996446,77.6898157,8.652228252,341.3517001,234.6184896,38.25343747
29.49825493,43.75913702,11.09523602,197.909253,776.2992971,49.34105828
32.89523974,39.53026172,17.72451735,493.4921959,616.2928177,9.31994746
17.35114498,76.94636457,19.66094372,444.0984708,945.9297034,10.1319182
34.80445069,72.47352184,15.69210109,183.381273,818.3102702,67.40448578
19.18813428,40.95833854,6.478567298,278.5758039,867.4561205,40.41324027
15.23559753,36.97474516,21.83190454,153.878276,675.2279371,17.65219532
34.94845878,80.30394531,24.21748712,281.5267635,830.2025076,23.491708
20.62147771,76.59590893,13.11033688,357.4995552,415.7825531,72.00562481
28.36038905,49.63544242,9.496249634,88.48449176,288.1158354,5.175885303
18.53364628,69.49184449,5.386275099,441.5527422,921.2679741,50.87431174
26.60457064,37.44961119,9.745980722,317.1856408,760.9022903,36.03212405
33.08069973,60.42285954,18.9983755,495.3213044,181.6326072,81.11471451
21.40362335,31.12381752,23.23178775,61.51617826,880.218575,79.01070194
28.40507952,53.49611286,6.870261329,424.174258,414.013546,68.92016319
18.75807178,34.49056929,16.06518374,406.3833717,368.4500115,38.47837384
27.49590797,58.50883081,18.91062497,109.7836304,660.9822106,63.12362697
21.72900704,55.30089881,10.52761642,200.8875358,611.7387725,63.98487464
19.22416517,56.6631016,16.39794078,448.1582914,584.431049,33.21998716
21.26364101,32.71987812,19.30496852,283.3044328,329.3894651,87.9974881
18.57682137,51.69698048,21.75438486,230.5766694,963.7963761,98.48575315
33.03832216,75.38903095,14.04999702,457.4733945,955.1088314,31.44399714
22.94373773,52.1348624,19.95714438,92.00503601,103.7459709,80.12273011
19.9055861,72.91031716,11.03565943,262.9052523,404.0448663,50.09082665
23.96815682,52.16872342,9.260934935,343.5683441,140.9937977,46.36523969
21.41072334,55.39436649,8.746274922,323.8436476,865.2238897,38.65629048
29.88838508,63.83352677,12.17745464,168.9244045,897.8664145,29.20253157
34.42439824,87.04091621,5.717593636,303.490807,566.4684553,91.95078622
23.76067313,36.5316268,10.65983675,368.8527939,855.710231,74.08150419
32.220668,31.97482612,18.04445649,313.1984333,733.0242843,44.07029301
26.31726147,66.47743103,17.95838094,358.0080017,549.6165486,75.1564616
18.1447133,86.94582534,6.47107613,165.2354327,427.4302591,71.85996893
28.81245484,89.38338795,10.74831234,424.7820276,339.6025228,26.73375018
25.26868994,59.04985484,16.39115329,252.3602916,333.4862237,17.61323009
28.01213047,58.08489727,11.37104275,494.2507298,605.8579458,83.62991914
32.79374825,68.69782624,13.35976048,60.4783943,250.1279438,81.1406213
23.80869141,63.33808543,19.25621514,221.1419171,257.3126886,99.68626721
33.02355246,68.04528346,5.185336589,131.2137735,109.3540063,1.936329659
30.01338029,82.43996553,10.52787088,300.0242871,651.9952536,54.03806868
24.77209852,74.77837017,7.847444876,159.4422925,994.9097671,70.13227509
27.06444271,59.8126435,7.552183655,381.865076,900.2974379,58.25400622
21.51162265,57.71186754,24.18080433,446.8396381,735.120824,71.04420268
34.67194599,68.37610491,12.53120663,144.8979591,806.972768,13.72612147
28.34702326,57.34237707,15.5417717,122.3049282,475.1674446,0.151602817
15.87693705,57.46676108,19.67643774,443.9107336,368.2715994,9.303205418
21.53243811,30.97835411,5.948949497,212.5723618,431.7654537,38.00598131
27.46628868,40.44384824,9.820452771,245.5626357,173.2798736,32.89332879
16.12666556,59.3108184,21.64295575,149.4362761,670.4156782,87.40031254
15.47768383,79.35920754,22.23981226,241.3916906,257.37852,8.352627443
24.00048479,46.7236204,12.45901841,154.0850329,786.59039,44.2706147
21.65380359,61.35860599,12.49723199,349.6673483,270.978816,95.78224382
23.76597216,50.69772509,20.13793754,274.4943856,305.3116227,50.29037479
20.2538662,36.28823937,10.90140453,404.6272007,961.5750754,13.24000876
18.29435494,87.49790898,7.341881623,190.7276522,194.8563208,29.12671723
28.78286714,81.28043222,10.150709,277.517757,548.9582853,62.67914842
25.29142233,34.70954547,12.74689463,166.7854953,156.4178567,1.198947856
19.00308422,73.18723575,6.044094192,470.5132686,181.3518929,96.81003264
21.39178853,50.85479426,14.57360508,284.8710505,670.1503259,56.69768294
26.83615815,89.69098842,19.80015026,128.0581233,667.6545368,70.41391809
16.44458697,48.14391119,15.27490289,172.7445466,273.8082532,49.89611083
17.94906019,44.32430672,6.43790681,87.30588386,885.2378637,95.79242002
16.46491208,64.0734329,13.80299263,62.51719802,731.9682961,58.92210515
31.24634665,80.1075698,19.17809216,286.6648217,370.5495246,66.19836924
30.04818466,41.55113231,6.16193308,201.7053151,323.5479022,86.08375634
30.06625864,72.56416618,6.196943795,483.6980549,778.8567278,86.15566571
29.32650687,33.68439499,12.41202806,127.0991284,760.2615317,2.817134882
28.38770847,85.13608459,8.899279282,407.2606937,233.9487204,28.33008773
24.53983831,34.86449497,23.69561583,192.187149,414.2690638,24.63181324
27.84556327,84.85388258,16.62687207,150.5918237,295.009522,0.664489652
15.7672311,59.44843497,10.74650799,486.3365686,364.7297765,87.67825507
27.42928845,56.88546677,19.09553458,411.1594694,358.8075662,31.71400697
30.55755411,88.39842477,12.49858103,333.7794012,978.42133,34.69527361
25.00716721,89.42305066,7.642312888,363.7044668,775.1902358,9.962239482
22.15026657,69.01068756,9.744644597,496.1216637,802.046844,98.97212891
20.5485347,37.62715751,17.85494569,316.943334,349.6808487,82.6251135
27.856041,60.37020514,6.03752212,95.85520286,100.4743765,57.18623131
28.85602397,61.74978606,10.4537808,79.18975702,152.3413044,77.19303557
32.419352,60.86678569,9.166229553,349.9730499,597.69979,77.71131007
21.84668165,64.16951031,9.022702214,345.9205148,356.933025,65.67313025
30.39544615,31.12348283,18.65524824,386.6782068,273.6591406,17.40111856
26.22711648,72.67363689,21.51633834,98.9504286,144.6768295,72.03148584
32.65672981,72.74365812,19.31733216,475.2060236,888.2935655,56.9617417
25.55624217,36.92818651,17.91455632,298.0212863,640.1146124,72.40719075
25.35259657,64.21436655,23.32903544,342.2999845,196.635893,54.34532139
26.55754163,64.10167095,6.167847608,65.68357252,789.7636145,95.63370621
29.9863071,70.94702521,8.34966172,482.4383965,780.243032,62.70254305
34.29380958,35.12386153,13.28813711,303.1663319,360.4632769,57.36804425
16.47126708,67.59019844,12.44903287,303.5134008,269.5842024,84.2788215
16.06869205,46.84511704,13.36103206,474.5998923,832.5836885,37.92365552
33.75100675,60.42017943,9.129098101,468.2075802,396.6082594,31.57936652
25.59751251,76.39941316,7.990066312,149.1343663,862.685273,50.31688334
27.29806029,72.33875618,15.18386495,468.9944699,139.2864517,58.44675114
24.64847203,37.13418106,23.56105048,381.4795802,549.360054,22.04821251
16.87314905,65.47108723,12.83938925,58.5053273,261.6357533,68.22815134
30.36178757,88.14699186,5.867064282,157.9294169,704.8403319,80.23746971
29.9444929,39.40616624,19.12334686,235.8410655,997.4923853,57.73198303
21.23406643,81.17442526,10.82209811,312.270105,471.2599288,52.29635621
21.1247849,72.15288483,9.901900146,365.5983787,190.2794922,29.4642229
31.75682762,76.44019877,11.48516001,144.5946773,385.9058075,90.95830238
16.44714515,46.91749963,19.47631048,426.5152314,902.3558496,75.44997325
32.62210297,47.27333576,21.37638774,430.5718958,789.1849217,48.02868679
20.1332338,84.36116735,16.76112135,335.7494687,308.9904957,65.91069138
26.85969496,51.58992193,11.44957507,464.4922597,958.2388474,33.68793668
33.71988358,33.78092344,11.20956466,415.8420921,659.9691412,5.981742514
28.56245003,66.03580221,7.486166998,149.7306467,251.2444603,20.39276138
23.28859625,37.48906014,23.66602096,409.4045898,615.0899282,7.948813005
28.79068418,77.79577448,17.76278798,478.9409354,506.1491809,50.81756816
21.87959273,68.50478655,5.539492397,111.9229012,837.7279073,62.2063631
20.54516833,82.48359031,18.2473419,490.4140482,409.7440267,38.04462923
34.93366556,77.09023499,13.94306848,61.24675855,887.4804879,53.015423
30.01580462,36.7268189,24.45115926,284.9752601,830.7733478,8.543489398
27.89439955,52.86424059,21.3813765,398.2519125,707.143106,76.99584229
22.10579286,76.47361499,8.426315077,405.6971461,332.7465001,3.278204744
15.98321658,55.0404884,19.40222238,380.6026561,973.2966187,63.44255836
15.62113752,88.34192909,14.71132008,288.2081177,593.8001023,43.33465417
26.08362511,74.14442699,8.740903273,342.9339449,916.7625805,18.38037464
30.24065442,30.929995,18.97479815,364.9694835,294.1569093,52.30558707
25.74758381,82.79914149,15.94775157,272.5426509,985.0404719,78.0948229
31.81570144,36.04828709,5.607477575,318.0582388,834.4533061,41.35224147
15.66853066,38.43142345,17.93175901,430.8656241,954.3041951,36.77090256
22.33504153,74.06954404,17.6997418,190.7955595,291.129159,14.24603864
19.74140782,81.89811357,7.881703221,285.4428471,487.5922707,59.45759856
23.94545936,62.18097767,11.97975454,53.81587446,187.8705297,82.8013714
16.44752786,47.34298398,16.71797942,359.3463799,223.2726459,56.13415503
34.08263283,51.07893272,7.775660282,137.9234591,355.5627972,16.50875622
19.46510802,50.57335978,22.05446756,266.4505642,956.4630944,66.12278302
33.44615551,49.60068623,5.549720926,144.5923473,700.472513,3.014176471
23.5178631,44.57458031,7.056748299,60.59017156,383.1690764,83.80539483
34.71048267,66.53202568,7.322138397,267.4492483,959.115987,92.14951835
26.08116767,84.02431911,15.56214252,241.175123,765.758266,59.70364899
33.61665728,48.42494479,17.40228024,241.3172811,916.2811119,88.17800008
15.10697977,41.20165785,13.07481593,143.962772,934.4987145,8.45055791
29.96477612,80.31465998,10.77333655,476.2420654,775.6927749,22.83444941
33.06101306,74.50699985,21.18634751,51.57821831,318.8200868,31.7260637
17.79441134,85.85022189,6.365719675,451.1954525,996.9300596,77.31667073
16.92251703,39.93118414,10.60583722,381.6058654,392.5817561,48.4239845
23.49145214,38.65507885,5.782311576,127.4324151,704.5351746,34.83474619
33.67357812,62.48576366,5.277802699,262.4863938,860.3305255,15.80696992
25.8477312,66.86601929,12.06759774,494.9825367,257.635895,81.06429943
25.54912927,58.81040651,8.896473249,339.6642066,648.137512,2.052342057
17.82252237,65.93799818,10.3673171,107.3195257,437.6554992,33.72704655
15.01579022,40.82278613,21.41894315,255.9390075,319.8601627,24.27756053
31.20280181,58.77682525,8.259601925,260.6913935,110.5946315,12.90103466
16.75149126,69.48555366,20.60466734,411.0184998,884.7766574,17.20414977
27.67699637,55.96238695,18.50101246,462.2733198,222.2933925,49.37970561
33.29232909,70.76684015,11.5289105,87.00869448,890.3054446,42.60564948
19.17303826,57.07147683,15.9311229,191.3167791,640.6215389,51.8369203
28.30545672,50.01597485,13.8887122,184.2971571,658.9499991,72.76203702
16.57397153,48.21630283,7.56790631,498.2216562,845.7866148,89.23287637
27.07510288,54.65412354,23.14370643,301.6522025,558.497032,11.84620719
18.27863442,31.38537736,16.39235935,445.9241733,421.5561113,8.267785825
29.71907121,70.11150831,22.60480092,241.7147823,224.9260156,32.0354655
21.0246259,80.70633846,21.47653024,375.2254177,613.3738431,54.63011504
24.26782018,51.27762567,6.595518506,178.963539,597.8503488,9.988735039
26.98861084,32.76198817,9.14541332,460.3037106,364.5068371,71.59717842
18.42546821,89.20653584,7.905222287,254.8158084,640.0512331,55.60942179
29.83275637,45.82189533,21.61559066,411.6764738,495.4301974,74.84613046
21.05280681,37.5972673,22.24893253,165.1175975,824.9771385,35.79138024
28.2474372,52.18515048,15.5594302,362.1219539,603.5376319,40.10965683
18.16566101,74.31342244,7.08356145,232.321282,940.3107277,80.75715657
28.76235318,47.63499581,7.712332371,64.14774034,566.1846715,26.70094565
17.56376146,64.48219224,21.27097625,235.8537142,898.7457728,38.14169279
23.50712993,54.93359967,23.58380273,297.5097388,568.4726242,1.349300119
19.94412147,37.06583954,8.989513702,118.2927263,602.2313233,55.53207731
29.96750499,49.81722075,5.222751529,132.7608973,430.1271959,85.14638002
20.24070009,73.49223034,11.6190581,259.1882592,460.1522111,2.78912869
32.63434613,66.72023384,5.609987793,204.2283706,939.7913386,61.37897031
32.83640423,37.18670279,21.55949832,248.3332421,300.9541618,84.54485328
18.9288263,39.79934458,14.83024514,257.3721452,209.3119495,49.39318847
27.2769189,68.44400156,17.83721558,113.0342197,847.1898206,31.30216411
16.75435283,78.80492486,13.22969752,131.5375589,619.2197198,99.65838132
22.83074199,50.96846976,11.91015094,431.6744271,356.182583,6.48312256
29.26643459,65.71864511,9.444008262,123.2234102,489.1601983,21.04234798
28.18846494,40.23861533,20.41065094,349.6614499,572.4147041,88.52446146
27.49401339,48.68258021,18.91095169,238.337621,632.9262312,29.73068705
20.65081727,31.21621234,12.21457969,485.7065087,838.9459206,81.98466612
22.56049899,76.09655687,11.42232269,79.74696285,454.9170947,33.3201294
17.05892289,54.06058919,5.024857573,423.6749897,708.8528019,81.19809555
29.38045641,78.96753442,6.271042601,271.152154,851.2902764,68.57287646
25.07777594,72.50237976,17.4651105,52.40856689,859.3961104,46.85224367
29.17531265,79.72465594,15.2921462,168.6470985,328.8206845,52.29453271
19.9788705,47.13952017,13.69606409,233.4635836,415.1557398,17.76595483
21.48876457,41.10652383,21.55004482,191.3876391,635.4154308,11.58839486
21.68430675,88.31434096,15.07796409,213.1022588,897.1951521,71.69427903
15.51484819,73.03966722,12.68987163,462.5023591,811.401478,84.85731812
21.82095746,80.04253608,8.22512695,212.4203146,625.5666113,72.19708049
31.06609147,30.78800242,21.41376016,238.4732207,985.3602676,91.28647059
32.94596991,51.26769722,16.524965,392.5091991,495.0885065,89.00784142
25.36436631,74.56900143,6.849199318,407.2251046,858.2055141,77.81872786
24.1100339,34.67896998,17.97796796,87.8403433,836.578342,89.81269201
15.61649237,64.04039577,13.50141491,366.8315156,917.2344805,16.72236038
32.58408675,55.74436605,21.22772447,267.1573792,988.9105195,73.13610674
15.26020427,31.05699043,23.37829194,110.234252,546.1270278,75.36766035
33.8950016,44.15853463,17.00931626,169.1197538,276.0666838,15.39765751
24.78432497,47.08751934,19.63225639,70.26597379,514.8058211,90.9583272
21.83868987,36.71159678,6.131816952,212.106735,868.4963893,0.878523479
33.4843687,67.89221458,16.2051091,164.9328982,852.4959708,43.46049963
15.48781986,44.54387258,20.10679957,221.9465288,402.3729168,2.147904964
26.6284979,46.65716998,14.93524299,311.1532464,142.5761263,52.33578458
25.97865049,83.89431589,16.87100179,379.5527984,558.857888,41.21561538
19.38640802,58.02738556,22.97896371,322.408394,526.6908362,62.30619371
23.57774863,53.52768882,8.961991441,355.269786,177.18758,76.64441181
28.04528012,73.4322623,6.964930151,439.5376043,815.4009602,76.85752291
29.54262394,84.57682781,18.81287226,443.2209996,355.2312465,72.22216003
15.01433717,31.50218017,21.45697811,437.3237068,681.176883,10.18774418
33.7370686,56.89433079,22.00980377,118.926012,191.3390764,41.74385261
18.29050745,66.64688136,17.83288994,162.9811101,874.6328556,81.59504981
19.67160868,49.11378589,21.66426836,276.0463872,765.3470528,65.43001815
20.26946891,76.34446333,19.01328411,211.4326823,449.5804381,68.10279049
15.75640273,88.28862422,6.747538318,109.2510357,666.5400544,22.6926032
17.46104247,86.60564198,20.24087016,179.4876056,268.7085034,32.50598609
34.72699846,45.95895236,8.587193791,488.9429427,986.8802419,95.58112109
21.30433475,43.58029671,9.732186852,206.11704,816.4972379,84.69252573
17.30602181,87.44943186,12.89301254,238.5113307,810.0460028,16.49217367
17.13982522,57.51770925,11.29134133,52.88063984,238.0421958,54.4693071
29.38919935,42.49786339,11.43303477,373.7366959,115.9601724,49.05072673
32.09137328,72.41981782,8.385190484,236.0975295,626.834231,44.36598592
20.13904599,47.06521943,10.87742094,96.4130283,229.7085507,47.06135714
15.41819025,46.0348185,5.3932518,485.8505322,802.3901108,64.28885099
19.46180037,82.75494258,14.45821893,399.8449457,474.4685262,96.71494169
16.13031382,39.7487492,20.37181918,376.7675402,404.7348241,87.53253393
17.06789873,33.86357679,22.24494738,481.0425507,166.2843362,87.51264036
23.6301624,46.15118641,21.40857118,233.366038,996.458572,70.33767331
19.59836742,66.41672477,13.32915438,373.3400931,960.4097023,1.758763425
25.31891757,37.3852712,19.60852962,142.7935538,218.437217,44.04605329
20.06987507,58.29568034,10.75781548,363.7042464,399.5304438,51.11262352
33.81074602,67.64022663,6.111249454,56.33559148,451.7087842,84.2491305
33.11887936,80.92421956,18.51943051,106.8374212,367.1209703,92.28420611
26.3361221,43.79217547,17.97592329,241.3665134,941.0217037,45.15458848
22.08847984,79.0407794,21.03258791,55.44171266,749.2076461,30.04596334
22.62293764,44.09437567,17.32212413,257.884635,960.324765,33.73547025
23.23704566,70.60599247,8.137832499,285.2562871,887.0548623,57.86622558
29.55158644,55.84041429,22.06324784,329.7229689,779.0873675,27.49719568
24.03277991,36.88087454,17.54505576,95.17400465,727.2703964,91.07387257
32.13459893,72.85580777,21.15219398,131.4553609,879.5462419,41.86519809
33.88189572,43.06575711,20.48214241,325.9775168,715.7349071,99.00641685
21.71892307,40.59740556,10.95728974,346.1844706,269.8478191,10.95152473
26.21388963,51.49937572,6.491059497,61.65510269,683.3138648,18.78792343
16.90113074,69.19741469,8.530088182,293.165313,563.501476,51.15906856
19.00938096,44.03978873,6.857246686,403.2417794,983.7052094,86.83053732
23.26931533,41.01969233,9.868248642,81.095395,558.9689924,35.39531099
19.12405432,30.59721754,14.19064546,235.9277894,134.6094848,83.74678743
32.53120982,58.29858583,23.1362121,196.9300729,337.7705597,42.54525865
18.16572512,55.71873416,22.44037512,461.1495314,925.6435844,85.2992035
24.11321643,44.03206462,19.3719963,133.6110769,966.1206974,27.74314304
27.11398481,33.21912984,5.482247191,193.2621859,755.648719,47.18917476
28.83727816,55.75535248,11.82778403,454.3001352,151.1775089,27.8731316
22.66138739,77.29230666,18.64696853,198.7939877,121.187249,21.52235255
32.38198137,72.91692788,7.580577937,289.1063483,531.6355025,42.11457203
26.36638302,81.64769339,21.021757,64.86590175,999.7050759,33.47067522
23.79015561,30.57496126,23.2914736,493.2060963,882.3670637,78.71469563
16.34481268,87.98515901,12.08208893,421.2260185,939.7968588,74.7638557
24.29378937,50.48473516,19.11686124,335.4804251,661.1873545,35.85534032
31.41471682,89.42386777,7.964082653,77.33987289,873.2122554,99.22739612
27.29082036,45.15716764,18.81632898,83.69148262,387.728537,97.38378149
31.64324907,58.29218325,5.429108246,295.2381339,124.6276031,91.78334777
24.88023341,51.23566059,8.015430136,178.2789963,926.4255654,58.6507993
17.3692341,51.3456429,19.19762893,330.2552514,296.5875622,41.23107418
15.27279692,80.53692592,19.23700446,319.1866168,755.6377194,31.30229488
21.06439093,74.78513638,17.82325412,427.3931292,693.0705834,1.503206893
28.95980943,89.52908611,14.54728049,176.6196773,242.3471936,63.18067318
30.80519808,66.81088096,18.49816182,310.038586,276.2010969,55.31619099
20.91505669,57.79539626,20.47601597,399.8134935,396.1652333,62.98715156
24.91307842,35.40443178,24.32963318,270.8478438,781.2375877,57.59549124
23.42237809,89.79368517,22.77282063,423.7896492,135.3198202,13.77159415
23.21045569,63.09183918,20.89068405,109.0742907,466.3618663,69.53793901
19.62697426,72.02864818,18.89515033,380.2539943,698.6018857,36.04357747
17.7274221,54.40454323,16.48311091,474.3419412,254.3238513,51.62948332
18.93377116,62.86294249,7.412176467,199.3474944,207.4755453,36.56537737
16.10664774,86.55466391,8.311136842,214.8513991,451.191017,2.199987022
18.96261484,39.98516628,21.40559121,87.59735474,357.9032961,87.65538213
15.18401795,47.54235506,21.06625824,338.6717508,684.1860978,14.87334433
27.54516801,39.12358367,17.28917852,298.6028265,972.6116829,58.21730628
21.32750815,77.53295423,13.77680265,68.15559143,104.0220423,88.31310136
34.46289423,33.72271563,5.520652996,388.4954121,912.1419212,22.13292496
18.87434102,34.89789899,11.54353885,423.1780231,489.9007328,41.20147326
21.91657141,47.90964677,13.41279315,458.2038219,697.6069563,37.77319819
22.15682317,60.85129086,14.71632572,295.5803388,865.9243296,8.922048043
15.16902992,54.37648803,23.58649197,253.6610157,616.112795,42.35172708
31.78415906,32.68897864,7.174187996,444.2617195,187.5806445,47.94784861
15.6398892,87.44949347,15.3773384,229.4135686,226.5356581,2.659733209
33.80359669,87.17217122,12.35844594,344.9494064,810.3520381,48.81437574
32.84148702,46.76137939,24.80196238,326.9130154,306.1884083,9.383012754
25.71043832,73.89153692,22.23728033,217.4724949,612.1338545,89.24626594
25.8719115,64.71452468,13.77571708,89.1004719,485.2724612,65.0157748
28.07555846,44.2486017,24.99391219,59.6369924,373.2750845,5.642693259
22.74100024,45.7302931,15.28126493,242.7069832,808.2708077,82.70430181
27.94444567,59.46919046,8.342355932,266.5407087,758.094987,36.15994494
15.89536777,55.15421649,16.11749384,420.2052207,681.497996,22.56171392
16.08095255,47.47375969,9.524115316,236.4852425,435.4042316,25.39212161
24.14460839,78.45069578,17.7262568,176.5219436,303.8232916,59.77185874
25.99244602,58.88777506,23.7488035,257.9434106,564.3054559,8.155293465
32.75635281,69.29088374,20.72397154,157.0957162,835.3936903,5.874513626
17.09321268,41.35641001,10.46327381,91.112275,618.0984733,62.75130466
31.45295854,62.01045975,10.9371725,100.8693652,973.1256789,98.19094694
19.20094675,49.07856297,6.385764062,193.619507,113.8937393,48.34284143
22.88167297,61.58481662,10.71735671,55.7043879,998.5121032,41.3283327
21.3320487,76.84955,6.852495994,149.091479,722.2681417,94.71977027
23.00310546,76.13479261,14.98897439,404.3854134,849.4066155,24.09905811
18.00990996,51.25324068,19.16694159,155.5777366,401.457131,24.05410331
25.07140149,71.65662702,20.02362323,99.82827997,557.5071953,90.51161131
31.0328518,86.47739702,6.190584645,477.086252,817.2903231,64.69311796
23.83068021,67.5401598,11.79911796,330.1115524,784.5845251,5.378378839
24.81227152,38.9046074,10.76343533,77.01167725,400.630986,67.39774079
31.97535171,70.78251776,7.08600646,78.00978492,391.9692115,82.00315413
29.12116229,36.29426318,12.24942622,325.4549566,696.5300826,27.39533177
24.80908817,82.32662453,10.98640218,293.0579609,940.2932633,38.28928743
20.15391296,60.99962975,17.68998459,80.76864758,494.9073916,19.76766179
32.69853494,53.10844418,22.66605327,150.9419637,417.6476194,63.33462695
26.54040803,33.42039568,14.09683442,468.0693115,905.2183326,66.41948692
19.4229522,52.84702408,19.93330346,307.4048647,714.7504553,6.853583142
20.38239505,84.19240007,7.920207342,248.1464292,449.4483817,67.77046509
31.06266178,31.25897978,22.89932757,162.5699354,151.5486078,65.84545842
15.88291124,58.47888947,8.051894764,110.164119,749.3403448,3.513445842
34.84184374,85.86948547,8.842023612,231.1842578,417.5978416,55.53700761
17.60703359,53.69045999,7.129276072,465.0649517,163.509578,61.39384336
30.92137051,55.69054125,11.19359003,71.92012805,651.0601785,43.01556572
22.89550634,64.71360331,16.04820893,495.9404672,390.7061834,90.13171756
24.84432367,57.77624001,24.75988223,143.5157241,404.6108575,32.83693194
32.61301155,40.11610147,20.86736069,233.9453122,531.2531177,6.7178372
23.25822379,31.11333234,12.60871606,70.27308867,745.7272906,67.1852995
25.74987507,66.58869948,16.51692116,313.1519914,348.6974299,60.52202523
15.98599325,85.24839522,17.46616062,267.5998694,172.8513242,98.90585106
15.04694948,36.38184798,21.45454442,350.0181656,481.9831493,23.1308281
19.89599746,42.65716316,19.72903571,294.2051573,149.4328808,39.54943864
28.61166186,52.21376915,16.38582254,229.1800031,727.5416589,46.1179797
17.42529787,78.52453374,18.38366054,381.990514,963.3191211,86.15078872
17.27523918,46.15561899,19.91835222,61.2595075,692.8829269,41.45679917
23.21921216,82.92326426,7.662881183,293.4630594,347.8514048,77.21483245
27.95674077,33.29747248,9.009109226,101.2442917,263.5321488,15.69427265
29.24143984,86.45739728,18.77168578,246.2037499,309.5052142,40.97843937
18.56901348,63.64482467,22.00851124,406.0063926,299.4490029,15.49774483
16.59176295,69.52666071,13.18524565,114.1073358,382.4474554,94.96788649
33.80794068,52.06137135,24.59780645,471.1146569,187.6120103,17.77573044
20.21332765,76.91965713,9.321434653,449.8271116,906.1471519,41.90727336
32.06692995,39.99397501,13.33398564,236.7072819,896.6084458,8.226072296
32.26982901,32.93470952,12.57046087,52.68867833,653.7126282,92.1383522
30.45045184,53.73101659,23.60591881,405.385172,155.7283302,62.38187674
18.37667213,81.22174284,10.70757035,446.4031115,823.6006666,96.24562626
31.43602919,75.2956102,14.41581556,128.6321416,155.6097254,4.227163522
30.38501118,61.02935823,8.744676792,462.286494,195.7791014,17.4978509
26.9344598,64.32826483,15.42532477,461.3437748,392.7667534,38.00488266
21.7440407,37.79356958,22.14808339,262.080883,488.3232859,62.13599016
20.25017209,80.44089052,11.08078924,409.1156649,418.500061,32.95176731
17.43778424,77.21758098,21.21584144,250.2265902,248.7068029,71.18740204
25.19514134,69.38822363,23.22623164,303.8208197,200.9167459,16.51295469
26.70521751,57.97146218,6.459157794,193.9275544,873.473704,60.06365586
22.18677981,87.8675561,20.12849073,121.7612054,426.8631034,39.79661777
24.50718135,82.74191831,10.10686872,385.9414627,296.7394403,50.82409787
22.27028915,68.66582961,8.506553251,50.62678003,538.292221,56.96330611
27.82012115,52.30805986,17.02244784,310.7987103,133.1410605,5.989588026
33.02518416,67.08133672,19.11205232,439.1087119,640.2530641,92.40242613
18.27840524,64.52645559,12.89521971,149.574779,323.6406282,78.60918352
22.6281762,53.65451927,5.783474142,199.8047556,638.3767727,44.24557887
17.81737208,48.4004383,23.17409048,314.3686338,652.712648,54.74694984
27.49887541,54.42064753,19.61493834,161.0916109,828.3017722,3.253560303
29.57741019,64.43468436,10.43333613,431.3690858,306.91428,49.79473335
33.63825465,55.68809068,14.93727711,214.9714252,517.1181748,42.63159413
20.57743853,45.81446929,5.555855799,311.7261739,965.6986044,37.44852669
34.00422412,75.65779907,11.78565564,151.7545164,754.4123597,81.53521336
16.26525344,61.88804976,15.45070471,68.62385165,977.8094272,18.19243745
27.06027727,34.06050979,15.3444723,128.1651197,934.6291418,17.63102495
16.14265439,52.09899034,9.16369756,70.78952192,649.6737371,52.16778261
32.87548376,83.09480743,20.53494732,260.8717548,337.5373203,68.71438288
25.59618114,75.31419187,10.97724317,313.9868259,781.231741,2.244052951
28.38696702,49.39480704,16.60820046,70.10384346,728.3073212,54.58404902
31.63147852,86.29098912,10.43044451,90.71699969,630.0011083,29.86991287
18.00621245,34.5961745,13.50335746,268.4862621,728.0463056,75.6881518
15.77183124,87.67408223,9.150292505,409.6309695,652.2277731,46.8871907
32.57762292,44.74230555,17.66015585,332.6041305,567.4411208,83.40752651
21.29866455,30.54565082,13.5116872,97.11959905,474.3599335,39.69759755
17.57957816,56.02848219,5.32234609,449.3940232,140.2375371,82.70895488
24.36922474,51.53822578,5.56329988,462.8526057,879.1191272,71.65070842
26.96612151,62.34534031,14.42268637,196.2305725,878.9865243,82.82573868
15.61941207,77.80637163,8.664517338,327.2080063,634.642588,81.24204632
20.49791317,80.54584813,16.70084096,271.5472176,341.0958746,48.63644185
15.65599749,54.07379998,13.16383564,473.9106959,125.3179396,36.80914081
23.40670778,55.79074462,18.08839671,278.9368398,101.2859238,76.51448409
32.90200058,38.89066382,24.04790348,481.9846162,165.6166508,36.15240768
34.65304823,32.85285653,15.5747227,139.7041477,423.8976937,8.939657039
27.74095107,68.47289941,20.74757207,205.491541,269.5563514,85.88446474
18.23275388,33.86625753,20.06081993,401.605358,338.5522771,39.71982369
33.1169878,74.02980717,23.43582209,402.624831,729.6943396,13.26039508
25.32495646,62.3454087,9.280357345,379.4824733,963.2347969,64.64768127
18.07498624,41.91497869,21.54653942,436.8251591,286.0982587,88.97732478
33.43453339,62.37137661,23.11040757,366.1457778,519.0795407,86.0965521
30.14938101,40.979863,12.85525962,336.238315,992.3314613,55.44468207
29.63410545,56.32423245,11.27632389,256.5162559,938.5069584,8.807111702
29.18361408,77.97361897,24.04071819,260.1894845,417.0846727,69.66030819
19.00679642,57.7151576,17.55265644,232.7726719,387.7201421,60.88287002
19.22013383,38.9219591,12.6135297,329.0953099,317.9535763,21.01483389
28.76585997,73.42972091,20.83655442,232.9987682,239.8625648,90.05402563
19.394455,41.20610498,11.08947803,116.3724413,514.0468712,8.666773724
23.77343394,74.31299246,8.528151721,97.93832729,407.0084621,37.30382586
30.64003651,58.76113735,15.87939272,466.0125239,770.3538345,9.453305313
30.67905036,57.22450555,16.3242409,61.13250839,313.1798534,91.19448566
24.06523545,81.08610227,21.51492965,97.46026781,762.6990151,3.538412911
30.84379877,72.51621146,14.1405471,250.3871936,359.3319274,42.57647768
31.77243592,31.97464782,21.29173079,168.3168201,633.4559062,86.17786867
28.09551503,47.77045888,11.22645359,232.6320052,674.5870868,25.13823391
19.56851705,82.25523965,16.50736404,102.8513217,704.603283,10.50122706
20.48023561,31.09957011,9.169455578,108.9081216,257.8050874,12.70043316
21.29682311,62.71520678,12.70891902,410.2960589,354.4402327,40.49350942
17.33608215,73.66954015,22.15079396,391.5989348,321.5041169,42.85818593
20.46319241,67.31136513,9.319763869,96.91378958,618.5443699,71.80769374
19.19038449,75.63193213,21.20478926,350.5056867,168.171762,23.79286641
24.106575,73.54151093,10.65743316,324.1900955,566.430805,70.18396796
33.16875096,71.52184171,5.689794394,371.0132252,178.7203501,99.89759791
17.08960634,79.29239166,7.198691401,263.5020071,403.3503909,86.42508729
29.40535848,68.74144011,19.91759091,171.4940724,718.0354837,63.55743407
28.74566009,54.14510966,10.24141853,348.6556262,471.3076495,93.99125011
16.91508397,58.31454659,18.08291184,217.1108419,352.3076554,99.11091725
33.4514481,73.00348696,18.98397806,148.5288055,654.2714583,57.02738914
26.36944404,82.57836178,11.90236929,233.8830562,766.2422012,27.36301257
22.27451042,46.33312805,14.49837974,393.471426,329.1264413,91.49832596
30.13077167,50.52460776,13.07534181,264.1069384,369.459911,84.41947756
20.14730917,85.84436378,23.94697993,184.9389185,676.2645253,8.46112615
28.87019674,64.71070754,11.39897725,424.3408767,968.7009342,93.63747018
15.79422415,40.73770903,8.666460844,446.7396898,292.484383,36.62198372
31.78816075,69.82170833,12.31185686,244.9626907,688.8228721,32.20859088
23.96341694,89.44572933,18.39031415,218.6096093,915.930857,34.32693572
27.73385829,79.40721387,18.94725381,325.7145262,515.7700885,32.0018315
19.4247564,74.74446819,23.48114631,76.08850073,385.1598038,51.60251795
28.54147425,42.48279926,22.6350897,361.0954223,700.1839587,57.97737218
30.44480552,82.56838708,10.76641041,402.0294224,128.2886258,42.56354374
24.46426374,61.54733061,14.10326498,228.8488673,424.1444955,41.25789572
27.35453848,83.35740132,19.94537976,128.5771325,332.1766241,73.73137946
24.12651848,49.78966977,23.33074561,62.96826881,302.1595325,0.302753828
32.88182739,33.72306316,11.74330026,336.7605198,261.7833372,94.68864616
24.95738361,58.55855812,13.88882868,171.047033,763.3569714,71.44336561
31.83617418,46.19025629,22.98956541,258.7503142,959.5898158,70.72525286
31.02704117,72.91375739,12.16967746,223.8599847,446.2935808,42.19633662
23.21009643,87.42639317,14.61025972,128.6981582,144.1929762,96.57868216
19.60168984,71.45844907,23.09008282,278.7659008,747.0206323,0.032323168
23.12164265,83.21603578,21.04486436,256.8170852,584.383901,7.648141012
31.52434752,57.18144082,9.8686185,330.8664303,751.2801525,80.40643031
19.55265072,76.29844423,11.49590131,163.3482475,683.1137478,73.87008811
25.48872692,80.5826062,12.05917455,146.5875859,914.8923829,27.13554962
31.12193496,72.65253766,23.25476947,416.4552769,226.3961735,59.47598801
22.0695495,60.46663716,24.97867474,365.9865102,252.2456607,53.20528512
27.84419274,67.55196658,20.48008604,397.4929033,407.4123016,52.71147442
19.91263148,72.03041974,14.68652605,105.4804153,542.2499344,59.55613044
17.18558891,45.18506419,5.203476361,150.8178395,933.1424029,99.3735297
30.8876845,78.57475565,18.94976113,308.9891823,916.2678064,98.73449432
16.97937247,87.01947234,12.78722329,435.7406061,884.6849073,98.16816942
20.4276279,57.91435891,17.6597294,451.4515894,300.2742405,54.86843909
32.10218844,72.06403099,17.13387927,424.359483,756.7087395,31.80938929
21.92938574,74.22155435,14.61664113,69.52907574,445.1425697,56.01100384
34.46090699,69.73485285,23.88774795,419.3956331,938.0646348,62.26884933
34.5946867,62.8269065,5.462926907,454.5910299,293.0822527,31.14380687
20.36552041,82.89887727,19.24264969,75.53709057,227.1321579,63.2775915
15.81956444,56.93560256,13.19679737,237.3264022,858.1466572,62.19942735
29.10126568,33.66617739,19.27580901,291.4746455,745.2168356,90.34714123
24.01973005,80.67338254,18.50439295,154.7376678,839.2795104,23.76036378
17.01505688,70.43887634,5.204760052,282.5085452,242.1490489,69.76098258
29.15045638,80.95551759,10.7067699,448.6801046,896.313419,45.07613731
15.62349818,38.31284655,8.78183041,440.1241279,709.858321,12.99156747
32.40393381,31.84517643,8.339727059,472.9267766,686.4047226,31.61826733
17.77305058,86.06247242,19.56953368,267.8494093,624.3254768,5.727703445
17.54623757,38.86369835,9.791026982,234.7551254,788.388837,31.93328319
18.51344596,78.57913992,14.4947523,349.6045186,474.0474825,6.901364728
34.20532717,79.39259653,9.939779906,237.5422599,219.5391213,92.54450559
28.86338721,72.52231203,16.60467647,68.8750682,585.3383798,10.17459567
31.02743071,37.87573267,19.41147536,373.9646535,773.291762,81.73413605
22.95269971,70.04391747,11.62149477,176.4427736,238.2827076,90.61264104
21.72625455,83.345195,17.06041697,72.08839052,301.6186009,46.7670558
19.68968014,55.53189869,21.49709549,59.27948444,726.8910599,5.3926216
24.61296057,54.81101126,6.884485703,469.1125709,342.6858407,59.57856834
26.03657467,56.57149857,19.21341198,163.4342039,252.9467745,23.47683838
27.63549687,34.93631344,11.46289889,251.5546366,900.4528696,17.66584037
20.14237008,83.52153414,7.45299913,477.7594038,244.8058204,56.67638899
33.97308162,82.15097184,15.91308415,260.3826405,409.7337211,35.63823948
18.39516996,89.87455931,9.525246385,85.37419559,485.5872632,73.03785768
34.3130635,65.11098849,21.42723585,298.3712213,528.525987,59.12510553
15.29712245,75.07149819,5.857918191,89.68939405,425.1789332,82.93412737
24.62251384,42.16031438,6.973057925,92.78954527,921.2846495,5.838586367
21.66735676,70.05172909,15.41992252,433.1646832,692.7626991,23.49190447
23.98246828,68.98397093,16.77883568,180.2396945,423.5451843,56.6989684
26.41329158,84.07252415,19.59773329,355.4015901,421.9477476,88.04282324
23.71178316,79.84756337,10.18521457,279.0159509,552.6572493,81.34316728
23.29693701,86.30798776,21.83520816,150.047011,130.2968838,67.95313389
29.65446831,82.13000836,24.0628468,283.0191344,933.9785549,57.40720354
28.7175255,82.12163369,14.98078607,81.04709115,300.9784399,63.1459237
31.66542564,33.8233996,20.2106273,206.2455573,727.8333091,21.36077521
19.99917962,80.75771716,15.49696709,285.2763013,799.9504723,59.51931875
27.1905702,66.44870367,6.389340588,152.7774521,844.6447137,49.37615893
26.70389571,52.82666711,11.52223026,347.0846586,249.0780789,38.4434481
22.39475622,33.39087746,6.749733793,73.31536476,583.0237628,88.77305171
24.72115084,70.66042649,24.77758239,268.164454,175.3069259,82.94157247
21.27564287,49.69210503,9.580518241,371.7481016,824.3131108,7.673565975
17.83688795,58.0665759,17.71800839,243.4757265,537.8063806,98.57294416
19.27602421,70.90370622,10.68690204,443.5638869,242.640153,22.9984203
17.11027293,84.70647282,18.06492431,334.4867516,746.811051,21.53393873
28.6613915,79.52621494,9.208033817,481.3218122,398.0528639,94.38162463
28.21454786,57.03582775,20.70540132,177.8548157,203.0559434,44.4802428
34.01212743,53.26698945,7.216232057,472.4551989,514.9664425,80.53647036
29.59356827,44.38678433,22.903008,323.0701654,311.7219388,28.8202279
16.04091678,52.34560507,21.80843385,385.3305046,955.1996522,87.31711161
32.68490348,36.66278324,18.57614687,455.9725027,425.225492,83.23047654
32.25350326,88.2663305,6.348292543,298.0387346,615.2076146,51.94786716
23.86640642,64.43504664,9.171380567,437.9813564,953.5248986,70.50559599
26.71726101,37.66835057,22.18723191,293.7636228,454.3490679,96.4028161
34.52156665,51.16836056,7.439488686,319.6395174,422.3141864,45.20454399
25.64608728,62.82234862,8.118641926,250.2943578,246.1650764,49.42048747
33.10643657,61.9731382,15.88006648,115.5373483,944.4732081,72.28037522
16.66077516,32.13020212,10.48354879,299.076455,820.6703005,38.64265607
18.82103737,87.05046205,9.441513999,489.8517036,298.9098901,96.12297247
23.81509887,46.52254089,16.51626864,404.2336981,399.406985,4.043576989
26.69513617,30.97108014,12.45153353,386.3743181,923.4206003,40.33778958
31.32455704,34.58664054,7.811197935,339.4889612,583.5516362,71.3851067
34.7652423,64.81169419,15.69707535,206.5589031,600.7008579,42.93806258
22.77702993,38.26713124,12.74024807,126.3268375,683.3300338,25.92486093
15.94831272,32.50348757,19.69033549,151.0482207,785.9474361,41.34541576
31.02343007,52.77758798,7.055108846,52.84494029,945.3569911,88.15167976
27.08761438,67.36567154,17.41226488,353.0661894,822.0025661,54.70072525
18.97085718,36.71038829,13.72986654,415.3449014,941.0942786,33.51101928
24.89656913,48.79966993,13.1212375,171.010108,838.5487823,67.15229842
29.84620491,55.0656403,9.64575376,91.33267984,141.7906546,61.18450609
30.40823574,39.56760587,5.608520564,201.0771805,205.7811585,56.04468154
24.99236824,60.36443391,21.95378389,181.4230532,896.4036331,39.11572707
21.1042906,35.11284521,11.52820172,252.8943623,124.9268041,7.220030762
34.47485164,32.79110978,18.62182079,168.8459244,814.7571839,62.07314951
28.26725222,61.19012203,23.951748,202.8797174,864.8593587,41.97887634
23.16475039,44.87381837,16.29980596,458.3996507,473.9181059,42.87640883
20.60926448,35.72242847,12.94293805,200.6759088,419.3692775,23.40804346
29.62205966,55.43475525,10.36547133,403.483121,274.9637972,24.94200004
19.84366891,84.90844437,23.68087585,331.6251651,144.0269845,78.74613052
18.43419978,73.4515468,18.64153636,201.8920755,770.8446607,47.93647954
25.59667778,78.93695492,18.30562787,418.0047214,166.354376,10.92979092
20.79974785,82.31483933,13.5231665,317.7842313,950.2026652,4.585096489
27.5781029,88.35766448,21.90097426,53.87842742,367.0691165,22.47154673
17.3587735,75.79479441,19.27344374,80.92769071,814.8198858,48.74417858
28.09882209,66.50447532,10.66366544,388.6878018,153.7143859,61.72500937
20.66593056,51.92555282,16.9915732,250.9375053,582.6508162,14.36787707
15.00485869,40.89859419,13.60387909,232.4785063,414.1895834,43.38590464
17.53872115,71.19959244,5.131803257,115.6222329,127.0009947,7.255218277
33.67230756,89.69699917,21.15246863,120.7933673,690.219419,3.772588802
32.34709278,58.04152108,7.456606978,408.9886025,948.8464488,86.33479393
19.67218064,73.42076209,15.19909012,423.0577103,109.6774905,65.83342196
30.56743809,59.705547,11.72452386,302.0011433,343.3932336,78.10937854
27.17143186,55.9160054,11.84178082,182.8075144,733.2451684,18.18774264
34.41809423,54.61833681,14.54729767,469.7153675,884.1283516,32.21576832
22.47211319,60.27748098,24.94046208,330.7830759,271.7012562,44.37913032
28.62921225,52.01373971,13.16759361,408.4889538,163.6451061,65.80343448
16.27071445,74.92639931,8.646584596,51.47731413,107.7772603,53.48437678
22.92494694,82.4563216,17.27212676,252.6438204,293.6857795,55.14572479
34.27635322,82.9731184,9.725754161,441.9270888,164.1855628,15.69428488
25.77961749,43.66192281,7.110982734,202.2049775,423.4438802,47.4787016
20.75759007,83.75454832,6.003483441,376.9480296,496.1131975,82.37982881
17.40541926,50.49307391,5.45762548,345.9536713,531.9314253,50.94608524
29.0705668,48.55845993,13.62329297,118.4982649,228.0963792,19.9741809
27.89712087,73.60536344,13.5345156,398.7067223,517.5892439,41.33971898
22.47877427,48.28178041,8.710908002,100.6370556,108.1464776,75.48086349
34.01882704,33.17798434,20.68038108,377.5613435,315.4789793,13.49924196
15.44405626,52.41706634,7.585412558,495.9357516,432.1774444,58.04633851
21.07447703,73.28793602,23.30634385,481.0916443,206.5164183,96.53147183
33.42138973,49.61750522,16.75151955,410.1087844,832.6041376,38.03019098
21.41870877,67.77354336,5.552327522,290.5328409,281.0911531,4.364124317
20.04505668,69.60716666,24.25945251,353.6710591,779.4007405,63.3104004
25.6844082,74.0241607,11.15882519,377.6487757,526.5037355,4.710351534
31.476035,83.82782798,13.99949919,53.78068593,531.7687838,19.16056644
17.06293522,55.95386996,10.68537386,96.06479943,680.6749025,4.839727615
33.86041419,39.9859246,19.56842596,318.6766094,139.8499405,17.06506128
30.90145762,49.13554293,14.71360441,52.94054306,170.883406,85.49322174
18.62500511,55.93003531,7.647459188,459.0075428,394.1591408,73.48513177
29.24015922,72.83348816,7.084079047,270.348221,475.1402505,34.18526388
22.69917445,30.78732753,19.50750827,165.995184,486.9467175,89.71378215
23.04589356,48.94712301,9.741628099,227.2195263,709.1984177,66.51822157
30.66580185,76.79055486,7.755867493,432.8493848,100.6345107,44.77465957
34.25569616,70.2514622,14.98855194,467.2367932,963.1945829,6.833288123
17.53311746,73.90439842,21.05530575,102.3057412,257.0386699,73.07213685
23.41260474,78.70864617,10.57565492,400.0822853,323.7685087,37.55261255
24.61883216,76.99414313,10.52863223,310.2022032,915.0644661,30.28290042
22.52623634,70.93098997,21.67762521,313.4762409,104.9422608,28.82730134
22.26378247,56.37969194,7.956675891,400.7534549,992.1754734,0.770922594
16.04537335,89.01589973,17.33455184,150.2801091,132.3616021,74.26452028
28.71077241,64.14439174,24.10026966,288.9702356,208.4909675,14.5310337
23.72428834,42.16615256,21.82606299,193.708677,316.0960413,52.06448389
18.89587605,47.56877131,6.236304676,92.53055524,494.8494761,1.6081402
31.32067005,71.61374736,11.39821753,97.2857505,566.6063803,62.78832879
31.05121496,85.48437391,7.847489312,111.4121618,194.2466241,36.94923487
24.72783256,40.72320775,23.98481275,326.704932,166.3065088,63.07474514
20.96901322,34.94078974,24.71883132,97.62358927,128.6731328,8.989494702
27.76185452,82.89186288,9.699860411,306.5467292,331.0756306,26.6333846
20.76304272,84.91667873,18.3939809,314.7336761,929.3796762,11.0306793
19.72015861,46.58276072,21.83263464,456.7534296,450.858267,64.60707779
29.61029308,52.63714346,9.673605688,331.8694683,787.6066529,10.85534959
15.80650479,69.61127985,8.753612686,493.5145284,271.1693751,61.71022115
16.89536942,49.79580125,5.224220465,63.94666097,158.2113032,13.4690471
15.13576348,82.6295225,13.23924914,366.8657615,598.8518096,94.33546056
18.05886373,36.45472216,22.98874925,61.91603512,839.8831603,41.63806774
16.37980017,32.27893326,23.05959298,378.21991,908.613925,12.65900796
34.91604736,42.5091724,7.55486255,223.6325941,591.5841432,4.18104504
20.7761994,47.16526669,9.087049611,325.0884944,364.6290556,32.94225539
17.98536025,36.77559548,13.16094662,189.2921324,198.5605707,89.13864243
19.81992516,33.94142576,20.6124909,121.5972676,701.0405688,14.38151619
33.72251143,75.33646281,17.23702967,375.5806331,352.3931354,79.08320675
25.40320446,39.85659395,15.27699487,457.0791711,859.566182,41.73718285
22.29636193,84.83533194,16.83863768,132.6120997,644.6090066,80.29278507
32.46782916,52.07997969,6.923993876,464.3163505,872.990707,87.42913488
22.89980541,70.23634858,14.55327285,113.0819491,609.987709,99.78175576
21.7001714,43.52412689,24.84126579,381.0478471,794.5681264,6.819747663
19.14565045,44.41936611,6.768922939,481.7503212,364.8746358,79.63012607
22.55593648,64.48255217,15.38493355,116.3168968,552.7529113,6.968888375
21.33368712,63.63857551,10.91298523,245.790521,117.4657356,31.47927118
28.54607919,76.12375368,15.79826594,201.8558671,647.048569,64.62322546
20.79165409,75.46879834,16.4763752,224.8149876,580.3654128,44.7288435
26.54399493,70.24126588,16.54945796,388.9128826,779.7540902,56.52568753
16.3178433,56.94783395,22.04417571,347.5350197,756.0603689,96.61921209
18.82578313,83.43842318,12.79494829,485.909134,664.8553017,81.86567582
23.14810543,67.35470941,15.32708325,133.4657765,151.0168723,36.36695572
33.73898508,89.41190943,5.218567979,294.4673912,912.7087365,59.99446348
22.54503971,79.16218908,20.79101203,252.1067654,116.2172718,4.848302804
28.28148242,32.65858867,10.18975415,463.485249,822.9408944,45.28982371
20.10174445,49.23563442,21.33110048,54.77865461,531.4117161,60.83965354
17.54067152,64.31254299,10.31277333,495.1266803,836.1942066,71.47171293
16.170732,73.28817227,5.215769925,265.8804415,518.5628863,90.15172888
21.10826997,63.02018987,8.096626364,331.4928413,682.2440246,28.30582335
18.15322054,77.16782535,24.71365805,212.0236501,426.9389552,90.21704335
18.48020896,46.95933917,11.39602492,433.6370014,769.3108625,66.15185161
30.21518617,41.03472307,7.17647804,302.8945753,328.7585576,7.764572228
15.31676142,33.23500103,7.375176073,348.2649213,747.4203207,38.03328839
26.15620251,64.39882467,11.20685428,342.0071186,274.044386,47.65951187
22.58922761,71.31597124,5.752900822,213.791963,749.9509153,35.24872658
25.131,49.56898303,15.22977176,84.19594811,364.3041747,11.59396701
26.25660474,66.81505109,9.27481831,413.4678017,350.7685948,55.15845628
21.26735389,33.12943385,15.38621283,180.3721636,830.3445437,13.17534296
20.9021772,35.95760078,7.815284374,432.0186028,832.323373,91.50272064
29.66803699,72.10528634,13.59714458,323.889354,722.2621326,86.52530608
32.42553976,52.08418231,16.95833717,209.1667811,931.5177677,47.52156587
18.85163265,70.28004187,6.239998767,317.411217,240.574324,6.77486461
16.95237521,79.90326722,12.97498619,340.4717116,342.3891882,55.22054097
32.95591613,81.15734625,11.05047642,368.0075335,364.612678,59.2236711
21.99790927,40.33005873,9.80719633,420.0521605,374.7577037,88.84227995
26.02634781,59.17713434,17.09069252,121.889724,395.2287855,6.751751703
22.19086289,74.03560342,16.77083972,474.8649731,727.3082594,69.21047728
17.51604673,76.43883578,17.61399613,234.8782765,343.682329,56.28048915
26.7866329,77.08055884,8.177653409,437.2026343,357.3299394,17.47745337
25.50281704,43.69004006,10.7141849,149.2158179,613.3731252,12.17334477
19.05987118,41.55208906,9.19357556,63.06303749,274.0229696,69.39508305
24.03738089,65.4007481,15.8100721,308.0048196,428.3987559,33.98208783
30.93895008,74.46514786,14.22131378,196.0998256,152.1463498,99.9939696
26.80852206,49.14837093,11.60587475,493.0079022,957.2923973,89.40031595
16.93834654,36.28230941,20.72029618,97.00405462,385.5769094,56.57174733
25.96042994,73.00478297,6.879474888,71.2862897,865.0379202,64.17315857
29.05476599,47.98186988,24.49793378,70.25801835,576.9510347,15.88865626
30.85406812,39.98176346,7.330881556,147.5931629,305.3909416,89.40047006
27.58235157,38.8634117,20.46141625,310.6360024,274.0848166,45.89337743
18.05316329,48.89457285,12.36460378,277.5035181,725.4646704,52.13539996
29.20346533,65.56068395,22.30524458,207.5341122,968.3819269,87.31290861
28.54683692,51.50413432,6.483398976,89.95689834,264.7627485,0.625032948
15.48853766,31.2397111,12.4944342,155.1816927,203.879095,49.43466007
23.23495335,35.81450608,11.70886813,132.8661792,448.3894109,62.67666529
21.65900494,47.43019483,24.86314076,385.5500767,454.4294923,15.93100045
28.38824129,69.58226893,24.7109799,400.9758724,825.6276763,6.830040353
19.32271625,35.91090441,8.796079173,399.6563059,522.000365,53.49341367
26.81743846,63.63941121,17.59893921,486.068245,156.2150695,54.75290575
33.26411924,37.19315225,15.7103884,447.9070759,928.6009225,33.0250506
30.95604744,42.69691964,8.087469825,274.0121362,435.8691042,88.2231277
33.42915472,40.33131165,8.355594122,236.7212094,701.6785574,30.10845865
34.57011934,34.03371813,24.78503457,462.095833,700.7394444,51.64794747
15.21340254,70.27978904,14.05459987,325.0513634,150.7078707,18.6715039
27.45482553,57.80421284,7.51602584,182.4794002,103.2441932,1.116030548
23.25678796,79.86320645,9.295800775,304.0088125,179.2333255,42.60278537
32.19708981,35.9334504,10.36696134,496.4672402,960.8780197,52.69483733
20.03629404,38.683976,15.21834527,432.2615271,814.5936541,76.46798563
34.62058978,48.38746388,11.71096259,176.5758722,218.8110491,44.87720243
27.27415939,75.95195922,14.10023572,478.8294917,653.3828784,27.87321798
30.87074804,48.34552939,8.329991022,491.6579502,650.7763755,60.42366718
16.71199106,54.50512245,11.53457381,154.0251317,100.5031845,38.11751712
18.6691577,48.09621398,6.406331854,453.0164533,486.1578416,23.34247238
30.16807346,34.81345751,22.79420547,447.441223,740.5979235,91.03479864
15.43973044,86.36601737,8.975049543,67.88910796,268.1135624,53.66907931
31.33755972,62.91233952,20.13800271,351.3601369,865.8134488,20.0477271
15.27898037,77.26999129,11.99103576,187.3763209,694.2744047,67.09113343
28.14237678,69.50142553,14.48794638,353.5756819,106.2318674,80.30776139
22.3018784,60.85525674,10.82522079,461.1014124,869.4227621,75.85337555
27.22989705,35.3806954,18.92882542,274.4506616,117.4600266,59.9537411
28.92062814,68.56401272,21.89092839,236.4857739,899.1359237,51.96216343
21.84950438,39.32222136,10.72540369,464.689072,400.3469718,77.73236831
17.15924896,54.86299016,9.844352873,488.351713,728.7852297,70.81222041
16.39291735,67.74678861,18.62880531,78.00634751,808.6878718,57.14771182
26.77872045,76.93374003,8.903061211,465.2816311,353.141938,65.77205648
25.41310707,71.10271054,17.79679531,87.24584008,420.7931501,16.86258445
29.84402018,70.29201174,6.888561594,201.778796,558.587569,1.993353821
25.1947102,38.94253255,17.4027432,393.1583551,624.4223786,93.11361028
23.4489158,50.7677124,15.26813468,399.6666419,362.8377155,93.52846952
22.96174356,32.57473636,7.278114312,376.6198508,993.155832,78.7970781
15.52893805,73.16861359,17.9820727,67.60061963,763.3042059,37.23042025
21.71114403,87.15515888,13.93114314,109.8347216,346.7368088,15.07506963
34.52040315,45.84662341,9.342301016,471.2974242,676.3889721,35.73321211
32.47111152,35.26180255,12.06768311,86.65762478,491.834081,72.62334668
21.58756134,58.53420461,14.84204211,85.34566264,874.2960024,33.51999652
26.7559081,81.40189339,6.831084545,426.040672,396.0550637,79.59129431
31.94593491,63.11845172,24.15218966,338.569589,269.0685893,67.30133045
23.82548674,32.80662901,18.31124312,208.2452251,141.5226329,62.99796116
15.35915728,88.45633443,7.050699626,124.5697192,985.8783087,93.02368467
16.49020924,79.7189946,21.45724369,447.876689,423.2995063,89.34162902
25.20785443,37.89564462,11.45109862,494.8419909,298.4666216,71.16654669
34.38878751,85.30786539,16.93599073,72.4872778,542.5916261,19.92475334
28.86419084,57.04129732,10.54285683,299.3510219,362.4753898,93.89242247
16.41832383,52.31387943,19.6681189,167.5866132,309.6100309,22.71224516
18.78721752,57.66319983,19.4601795,424.5740751,654.7460502,37.25831553
30.42646286,80.07431741,16.04086914,205.7328913,167.3635667,82.67811754
31.8287952,69.5687807,9.818511849,371.5831801,558.0936547,20.86571078
27.35389172,33.55490714,10.07407615,292.7855397,448.6881712,63.86032401
27.88846339,87.45626227,12.65725593,293.6855217,579.2763689,45.78363803
15.56674901,38.86704801,7.900243348,436.099744,388.3965608,62.40333089
31.57060519,74.7340771,11.75311426,261.6819917,613.2888288,95.8050771
30.76550416,68.16819183,18.68709202,430.5197904,173.6366899,80.83642789
20.18070288,41.25168288,21.6169056,213.5420726,438.5430605,29.58226361
29.1735344,40.24392457,11.65164581,128.6523241,313.7487474,5.727426679
19.29709213,82.21965562,9.671805165,254.9648199,494.2807419,96.70443329
15.80660322,55.18169541,21.65285157,274.2601016,458.5024962,58.51724265
19.02273085,69.27459085,22.81408055,265.2724389,668.0652955,17.31051394
18.57257754,60.24426023,13.20043047,413.7486853,665.8819553,62.7108675
21.75495993,73.64121102,5.538083077,304.1055237,472.0282727,4.221645521
23.36898994,58.7545425,18.89923242,449.7998323,263.4608413,18.75219981
25.17077783,47.24279492,20.68066472,281.3834727,623.7222837,63.26304204
24.53507751,51.80300226,5.360485063,151.1217873,969.863833,40.24773131
20.41349212,81.54466167,16.90061707,108.2731281,266.8984519,32.50917272
15.58341337,58.08208158,16.76737516,440.7632694,162.1532611,65.54946499
27.10203244,42.80695993,12.57415817,75.27775951,338.1050669,86.64035168
22.9148966,86.07632328,19.99534652,102.9243254,471.6283013,67.85910993
20.97344315,77.79602739,13.56358076,78.64633351,375.5695796,46.34404406
32.33882086,33.33996876,18.53551904,240.6803887,851.2387385,65.88638311
29.93486616,89.93657772,15.34234609,289.6770274,543.7249052,69.56522157
32.15531097,71.69560179,9.969292094,58.94362896,321.5150935,77.50506202
24.89965589,39.61599594,17.13001726,282.0137751,955.1791512,30.70483837
17.61862504,44.23006088,19.7381699,227.1917621,212.5565377,11.44336993
28.92442872,71.54672887,24.47811347,398.1403321,210.6202977,68.18800602
19.1214756,76.78566332,12.60217894,423.4804798,320.7563733,12.1084775
23.82459338,44.34215659,6.289450893,358.2353464,169.0949095,46.20146221
16.30001578,45.41813123,24.75942442,263.0729909,776.4874162,23.07016331
31.50616805,48.42724169,17.47613319,147.2668678,381.5297508,33.20710432
17.51881282,65.88110189,23.92900916,431.2016903,756.8541927,47.06246076
33.06195014,40.3089707,7.07654172,203.751113,786.4637209,89.61766327
32.28461205,36.25459193,11.8406768,210.3313492,313.7666957,68.04236985
24.29165529,70.73184535,7.678733977,462.2051962,566.5272749,17.16366946
29.88736409,76.74587639,21.71020309,489.018765,567.6329586,87.94474319
27.38890148,60.05576426,22.60685483,454.1589304,884.2279711,50.05430048
31.06151285,51.82996262,15.026234,499.2056256,123.067765,20.4253986
23.63610202,55.92256281,8.732124353,441.0089798,385.1203093,52.743817
30.71616968,53.30447003,7.542379381,366.9608829,894.2404423,19.0925673
24.24913634,87.59909449,16.7632822,182.2187298,313.1229004,36.73251022
33.81931576,76.08539431,15.12752649,478.830672,223.1919908,80.55238534
24.72744202,42.48523289,18.89578205,444.4820742,618.5251855,65.8615543
24.25238544,53.05134912,11.10414525,158.3360566,375.2890857,47.79419464
30.70143723,62.64073748,13.0473599,270.123113,520.5650439,22.64393413
31.43155384,66.77915172,5.427221477,81.52504728,838.0114891,28.21694116
26.08978229,58.09103376,17.2028609,478.9889885,568.6272776,97.82364094
18.59595627,78.6075981,13.46287043,307.7457475,564.3008044,34.2936763
24.35516462,76.05636117,23.39529268,160.3402457,350.3644081,61.61275507
34.36145006,60.30947512,17.83572595,181.5796911,813.579008,49.97481876
30.05972386,81.26576321,12.97388983,491.2953677,765.8331616,2.310408762
31.22325208,75.06537183,10.27178362,327.0264313,310.7084632,94.46747954
15.65650998,76.71491092,23.10569885,239.3074058,388.0040677,8.79292619
24.35718925,87.38404677,5.325301482,274.9304578,809.7653737,65.87077441
27.93242267,45.98801647,11.53824935,94.34753257,421.9460216,81.10242561
31.60065367,46.05888974,23.87011168,83.76024203,463.2036543,74.87346929
15.98547307,83.33713534,18.08066014,316.7184845,427.9710441,80.92503176
32.04877771,76.3335824,15.65438143,280.4018164,245.4692739,73.97200205
25.96801873,85.59273249,9.070694358,211.6189361,406.8068816,44.5572167
18.94627941,33.78780962,21.66749549,304.7512786,822.6417728,89.6274592
21.34510433,67.66542464,9.083981252,82.70417725,541.9678189,91.24410888
20.63859104,38.67770029,9.96507063,474.7960271,512.3957349,43.69548779
25.61718069,60.2338319,8.837022857,182.1702595,240.7160586,48.47763496
16.0337136,39.34481591,8.162989211,82.3004558,259.8128547,48.5646397
18.17072317,37.68471054,24.06624992,126.2769227,138.6551479,27.89028193
31.25386087,30.73010072,17.04063192,92.96326152,112.5599784,11.49366243
17.65207981,67.81432874,17.75674264,130.372027,539.2126343,26.19795229
19.66792539,51.541357,24.08650931,237.5393247,468.3091197,84.41038085
24.06741211,36.31129709,9.611501103,382.1229023,347.8398146,54.30562279
25.34241776,49.37026666,5.118350772,172.5567564,991.0418863,85.01981487
30.27220959,40.13664549,16.97767299,246.1669799,458.1965761,74.51619375
23.94664853,86.50168989,15.15689706,467.9407795,809.9622092,34.86145146
30.79729242,49.20029315,14.55300755,183.1197827,289.491034,18.53125004
27.36692614,50.0372114,6.237604225,407.623889,322.3370877,56.72198123
17.26199479,80.3914802,14.08869733,121.0175926,611.5522305,93.58567056
18.12662877,68.86534568,10.7511913,130.2447858,103.6254427,83.94152068
23.74067451,72.61029644,10.49129354,255.2687931,115.6829157,76.38354926
22.93778786,68.16010824,9.447631604,155.3460127,227.996849,76.41740818
29.87088539,86.77177704,11.6505672,456.3626332,300.8089369,52.77532954
26.6147428,42.42004989,12.0626615,72.83853101,575.0645642,16.95263688
22.76266162,89.34235451,11.17551553,318.7726548,717.6064877,28.55445605
18.41520567,79.85737065,24.57505431,321.9032283,380.6907976,57.78928388
19.53674205,65.33835533,23.65462171,79.71166738,315.1638424,31.63534249
26.51002037,69.74229746,16.49020199,379.6538967,840.5300606,78.1566759
23.4687761,68.92955259,24.62109677,261.003895,246.4992862,37.32167611
25.29855018,33.50377344,24.82396021,375.3830181,710.4938996,11.38964797
18.41354871,43.08098991,12.1187942,422.1162437,938.1974648,78.2544353
28.25812505,87.68825307,13.90375091,195.3047084,308.9898192,69.81301833
32.05077482,62.06186573,24.18123554,268.0186473,178.268829,25.31568535
20.15879014,52.7012162,17.17252399,167.3423509,981.7830046,98.11152297
24.83028452,75.7223078,9.258581657,140.6810586,343.6964165,40.31895236
34.51054658,61.47113656,18.78761337,50.26764112,348.0968882,68.04606735
21.66483481,30.78976629,9.114923641,483.6341804,535.3950622,91.04484403
26.9009269,74.1742558,11.78715487,248.4178112,307.9518931,15.59965883
16.803914,73.9330536,9.551203262,55.88139788,993.5851199,87.90217907
27.12030005,39.90892273,9.899604319,54.02235991,138.6692973,70.39128644
16.79263547,87.39960531,5.093111631,179.7586558,506.325771,16.7562774
34.18470871,43.43448789,22.61417664,56.27195542,593.5120616,66.45121821
29.31325304,57.46496204,10.91980991,218.5315779,520.2557722,87.45756177
30.76319576,36.88415768,6.72748759,78.32232565,568.4706756,79.9015408
29.08208722,66.19693917,6.739748114,67.66321602,988.8212298,76.06069725
26.79458072,52.5270672,16.12036553,351.2216273,889.2114255,16.13361483
23.99825562,51.19040773,24.85841101,458.0785802,377.5993114,19.06241105
32.1674676,79.61861263,7.900449345,234.2239625,596.3293443,54.7716455
34.13671335,30.57370277,6.992435619,426.5466936,100.2799113,58.01460167
24.98072346,77.87680625,13.76607761,63.16945751,468.6121012,94.36240636
33.63070098,64.28691394,16.26662508,399.9605252,247.4868006,46.86813347
26.6666582,89.16591081,10.88760718,78.25999655,740.2245317,30.25026073
25.76768374,65.36659324,11.05044185,427.2977404,298.9806199,19.07729112
24.08965466,33.32274805,13.48953004,447.0648552,774.006081,5.417095588
19.18575523,33.03871959,11.2829123,403.6882291,381.8438506,6.865357443
15.07439322,82.98917918,23.30663167,419.337061,933.2457592,57.41669264
19.83012454,80.47284873,5.839091426,302.6680548,500.8749415,17.62619581
25.19446343,50.75340453,9.691403197,169.1982242,855.5659477,85.16170954
22.59919905,67.08194905,21.17105592,339.4539512,665.3494027,59.64718198
23.96970456,59.37548142,21.67916249,247.7937421,979.6583934,86.48865579
34.61296439,88.02984331,7.231101579,52.40145241,768.4504756,42.74618323
22.00544741,86.99765405,24.475269,264.5715679,754.9329901,59.5776995
24.04365879,89.03034051,18.867097,343.034566,338.3793842,52.54283031
17.67031103,81.98692684,10.45186112,56.24764686,554.3737759,98.66767497
15.95915465,84.57309545,14.1207573,329.6121512,361.1023198,79.68198932
30.50819029,43.03672673,10.94277239,343.6393578,117.3640933,59.54000822
26.4136635,79.86040734,8.000444997,121.1484102,739.5267994,60.65859893
30.21409612,72.53142679,10.82356129,243.9833833,312.2528497,24.88017127
17.99725598,87.76719053,16.60183875,483.9496704,457.5916273,73.47529434
26.43657542,64.27570971,21.5193939,447.8851525,356.1749085,98.2832863
20.07284949,35.11003,12.2705815,234.8696403,279.6722708,12.94313055
19.56123634,65.84393347,11.95803081,207.4308206,160.4073919,63.7261198
15.23052028,71.19485568,14.36001402,105.8363064,404.1009179,51.78813215
17.60681447,43.21926172,17.891112,65.83508804,173.5704312,85.04111927
21.18536223,53.64680301,20.03232525,183.8582498,586.2872264,0.004686979
17.33757521,65.91020484,11.5359901,473.1275062,117.6616934,13.65848874
34.71716881,52.44634424,16.72704936,481.3760531,946.0178917,3.707278612
21.17265297,52.49686303,12.78721683,415.6337033,969.8275175,16.29332684
17.60647893,37.98519835,19.32799701,207.8711661,374.1884635,70.79362803
18.98164626,86.44480338,8.29349841,114.6318948,334.1751767,13.96714244
26.75406457,75.02966307,10.1384973,317.990064,193.9646797,62.23310514
16.28087048,30.07460633,13.5212084,340.9272532,914.4270339,86.82057577
32.2486826,75.93679704,22.7882958,241.0581062,628.1775328,3.462355794
34.22999358,74.38769956,16.46651579,361.241058,649.1124307,2.678641588
19.93494841,30.58385761,24.30792238,386.0068485,906.2708163,98.98482743
24.00190537,52.17625786,7.065553706,402.3777486,919.7081145,67.32745656
15.44268902,66.40486142,14.20350827,276.0341501,845.5075027,14.06952217
27.81420449,57.16503911,13.3815706,406.2383499,796.097405,30.66919899
23.27852116,76.67916712,17.00412353,61.46439182,889.5171001,98.50051533
20.40116932,55.52749996,21.23929217,356.181965,888.373546,22.72165741
19.13674221,39.23177817,21.82896051,156.0352807,431.7803706,75.28265651
28.08046155,88.58493746,18.40389217,171.7341313,976.052098,24.11820771
23.32434062,44.52239957,17.83072728,91.08576797,738.2189918,39.84676305
18.59318578,73.06153863,23.98059084,136.5765186,433.1884906,88.07042517
28.78218163,38.5893787,12.67374803,496.4037049,497.8445655,2.843894124
26.30144566,49.74075683,21.65566628,236.9255588,718.4179525,30.72351594
32.1734411,56.52165651,23.43007454,467.4944294,424.9890187,48.71927084
17.34951798,41.53392027,14.83078489,123.3047877,843.9019408,62.54947378
30.71333204,56.99757458,19.58205157,141.8264789,233.2572591,2.824165496
28.47033574,39.42976938,12.54039713,301.0160092,916.8348688,41.06709664
17.30021874,63.54039234,8.177580284,207.2896434,371.0777607,34.42871819
28.8964146,69.82279515,16.73007763,339.7618439,237.4415068,2.686660192
23.83094578,33.74605704,8.929433017,239.9209591,872.2218533,35.53677108
33.89969571,82.26792726,14.15198262,415.2187569,315.516915,93.16882891
17.83222701,41.1084531,22.45758627,244.201582,859.0561642,27.46284427
27.85666782,43.52174552,6.720363751,307.5571321,366.6379631,58.55912975
22.63960091,69.6809904,5.608570713,194.48294,940.4778589,29.80957074
34.13629341,58.12506363,17.12955695,366.8184443,297.1698758,10.66661206
21.59949791,59.96373595,11.62122653,344.630394,162.684992,28.972348
34.24371819,37.68929907,13.35875414,228.6504647,942.878047,47.07591389
33.02971702,78.34414931,13.11421177,174.2144463,249.063168,29.62083978
20.40766471,67.02325477,6.73240458,326.3469687,949.7192876,62.41693212
31.07083554,38.1229226,5.071328654,474.4182421,841.5796151,94.9088722
34.91208404,52.43996202,22.96846486,109.6893608,173.7328507,6.927156402
20.05326004,78.62459596,9.355971218,409.6024783,500.621679,71.70043607
23.73554339,64.10130276,13.52157984,294.3462978,166.0596923,0.125640709
25.40361473,36.51892675,24.43851593,286.5018628,396.8079082,0.102149905
20.89862272,52.36662275,21.53525164,482.7578664,416.3527704,13.29193547
15.30529679,44.56166391,7.158617105,322.6436589,639.6699973,47.99305042
19.40258488,61.04793322,15.17038063,423.7330225,978.3060111,4.800403491
20.63873769,80.60166773,19.60158053,281.514762,252.7870961,72.21517678
23.87199403,56.17602809,18.9678557,162.4340153,396.2358683,2.928154512
18.42204957,56.00052182,20.21683705,362.5206222,628.3922448,49.54317747
32.46508713,84.32105414,14.1490931,465.429607,254.2787698,67.60986377
29.09822265,64.57112475,8.518458587,428.553543,739.638696,23.7550606
16.70400955,63.97146524,14.29744888,139.2636228,463.2937443,57.92981371
28.00184902,45.71459351,17.95774498,192.6001036,954.6150661,26.1781415
28.07312953,66.46336487,17.17184173,282.5963033,666.8838507,21.40972607
34.12442347,64.55462805,6.410441076,307.2214829,426.7726401,81.83894144
15.06041743,53.81108822,6.299048682,137.2163515,747.525809,33.29133413
19.958649,89.44173395,24.30515662,153.505553,854.8791202,81.3979567
33.55582959,82.9134579,8.036109101,391.4739811,820.4317876,21.69094118
33.64267831,74.9751774,10.88924928,378.6428375,336.4879547,35.58655705
29.41172839,62.2407353,20.35268964,427.6439666,475.2850169,10.26588137
30.31526642,57.72358811,13.19354152,469.8184133,506.9598949,49.65003883
16.82965916,41.09384371,8.629297065,188.7175035,449.545053,38.15942924
25.2775167,48.34424844,14.34464765,436.8177305,379.7772246,0.595661966
19.63165983,76.43764799,16.37899942,349.7053061,777.4730194,46.48551277
18.62436087,57.22493724,14.05533219,480.9966908,111.0018191,7.441463645
31.20606598,82.93617099,23.37892151,172.4333702,364.189806,83.69560458
17.70076273,38.87466818,10.6939859,171.3521757,227.4555313,49.36931743
24.37303274,60.50082576,18.22664321,366.9320519,215.8923843,69.00506965
33.77156479,68.81794104,7.245894428,467.7848483,349.2628002,82.11359956
18.71664111,61.01090738,12.84570915,421.0501212,785.937782,5.117790575
34.55986847,83.3536135,19.81986503,377.167801,972.4796822,33.71977509
34.88575972,89.37379691,9.496338812,224.2891391,563.1566199,2.511782694
26.11234309,36.9500795,16.79542091,372.9953006,405.0746358,4.962658597
18.4028548,37.79729424,8.068740584,410.4930094,846.2534197,3.783245124
21.32209776,37.81944681,7.054033827,388.9785559,160.3930827,47.79065412
23.48985665,70.87062576,15.46465498,354.5648592,183.8511477,45.06780476
21.18648449,52.36056573,18.50021992,71.20906326,410.8296833,6.124044613
20.6127116,73.99887968,7.267341325,346.8717199,503.5676495,26.23684664
34.44459418,54.32828837,23.35552505,265.232595,818.0540824,24.44911955
18.06729655,67.65640328,9.515445254,482.7061722,932.7375454,29.66151341
29.66655817,76.19148034,7.399506163,323.2354475,578.1488815,64.07623988
15.00820579,62.89295464,9.053978167,323.7022653,546.0802026,69.70672722
26.92365339,62.37021543,8.391449131,497.3248343,291.7099172,33.90714299
33.31886008,35.29405952,6.813493012,92.1145054,506.0633893,78.82306378
20.75868188,54.64690457,20.9567847,174.3423283,931.2798081,41.7860176
18.71051951,62.74662919,14.91075549,345.2357475,453.6095826,52.24026908
28.0335959,57.71884954,12.77038881,191.8563152,289.614239,14.55496004
29.25202815,84.04692001,24.01255854,205.7675666,403.5655263,23.28954441
28.76061038,84.39183793,12.42016774,451.6902229,563.1351514,72.75552354
21.3863376,79.31504284,8.339454521,310.7092573,638.7265275,97.70422365
20.04404804,52.51788452,10.48085784,96.28951226,489.1868917,70.46535556
34.118376,73.0379491,9.779330672,189.8881636,782.6825616,5.419838582
33.46599017,53.71730766,14.97482559,84.22626942,626.0080439,14.28913532
24.1463322,43.95561594,10.83010248,300.2584701,698.5433206,44.57785419
31.92387732,50.57415861,15.32122344,127.9706884,876.6270322,73.25728629
24.04646955,34.257878,18.3858685,435.7018175,879.1197132,16.59324579
23.48778036,49.90665054,20.54597571,309.7913119,283.1574811,75.08211366
18.13525895,57.64453304,19.20315563,76.71903887,661.0102703,55.5835724
23.52812113,87.32885369,9.111814329,185.3940486,744.9767749,77.45431788
25.74833877,48.80463517,7.317994385,327.3519503,231.2676579,55.76376141
15.45008655,84.14721235,15.84900318,200.9742432,858.4928534,60.25231779
23.8822601,43.73149655,8.978235824,280.9295009,262.4228758,24.8747066
30.62712437,41.45813387,6.698674435,459.2130326,819.3514809,72.01897369
28.60092113,61.13972739,15.54188686,207.5161867,245.319181,84.40143683
27.70313978,70.35068216,11.5358837,201.1427881,767.6006831,87.12908078
33.19110857,32.65993505,20.12298024,418.8905786,233.333181,2.945305262
15.3606402,43.2639519,11.28383261,193.4404353,440.9463798,62.4597801
26.14095172,57.34101999,24.57434274,85.08125486,229.1645201,98.95383342
30.74697697,49.86026016,20.17046383,131.4252294,343.6435867,58.69156566
25.82670765,72.75726476,6.15386443,476.9601129,986.0632996,17.12690075
21.47791105,60.66963576,15.17745481,469.9817567,196.9080905,87.76080908
17.7250113,39.62154634,16.25241002,151.1654409,465.8183438,26.43064149
32.75126144,83.66792276,18.90605421,299.0758429,709.2274068,4.501345956
24.41524785,47.57434053,14.95593594,111.8156452,185.1387134,43.05179678
32.56230394,73.86786654,14.66887197,353.6049328,198.1296887,10.02726934
26.71704245,76.79494675,12.35877223,133.3876082,228.9365853,11.52422868
28.48384233,87.78946202,10.42922768,72.40569031,680.4877402,46.32891474
31.08522309,59.91044799,23.92400424,421.2035632,918.4032262,61.26834121
28.18311089,66.95013093,11.35193339,196.4301722,843.3905086,90.53920617
22.96109681,50.09257761,6.268426492,98.8350816,984.7497154,70.5252934
25.27266768,70.6907576,8.345694786,425.2567779,620.3240961,84.26031516
31.06091049,57.80300915,22.14553272,393.0788649,965.3295742,41.17844145
22.47300593,56.25914188,16.73266918,357.6913027,374.4407487,31.85916951
22.76242914,81.32805175,20.57561099,460.0619194,479.3541345,59.28402668
16.91380232,33.01013061,21.17563092,270.1517391,456.4372312,69.54995674
33.2916887,82.91774567,21.46472878,107.6254239,142.6217323,56.82504449
16.8207263,81.12419027,16.01227415,77.60588445,846.7347417,26.45212739
27.96418355,60.38197521,8.542411914,193.2984581,122.2463698,36.97238893
23.26388958,59.41217125,7.964655045,89.07387356,756.888626,44.83047061
23.11238781,51.70844208,16.47968841,290.9792482,466.3583044,1.41519041
28.59103673,89.6504275,12.33028707,56.52455802,105.6229445,87.98387854
16.34187465,36.67015997,16.16096482,249.6934857,360.9522126,51.14101698
26.87411566,65.41291414,14.96955688,130.3071304,411.5149263,75.10299472
30.44063572,70.90089541,17.04396159,215.7206197,968.232224,17.19112981
31.56425516,86.05980049,5.642235815,353.7653336,694.9711878,55.66436914
18.41060779,76.81220981,5.656733613,207.933697,589.2144324,92.61311715
32.948381,68.63083217,19.43190342,203.6029492,214.3455078,21.42767856
28.12292184,37.00873901,8.862544876,495.8378298,451.9939056,34.58562008
32.63709602,52.42401101,18.04396924,373.4666252,132.1879182,38.83231712
24.70561434,38.33049855,15.93151822,281.2377703,785.5168766,38.33036115
25.8406669,82.87276395,24.63588943,310.7190429,246.499032,60.06225942
33.38076554,74.97726933,21.70811758,329.0821842,634.9921309,39.37702466
32.99819087,75.45220721,13.26269043,61.05892952,729.4523844,67.40544965
23.96321747,69.13539107,17.3282564,86.11906574,429.8582149,48.45603283
20.48825263,60.42261222,7.345789145,342.1352081,669.3338369,15.76259267
22.86340869,38.99826357,12.72772086,214.0109865,787.8095755,94.85682355
22.75528657,49.7816932,19.67775482,74.9498181,265.7114156,23.95163434
20.7373375,38.21494755,17.45343168,183.8809607,640.774296,56.24699279
20.37159209,73.49478857,14.68942649,108.6275392,760.4948219,6.069403763
32.22125873,39.61372656,8.530582081,462.341229,421.3432805,91.86216801
16.39723841,72.12681301,21.06291852,141.3164266,246.2420423,92.79960867
28.55222364,71.53532338,10.46333209,114.6610388,357.504419,36.45439239
18.45640103,57.55826874,21.40958163,331.7759677,939.7672002,12.09801611
21.89011787,38.11371925,17.23218126,284.8603686,421.7031593,76.99841164
16.23086068,48.88804957,12.45462856,309.1696043,196.930529,26.22526762
20.39947274,49.20558654,5.812104439,246.1766666,174.4538569,70.06156374
30.36842142,72.02310799,9.648376887,260.2261899,262.4455592,91.51481971
32.70030649,36.82458116,22.78141851,400.4589001,214.7611021,59.02382885
19.43054304,79.74411877,21.35948688,148.9649832,545.539294,86.1237511
24.27095679,75.66043741,16.49706626,228.4381863,412.7962998,22.46484523
24.40648096,41.17841509,14.32644928,481.0214232,857.2650892,91.04307514
32.47150612,73.14986291,17.94285359,135.4935655,892.9706792,22.6644552
30.25598106,70.11079089,14.32496256,182.1981178,525.9514491,22.58001126
25.26154437,74.88724801,17.88609681,136.2051159,899.6743941,87.9868883
28.41494401,41.33571333,11.14808199,59.22297336,505.4154749,55.49034842
31.94710108,39.45541933,21.76994436,171.4234663,677.7659116,79.94416139
15.19077908,44.18903916,19.03835787,70.91035068,246.2813494,80.24887465
23.05780062,51.95230219,11.59951257,119.6083069,147.3243056,64.69613199
33.14486335,77.61989886,21.6133223,213.2069315,244.0766588,18.90737224
29.80626062,74.27543625,14.74685062,59.32454768,326.6607123,69.2094035
25.85682749,85.52709554,8.492777295,388.8304547,775.8837037,6.363466676
25.59289054,33.51777355,6.55424924,408.0150562,256.1547182,20.06680462
21.95540195,30.69337686,18.99211495,235.1362111,217.589226,64.29118324
25.41041067,71.94832978,22.30241608,493.0996907,934.8484412,90.78097969
28.10766399,46.75724975,21.14883977,355.5472617,719.9221801,77.16928096
23.36726077,50.04473373,18.1130206,384.6747866,525.9750272,33.24577584
29.28306293,62.80812155,7.827501112,136.5351906,185.4715539,82.37017807
32.22464455,36.14478739,6.88088152,426.8469303,866.6118204,96.65972923
18.09369696,68.56166499,11.90059246,475.2708791,197.4325877,33.19503411
24.03094046,49.50884677,22.09821781,156.339575,649.9418786,18.68254317
23.16040183,67.96290746,24.23472541,358.9089325,700.9088434,19.75144567
28.74929608,80.04041478,9.827217097,386.1234719,460.1249246,40.03236228
19.99734931,40.26668,20.24191341,187.3261273,920.0950525,5.232340777
27.8050183,85.85238557,16.47738434,263.7540512,145.6305505,48.77573445
32.54978483,61.84128846,5.636147342,93.89259211,836.3052152,73.22985393
23.362632,85.37566591,15.858327,127.8926618,598.4149584,53.04595398
33.220314,42.46380493,21.11880806,77.70673564,650.083352,97.00502464
34.86327478,66.27375988,10.52245567,302.0744707,988.1430062,46.17007968
17.121841,54.23322704,22.94723248,331.3683038,624.3830228,1.325884514
19.66106376,76.45333147,9.725208137,462.2538125,817.325187,47.01243547
34.00759503,66.35453659,6.529462653,293.9831648,238.1776891,92.98821564
34.16655373,59.67092742,8.198786189,167.2751169,828.3606329,9.586135358
16.95414551,84.77912439,21.74005737,76.76309597,784.9656165,22.29674565
15.29997001,52.62702385,13.34611838,448.2288737,971.299066,71.55592665
18.22200047,43.19881229,20.93891127,265.4861353,942.1395715,29.41006855
34.92025567,66.48607121,15.62466122,381.7948952,292.587891,76.52409192
18.59999233,67.44170623,14.6111825,56.59220687,518.4398163,41.93242375
25.05095213,56.34567729,21.13826303,269.6625152,920.3348604,79.60671248
31.96835453,59.19660262,13.46975223,196.5751804,676.6885627,55.15329355
15.40803221,87.57320486,21.04065462,63.64907268,517.3303548,8.246863332
27.08977965,73.96114148,7.013243299,399.0527632,198.0448854,38.61362548
20.54050898,36.63610509,17.72621631,280.8057438,416.5818105,33.32483301
32.24669833,42.72780425,19.05174113,199.9311093,698.7159542,81.00811963
20.66922299,88.53459807,22.98194792,412.6093178,799.2230338,62.48783075
28.73511441,73.58793323,9.486478374,251.1155533,502.4502226,77.74008085
28.48439265,84.90270757,17.0843976,51.57408037,150.2600437,37.21497589
19.42987098,48.23168784,13.66513127,475.0014344,669.854964,69.17432593
15.695984,74.51201161,12.65543311,165.0572332,929.427753,6.52343871
23.18499148,72.84016251,7.134271104,423.7589849,546.769674,3.672345763
20.78386304,47.68139913,7.684666612,417.3869228,935.5822312,28.74678765
31.17955499,63.04897953,21.73976923,123.0682691,418.6906513,77.36991772
31.00728377,67.64490668,19.99506865,263.3012065,897.7291929,53.40874769
24.14047904,58.86790865,12.64682261,68.08954032,807.7057774,40.88217907
27.13024451,79.6307224,21.56973163,209.5482528,965.5673949,89.66346284
27.08519032,79.97214251,6.615323696,378.9404795,811.9191117,49.73616037
31.54316297,81.0360329,17.49547834,156.6812615,389.3317747,61.33891438
23.50004828,78.20541415,22.36352105,102.7075688,910.5107746,98.58286139
20.5089336,59.28500863,21.77728462,278.2055979,702.7579688,52.23919705
20.30069836,52.88629789,12.4556552,291.643873,245.8623932,78.35026146
25.72384559,79.88257702,19.90467706,354.1230191,141.3685718,41.38255555
23.98296405,59.41208751,13.54936291,391.6119861,429.2610437,3.634042555
23.80241542,44.78228392,21.80276329,363.1142891,808.1777348,83.44720702
16.82274678,60.44061194,15.615239,430.4354937,656.3931359,94.4404594
29.37207481,38.51098932,20.29714098,150.3079089,574.4144438,43.43820244
19.27473376,71.49776944,6.571431646,306.3950358,103.3548711,50.36362686
18.9390726,50.1552769,16.80051943,212.0429108,491.9506319,42.41379006
23.25516641,45.63952791,16.00568355,482.9505607,241.9510499,99.69058166
19.55556683,87.39052477,17.19953443,248.1257855,509.1106574,90.33610536
26.67716535,76.61285975,18.91283216,481.8712699,992.5932898,4.110144702
22.42926679,77.22417016,23.3621794,396.0795443,891.5849408,77.90186702
23.97823445,67.42331816,20.71364164,373.3087379,379.5675437,60.08367446
25.74338643,80.35036863,9.392759829,271.2036704,634.1566537,2.514170378
19.07071045,75.54974887,21.51792539,249.5201604,551.8857101,44.47122779
18.11503246,65.92642225,7.441593552,286.9466844,217.0423047,14.97115841
32.60843806,87.66746411,17.44397171,182.1348783,990.8258642,87.30477556
23.67447406,41.49569698,22.65507616,457.0294729,482.657641,1.269875678
23.24187219,86.60278314,7.022441084,407.4487949,555.0931334,87.31058076
15.71224301,54.08628972,21.99385307,410.6281344,682.8393811,94.08391487
24.95952605,61.703939,20.97241468,244.919118,272.3900798,7.29844665
26.08339443,37.36435917,15.07550868,81.99002671,300.0039421,71.98375325
26.17681742,62.40644634,11.17795205,357.3847931,273.3025827,54.88921924
29.14062339,66.67240511,13.10876456,218.4861128,446.0189891,95.42767206
18.5496367,89.86209251,24.37316271,441.6936406,279.7092608,79.81496809
20.04446268,88.51154466,9.033951123,401.1522973,933.7563711,69.44140448
31.2146093,87.98383751,16.59208576,115.3976639,742.8826417,92.55097207
33.94341234,50.90328361,6.664814958,320.7720787,908.0520123,16.03497311
17.71865495,89.47598992,9.357861284,361.4962667,863.6357173,37.59599881
24.95299109,57.3286891,20.26632776,305.6619109,732.8367564,84.29418592
19.28352505,81.11017553,11.05198081,281.3189793,318.4715702,10.15854571
16.20146337,42.97919814,24.71532141,152.5383838,653.7869779,93.54473491
21.51006676,60.34999078,15.01634086,156.15808,267.6689746,74.51554616
17.8737525,87.96072577,15.33078651,395.6036624,219.2284437,43.93329334
29.19866147,86.82188382,5.726294787,58.4104035,669.3177178,33.87213662
25.67450827,71.02409267,24.13053499,400.5095282,662.1630342,14.76064032
17.87668942,77.86885935,8.484668818,287.0594314,240.9599278,9.36735249
15.18483177,40.5856018,15.76681198,471.3001936,417.1849277,42.3594579
31.16314098,73.29951297,12.9134922,498.7946965,159.6530565,84.30984925
18.52388812,67.0830485,13.31169401,348.5680543,744.1598023,53.18505376
27.12433284,35.49310415,17.86600332,235.5157375,988.7460863,45.11487795
21.73843826,36.7895404,18.24177354,263.7886589,765.9155399,31.90425185
26.70971877,36.50661707,8.085772297,141.8969424,859.7369526,15.69499113
21.31307254,73.46141609,14.99173306,94.6554458,528.7089181,99.00992948
16.73879121,38.50291249,20.80954898,310.443527,186.0256731,2.573259302
19.45900017,58.06393627,13.86572967,412.4727941,753.9458703,31.18159017
18.76117133,51.41890835,8.316089417,167.794933,330.8681801,76.9379445
23.56038705,63.03024845,11.26433886,238.8437646,449.4645579,52.05581562
28.16567567,72.38858923,9.247591282,299.6481478,732.789325,31.38549008
20.2761215,71.08335223,7.516349358,458.554019,914.3060736,99.27393057
15.24139871,60.93119495,12.55162255,112.3840524,537.6241441,61.9169644
25.37874729,57.86009242,15.81872486,156.5974259,965.4450158,29.51557832
27.11518979,53.86893571,6.455030506,463.3387033,567.9131755,84.79531432
34.25740988,81.7145969,17.07646744,67.79101692,210.2594036,15.01641518
26.78941606,49.85110829,24.8604888,345.2520353,566.5903712,46.35740748
24.42345119,45.56194927,24.28249864,337.7866474,874.5649353,83.95887962
26.46803252,74.59892962,21.58346964,222.4644951,584.2406198,98.36580524
33.5580126,51.5858077,10.32682226,260.6741056,772.9798131,38.30575925
31.56756291,80.81991599,5.44815193,434.7130782,593.1618507,13.81096588
21.45957467,49.67332312,21.67083406,124.2419285,591.4491043,56.69295201
19.74508727,72.11668947,6.11440464,154.2053652,356.2848112,94.39930381
20.25267225,32.70654038,9.112561629,280.5576851,281.1344361,66.56117362
25.08842079,53.13377281,15.88906431,234.3854404,351.0269163,60.21595393
29.88098902,50.5938105,8.567560783,308.4676239,496.7541018,30.92919768
25.06438414,79.00072436,21.67576663,464.3776337,828.6310996,60.63398198
16.35592792,88.02332419,20.54319393,462.695908,846.0919966,88.46779975
29.47161401,57.6528766,20.11539011,153.5082529,247.0400345,37.55259888
31.11940257,79.49017663,21.32255232,185.9650758,597.5694227,24.20536539
20.7899573,71.98168206,9.394035605,122.9309066,474.4249507,48.0957572
28.28251479,88.04315926,19.57784752,467.5056672,613.8421531,37.61877943
23.53183802,78.66651086,12.10563005,229.0388586,682.8610483,46.99259935
32.78238711,34.64868396,18.33689519,252.3673152,351.6507934,9.572964006
31.90451116,72.79690334,7.440434573,411.1883513,927.3181437,33.62099994
25.50863997,62.12998293,19.1117316,280.8380628,941.9033395,82.65478069
28.83011092,30.98616348,24.44215456,103.889967,194.8219683,40.03211092
32.66699402,45.07877752,5.872007306,247.0319192,732.716633,96.78951011
24.9143402,85.3053147,6.876578023,333.7358195,129.9088555,70.88448112
21.26501481,85.56368237,7.472735347,373.6440895,141.9074181,36.60365865
30.07332276,77.93102761,13.6112781,340.4083338,962.0199227,25.16636885
19.4013251,88.9067762,10.8156037,103.6313237,725.3678214,68.53679871
22.77062296,78.39271348,21.13840307,186.9550363,392.0874669,30.244649
32.31454474,30.61225124,14.47574478,380.1040902,702.889901,92.68928199
29.48844681,47.27006042,14.69074685,446.0855875,861.2515456,11.63358814
23.0762201,31.83745093,19.34076203,71.23388678,883.8131288,2.874033457
19.29489005,35.64647812,12.23937965,69.00309863,118.4678011,22.10267755
22.11936782,43.13044902,12.06414495,339.5320382,836.4052067,60.66191333
20.68208298,60.21351278,20.13852775,296.6207694,867.8824436,83.49620021
18.52178576,80.85192021,20.60083492,119.9025727,636.0131844,17.01280699
29.86665827,81.71800537,5.287975451,296.7312118,531.9134592,58.4722859
20.04139774,66.97211151,7.875809517,488.5193046,199.8990255,14.41531
24.0833494,85.69055634,9.261963623,333.9050992,315.6524557,56.31786483
22.71718894,60.0037396,12.03200938,252.1135202,541.4366077,1.818227811
34.64154757,83.34216265,10.82896167,422.3896196,878.5717401,55.78070884
22.82184488,57.24391538,18.37040097,145.7701185,822.8209211,52.1775838
16.59964966,46.63350045,21.56270468,236.4468939,546.3366228,4.284793926
16.79651505,84.98477509,8.841739647,287.4955513,807.0643205,68.94168912
26.81507443,53.27610454,16.25960121,277.0429514,789.1600375,57.22545517
26.98727103,60.20424653,12.35632502,464.4376111,621.1138162,62.30972791
23.37517981,49.73163795,15.1155575,181.7006483,298.2929081,52.97739465
23.63687385,69.77025602,17.41515684,75.42667433,413.2033919,72.19936221
16.07865166,89.7018735,22.87199637,462.369742,247.6580952,52.50038643
25.33093021,31.53081293,8.845853357,147.6804457,106.4354558,92.22697689
25.09478951,83.99088036,6.740131741,220.5625883,172.4728882,94.3509333
17.99098637,30.23556342,17.54423838,288.901231,783.663071,72.66754916
17.07678772,51.85367287,12.88261698,489.1462117,130.1375357,91.17619977
17.47144981,40.11640838,8.258053866,290.8707987,459.8673749,92.3154822
17.02056493,75.44050684,7.341743347,251.4844879,987.2022985,26.19984637
27.19416391,33.03665045,16.17819574,312.6373158,815.715296,99.39296781
18.92965305,63.20909722,11.00941189,486.863672,775.5558445,26.74368289
20.02860304,47.69556803,24.94852759,418.0750694,347.2378912,1.853920811
18.47144288,38.02021493,13.11801639,126.0356613,677.557194,96.22249634
34.15670609,76.30909273,9.245732175,411.4670067,548.8406629,22.37180421
32.09234926,43.04501006,17.5769809,428.4945769,661.4419612,58.41208633
19.60989675,43.42051272,9.885097794,360.8123468,492.2345071,97.06681575
21.55132588,46.50460711,14.88172086,345.7550566,577.8667363,4.945039532
19.19785685,65.20600583,14.65152367,248.3946504,989.5566241,26.93119537
24.83751919,69.5799559,14.07115259,338.7629242,396.3815695,60.88239726
15.39221065,31.05615142,20.92171393,381.9087375,294.8074961,76.25580566
28.42736018,44.51217817,9.332260029,105.2691116,503.6449985,80.73664469
25.463163,55.85825055,23.0861461,165.7984821,571.8884595,88.38453772
32.97277857,49.91861713,20.82681006,137.3368455,177.0659526,16.84360255
18.28785369,83.05023951,11.66244728,428.5453266,825.37482,37.00373308
31.08218492,77.26252385,8.612050126,356.0011662,479.8475089,71.425425
30.83922029,67.55341293,10.59070049,252.8503428,471.8681504,71.5310038
17.54362378,50.28254496,11.65272494,421.7250877,692.9558602,30.80546789
22.97118448,72.04034069,16.13866338,372.551603,795.9199,30.42230386
18.40305282,80.61828077,5.927363376,461.1168867,987.3462428,32.06420135
20.09441001,65.68982264,23.2871826,84.56314824,256.1677286,89.20801896
20.2649235,77.06768801,6.973497133,279.1208217,411.0001151,90.95107627
26.12472788,74.94629768,10.58546788,368.0365566,251.4315419,1.482747558
23.22821864,64.30423867,7.185748759,143.3719341,892.7695254,32.50163916
33.95465608,48.73099301,10.13345653,197.2068044,593.6439148,39.20355272
17.52740284,74.74692948,21.75347637,238.5393131,867.1960861,98.23854853
34.4738427,42.40778198,17.30351623,407.4465282,986.7027619,94.41678196
19.6127728,76.76930079,9.546464502,272.1092905,595.1860128,62.83251148
30.45747873,78.27280153,22.4351706,271.7915148,206.3366373,4.58053013
21.77939852,79.32869277,21.01424118,243.8994283,425.1409488,19.12170547
17.86162791,58.37495826,20.07298565,152.8650902,132.5703675,43.42062601
32.1577837,41.54884607,21.95265397,465.382191,864.3708522,95.90356249
21.17721798,35.983416,17.39299363,193.0105043,116.0982474,9.470438929
28.17710808,74.60167503,15.0287472,305.3595473,632.9664911,79.13523521
26.3288737,83.17568307,12.47870052,116.950881,195.5199573,19.1191813
24.43512619,69.05030153,9.475280408,245.4095264,106.8020573,50.78511076
24.91638945,38.64960362,16.14823315,456.7115823,330.535398,76.69708167
29.64475828,86.09378691,22.78984691,497.9593573,596.6669737,69.2495348
16.75545828,89.34612087,16.87963578,212.7883355,167.579121,77.57478194
28.36361324,56.0027166,23.39213723,119.2957458,653.3990947,81.35926907
32.91624203,65.68951736,12.13834739,191.503187,704.792999,30.57424248
16.15576394,76.6337112,18.90275945,197.2587958,972.7282901,36.40305953
17.81306678,74.1833874,17.97330945,340.0289574,909.5833723,81.57426744
29.33263873,88.06723152,18.40867688,273.270526,610.1119923,3.864311182
23.74563296,36.89298546,17.90084024,395.8068777,814.0283278,51.44546976
23.07097242,64.84349197,9.433093499,365.586478,427.2769735,92.04046153
17.73933269,71.51588518,7.871817966,163.0889258,627.1409945,88.50039928
25.13540081,83.40590545,24.57256512,402.9150604,463.0187529,80.43039376
17.53090622,82.44657766,5.905902577,431.3578401,403.3375855,2.154883827
24.53240913,88.67998761,14.35472974,319.2755854,754.8755373,88.76870783
30.27230598,60.72470724,13.50160634,467.4504692,367.0034899,91.16639665
20.16528716,79.84565201,12.20037916,402.3266552,442.497043,66.36700606
24.61572336,55.63690249,20.63967707,317.9281581,430.454414,29.89138982
34.84031939,55.33883267,19.90700577,457.7746988,883.3630845,48.99273713
28.73300847,45.20090187,23.10449847,320.1613161,253.364023,76.26194208
31.82713543,79.09423722,12.90975052,284.5360073,443.3282128,81.30286788
23.29695213,89.14890635,16.28359056,210.3162532,899.0828126,34.33439855
30.35721846,45.3805037,22.84614095,447.2884988,113.7739833,32.60671294
15.81018346,33.36789528,24.87696126,105.2272269,953.0802958,73.61812151
17.45822365,78.93254625,24.38588725,263.0762214,909.0103778,68.6355882
19.06141186,67.21380315,19.35687743,291.8359993,476.0633318,51.31972087
23.03903849,87.58192803,7.864551156,299.637098,687.7227524,42.02604632
31.91489757,45.13435314,5.463720236,343.3504237,991.9599946,65.71597431
21.92532102,34.26165948,21.50436713,277.6080309,599.4535394,3.243332034
28.09242387,59.54653565,21.81884049,165.5681664,187.2088223,7.568957581
29.1862859,35.12796138,19.92721817,435.6249783,868.2769122,57.30867546
26.72364708,45.70740007,10.59846972,345.8863975,220.7364531,21.02787407
22.14483936,37.55867165,17.79635719,436.1845162,331.54449,77.47839952
26.54106683,43.44793078,11.32496884,174.2195709,886.1638178,77.23639746
21.84531186,36.36867917,14.01296492,336.6756027,330.4262907,70.99620806
16.67747477,87.23435997,12.6487017,371.3781853,770.5773376,90.36026856
34.85607956,46.71376281,23.27280174,222.5323222,502.9063109,14.08349382
17.54364907,56.63385516,9.683146615,415.5098532,783.7740511,25.92403374
16.44696768,83.91670846,16.55221809,51.12894868,309.1170205,25.22992726
32.57061498,70.63929528,12.21963058,317.7138876,477.6089725,78.23886761
21.03669322,67.08224883,18.26142224,326.1058117,386.3452047,52.13446582
28.00593948,72.33379142,16.29126282,290.2293919,324.1396378,25.26757901
21.58011459,79.72933543,23.47955363,333.5218191,382.9868792,13.64271418
22.82908542,82.66015607,7.032243034,125.2520857,390.692979,89.30163347
20.24225944,68.55838024,9.412816795,358.1516668,959.8403743,69.21290467
21.86088012,83.40043648,20.32695928,201.1050333,579.9072994,52.85249916
23.21400801,62.12385165,12.3757368,253.4241842,515.8469695,96.54708675
29.40832138,46.63745138,8.315675725,199.8992138,552.9867129,84.95909497
25.23072388,82.80460253,15.06642518,263.2712916,996.5178785,17.81213757
33.87130434,62.48836964,18.04284123,329.7061519,688.2301944,50.81305938
15.83760788,84.36825525,5.896534283,427.2545619,733.1379773,48.60786516
25.06136645,32.41006884,10.83243779,267.5457759,382.2596466,84.42864209
26.68449578,53.85094509,21.18845075,195.4507224,524.383939,14.90880714
33.40393972,86.8683011,15.40489133,269.5738455,265.6588505,45.17862375
15.98317047,44.97900557,5.707584303,359.9616488,716.6705101,63.65405533
26.4699917,86.49217476,10.63902011,206.0153225,410.0450732,94.52546147
32.07259857,87.23414767,17.78281312,236.4269336,773.4595292,89.92649349
19.83855456,82.92853885,8.987189392,303.2779177,291.8451791,53.38478698
32.52584697,63.82008271,21.54782812,182.3041687,463.1527254,60.67207906
15.38086819,68.81636694,18.53151814,144.0880968,524.065906,85.24013431
29.64909258,82.17701991,14.42758122,113.1765277,249.8728184,74.43882652
33.66226442,76.55382494,23.31247562,208.6744924,162.631985,87.93356091
28.14395323,67.80563097,12.83601542,71.7543079,385.3609276,89.59306143
23.78058488,88.93556447,9.701468211,312.567137,590.4029292,83.258602
15.89762033,71.14059818,18.22805985,129.1592147,687.4110537,0.937820989
33.40227627,88.52891955,16.46590375,219.8276565,482.7442089,31.0933873
24.40592445,33.44330848,11.70495802,171.1502669,550.2498518,40.35169875
15.57993489,38.33762224,11.87329123,333.6754849,588.873677,67.79153003
28.79642143,57.08753076,12.96420617,432.6555477,560.7197389,30.68609815
24.63674507,53.09276765,10.82277135,334.9854693,181.2957,32.35581311
17.48690635,76.96409048,19.20482813,294.1272179,464.5009294,40.02030396
19.28543619,39.63684159,18.0271681,351.0876827,283.898281,95.53336004
16.28981361,88.56571075,13.81555305,63.49578699,580.3623769,43.71578465
26.48587079,48.90395252,12.95709352,105.2800974,782.2686271,14.06722231
27.44058959,55.73542246,12.30102539,92.71725619,621.5376694,0.635580668
25.11484597,46.48470195,10.66936643,94.18872459,299.6396663,23.66126611
31.34204266,64.76181704,6.713933263,167.2176718,286.981197,93.88108937
32.22017643,33.51772203,10.36409371,289.4235172,133.2983174,95.49925356
27.31248793,38.98065033,11.42402697,101.6067104,483.7427939,52.90013559
15.25512959,74.74786221,15.95368013,470.8023085,489.5753825,64.63633448
28.90459311,41.190035,20.47577018,434.4155612,312.7927108,79.59180099
23.35998434,44.13086709,12.9140429,487.2399592,787.8326209,5.588762521
26.31114966,77.57893414,23.89513812,69.12502029,447.8380269,37.43072991
27.98161204,35.5980707,21.54699927,433.1311012,702.4612583,64.22473025
22.00473229,56.24842937,24.69603696,411.6803339,676.063299,89.82534294
33.3419701,31.38380322,22.52406082,455.9476391,644.2664108,72.68295611
17.67949733,50.80844396,17.33451899,287.5748754,917.2595444,35.00614658
28.43023615,71.93888416,16.96958576,404.5500818,114.3011042,90.99823184
15.0871916,35.40619678,7.590522535,73.0790957,161.2335798,66.46194483
33.49302211,83.30007761,19.44798498,84.14500527,749.9265853,83.02352861
17.25008266,84.56994258,17.00413715,103.3395084,418.1733271,38.55075418
16.8976846,36.29942251,15.13864207,461.6549885,987.8701558,0.215884075
21.66015266,89.44394618,18.86573745,77.52620722,294.7714503,16.6168594
22.47132572,47.8517732,13.88095686,95.06728701,265.0771343,92.71774173
19.28600145,35.04610027,15.47719325,468.6846812,629.3996421,3.312403375
26.70243322,30.30402687,12.9670461,98.32666182,351.482751,59.60392599
23.85828196,54.51137375,19.34741787,441.3903344,406.4436866,40.91275068
15.68351178,67.78859914,22.53221941,405.1718546,928.9218916,42.95786825
21.39304125,49.93075499,21.81689878,68.12689484,123.6184018,40.08183491
31.20865827,80.20304193,20.72050544,59.8313286,578.1334779,6.742582843
28.7940307,72.99637653,5.275754091,290.4747726,401.4094852,12.23304962
29.49741707,51.00969192,23.23760928,498.7289317,411.3927784,6.293934889
28.96233848,74.05858,10.49751441,445.473572,323.0279289,5.390785914
21.21946043,86.42926422,22.75947886,189.511445,221.3650781,8.561060321
16.99327844,35.58575991,8.939362062,223.8391554,131.0334956,69.66171918
20.44934368,48.36623761,13.79291503,224.5576983,988.9259556,11.42052002
31.635706,57.79955635,19.98797589,380.3804672,694.3294226,26.14930657
34.60941596,59.87940767,17.80557891,203.5097387,799.484776,65.69491839
24.87694029,62.53173869,13.31843876,116.5086776,158.5020694,11.22656627
15.1940071,48.03761439,18.57247713,386.1983339,113.3536722,91.02562486
17.80089624,70.03557876,15.9789902,256.1070282,640.2598186,47.7484178
21.44161151,68.70507021,10.51472613,84.55042566,751.4482503,96.30574903
26.57170697,64.66929038,17.92658891,405.5235208,455.3796396,19.25107386
16.50187292,36.8257033,9.084941727,313.3900688,448.9795978,3.062438724
33.86714597,58.61807347,18.87976569,270.2161964,446.0315692,59.02814081
22.30167347,51.37361325,5.062217552,353.0044252,237.4802632,32.87383873
33.25168436,59.46230819,15.97545028,277.4154573,778.5221601,57.23905421
30.61043606,85.31198613,13.02135255,341.7890666,293.6734591,47.36501707
30.10874545,58.83188059,11.06207548,440.3698454,391.9694464,45.71561671
27.1343916,30.83884751,15.31415934,326.0814657,704.1337638,85.11776343
27.53567634,56.33020429,17.90623265,346.820224,100.0942397,19.1834004
27.7600647,79.2388908,24.30624532,326.2352312,789.6314674,49.96349146
27.57442774,76.80365539,21.6612898,289.0308999,909.1852734,41.60042616
26.07456463,60.80340441,19.34299766,127.3875849,146.4556377,67.37694212
34.72828037,44.98614077,14.57933823,201.0549396,632.4614258,5.013266672
29.64581135,57.90531977,12.84288239,361.8990353,467.6130728,52.9420442
30.53892777,63.82213317,5.650593092,241.464248,170.6170523,47.85406565
32.4492563,89.9922863,12.18193806,232.7580554,714.0078886,97.35806114
19.31279525,68.65068541,21.96754277,391.6711779,651.0867604,75.58218158
16.67608318,71.6558958,12.68049164,52.50598728,678.3942945,15.49786187
24.65788873,59.48724861,14.23169998,355.5475161,832.1458285,50.92144389
25.28161391,51.26937305,10.43668848,270.1519297,358.227078,78.37369222
31.5836356,78.77717902,10.48265518,219.5431616,709.3612643,52.45693655
23.87567159,59.69593946,6.237435218,203.2414752,768.9859251,35.67007702
26.41706051,89.6814078,17.27607851,127.7939729,251.9334681,37.66553765
25.54141877,57.42723446,13.96138806,200.4134372,961.3601876,36.70039459
15.76405568,34.08001702,17.11921615,226.1383124,405.9829402,1.995447579
27.30429793,70.95468823,15.937738,246.8520137,742.3374038,73.05961462
31.56086572,32.79848706,20.97689175,352.5352874,778.6181137,61.08837591
18.15001096,45.03009581,20.02023825,254.1069587,553.6278274,26.86775221
26.88663468,51.22429517,20.42907706,408.3279369,215.8455755,63.00233733
26.87221089,74.36901514,14.98478014,337.8820988,348.0966392,30.87293811
18.28369928,59.65415558,12.07762703,135.3186858,310.8222571,24.33813503
17.46927147,31.71875588,23.66873181,174.7279277,566.7780969,74.1152888
34.60103886,67.01099108,6.085395474,85.6621339,335.1419839,80.91096098
22.87438339,54.68617425,8.052426157,475.5747897,592.0934293,62.57086252
19.54843457,85.3100706,13.39198184,448.9477166,359.3860789,78.4146627
18.42649089,59.97373867,17.27915305,88.15830145,100.8812203,36.57001141
28.35203427,72.53850876,5.164007496,308.3342071,426.9310604,7.180379135
27.18890595,43.13210954,19.38645639,482.1808185,646.1657679,60.48856082
27.87104246,75.65841387,16.17453086,386.2142555,796.3270989,25.59762491
16.76012055,73.25731863,14.69405517,271.3154873,125.5280149,77.74793464
32.87069167,84.24490251,13.46990078,158.496345,332.4817006,35.81075551
22.78532794,32.0292985,15.38974063,175.5666838,986.915908,67.06730389
21.26738813,56.85004186,8.23571469,381.3070796,335.6338497,55.28661171
24.24722894,70.74932416,7.174234786,401.258873,799.4778909,81.74847881
22.80132131,35.709834,10.79274958,287.911996,558.4362566,83.23054217
32.27154006,54.63624403,19.19009584,104.4269157,209.9565856,6.829773698
33.5852195,86.52879618,16.76575768,470.2407681,679.0601161,29.51156577
21.06906433,56.15606945,14.60246035,430.1432306,969.706767,87.08791376
32.27871615,89.12428701,16.43041932,113.2424506,898.1461295,40.39896297
30.63046259,33.41034366,16.18516026,75.52741263,721.2635091,51.48693434
33.61615345,73.06978657,11.14083851,291.1404572,560.9334402,18.3343787
19.91500624,64.86097417,6.949118945,177.864178,387.399705,55.26862677
26.539183,60.03238063,22.93564737,177.4623692,421.2699639,26.4614932
20.49089169,88.25084409,16.99822525,89.24971674,411.5860668,82.9233578
31.48188981,37.77902403,18.95495999,479.0236259,929.8737827,20.02447146
15.10648381,83.7599371,14.27994449,423.5749068,290.1812131,35.98552069
26.29638326,71.47442467,20.1296116,101.2255663,440.2268575,9.507398241
21.78406863,45.5397644,16.68994528,444.4694454,488.7669121,58.79820832
21.45367414,84.10014874,6.076022442,357.3302252,468.0108958,94.19720644
27.89812648,55.75769507,22.80194071,196.4485093,103.7784231,17.31559139
32.02968899,78.85363968,11.11072294,442.0627495,343.8762192,1.97371695
27.18390783,53.33019102,7.757815548,319.1099845,548.7116973,42.24631344
32.06345957,81.05584965,6.760820154,431.90143,784.4439836,74.84151607
20.29194224,68.19774711,19.40880628,261.170566,612.5265868,97.51006431
25.3900371,38.46279802,19.07936734,275.2929681,446.3758041,5.127906756
24.01073078,68.97978981,19.0032425,180.9545132,698.6267892,78.59618871
15.23289799,41.48068576,23.31505545,224.4617114,699.3038871,36.86740727
26.13624286,54.71535767,11.97886044,305.4884311,323.1322145,15.37314975
28.23048648,40.21773506,16.22266113,476.1766507,193.3967325,19.23051567
26.83828809,31.32096694,17.38991166,320.052992,822.8651575,92.38837625
29.72559798,42.71319237,24.58963657,116.3201863,576.8041414,80.9357535
26.42679057,62.18232142,11.24692287,53.14828346,258.8722858,31.1729077
16.3350051,58.89365807,24.126624,432.944535,335.8639592,94.01902654
17.32891048,60.08982573,7.974686662,213.9464405,789.7820433,10.52533059
26.92949155,44.86121271,20.28002912,191.7346728,687.9451461,32.25364432
20.49958384,71.10967204,17.657718,410.3290053,950.6499076,65.29211691
16.59290258,72.25579721,21.33792075,475.4139346,518.4526734,99.94190765
23.59205487,51.47806953,5.573711473,386.6202898,146.9679669,46.56417171
26.08645196,82.87020531,6.562620859,128.2312908,730.3805807,81.07148884
21.57491977,68.641393,6.393915591,226.1202321,329.4196795,91.58658925
29.40867404,72.78235652,16.85918911,391.7293486,391.4690981,0.962842383
27.87541216,46.64039508,17.05872135,458.1166166,276.9834284,28.89407285
21.65636722,30.03669811,23.12209779,499.3700288,378.0418596,10.0359753
30.09745058,81.92253673,14.35207029,280.2024082,846.5324281,77.6060249
27.97390085,79.34546307,6.3609811,420.1361683,619.0419745,56.70504269
27.74890757,37.39151328,9.190588032,70.98423925,198.2383689,9.555994375
26.06855402,52.4463081,5.161461896,178.6211374,627.9433061,42.07243751
15.22779336,69.6803585,20.5342905,217.1810315,670.20702,51.39693722
28.93014367,69.12665143,21.31198874,488.9857304,896.3413222,69.7751443
22.52083582,81.62102009,24.95880833,51.5271417,873.6808992,77.94842357
33.8521942,38.4160897,13.24388898,188.609332,156.5876046,8.787220195
31.35969542,55.79638487,5.385967508,468.6855168,880.0282855,48.76455957
26.75388939,35.83346508,9.69459763,188.0052058,145.7962606,16.11234359
20.04363964,53.37571491,16.75537735,151.2800446,238.7097858,75.32555551
19.07434787,30.90644674,24.23885934,378.5398301,200.3950019,65.76688339
21.80769675,83.89638391,7.071571029,385.4025018,263.5275166,72.30009541
24.53135887,61.62263981,7.431460403,262.4800472,822.9357948,7.49942573
20.9213102,80.98813565,19.03517971,476.1128614,717.5074102,51.0324613
25.29858991,33.59428206,18.3441411,141.2181858,718.2661936,84.05806536
18.30740851,43.64748663,10.01012711,461.0371253,929.9148568,71.33413985
34.55425626,45.56279971,21.26289582,389.9786344,452.6659292,86.1747979
17.1584911,53.20148968,7.57557511,215.6937534,102.9586988,20.61045348
33.63888279,78.17198234,23.5148369,413.1088789,675.7916069,28.69006674
33.27156023,53.19347242,9.020638607,109.9409794,881.2669478,44.12790907
25.50720964,42.27921178,6.627047454,108.9421219,978.6341625,52.3257141
29.49820544,33.89941562,11.79044173,468.4717415,427.5034573,25.21628649
23.72096596,34.7695049,8.756825771,92.65122853,839.9369696,38.12373547
27.60069155,75.60283236,15.5388245,51.83582308,864.3049429,68.70427042
21.81151875,56.68817946,18.73693075,225.0637212,229.994057,64.53813385
21.0231804,73.57086732,14.81843157,96.73293849,668.3486997,11.04730868
26.56459572,70.93722731,18.21214664,438.366422,255.8260892,98.57026425
24.96259348,38.12174771,12.29841029,465.212081,501.9677363,56.27452216
26.59072738,38.57327605,5.558451945,267.091864,891.3402273,48.35623861
20.73321163,75.32052093,24.48128248,241.4621899,810.5204009,96.72471826
22.33915664,73.27609761,21.38827009,292.5676746,613.3055113,14.0329442
16.67795921,52.68184601,6.468376482,151.7875812,827.8382479,54.36733529
16.04552745,34.6453358,13.98352792,184.0846376,237.544758,80.50775819
20.06914259,30.7258813,17.7003814,95.43972672,275.4274308,39.89036888
16.48493719,47.28941697,8.811885411,250.902541,287.9783124,73.6304692
17.07549417,30.55333642,16.55977223,325.2612301,798.4121999,89.91629424
31.25856811,43.80435727,15.67297236,468.6006805,901.8689541,26.16530871
15.77747394,55.17004441,9.165303771,382.5829268,606.5526884,24.14600446
28.17885588,37.28494592,7.824206186,375.3786801,962.1744623,36.06855354
20.45115498,36.25666547,20.17924579,188.5995329,755.2272261,41.84415112
32.43091361,83.78624614,11.45172892,449.7319839,607.3154505,11.10443711
24.69984569,65.12820174,9.880810677,476.1300635,650.4314742,23.12890084
21.11152919,86.06734121,19.75756706,469.5183214,864.5807379,87.32280262
25.35277871,50.74956983,19.72137384,67.46136194,181.1626367,56.65910809
22.63916038,70.62869624,10.52803313,321.9577863,251.2157383,26.78202905
26.28602129,42.28150048,22.45136923,339.4512976,339.6654854,94.35947411
17.29065737,67.10041904,18.7650033,182.7793221,905.2982704,77.43111032
34.93981006,37.7751438,11.91528436,496.5854824,950.450474,36.2430349
23.51111755,30.12483835,13.549793,181.0343565,420.5534936,76.54428654
21.96461279,85.89190808,19.53419372,147.4752462,931.4715034,59.60522902
29.20419697,63.29366257,9.231676658,267.8655427,592.1630209,68.381837
22.27798813,85.61643977,14.37521585,195.4163209,525.9463698,32.14493138
31.6654861,50.02989142,18.07116685,465.8132569,849.4882101,20.94954412
24.08541449,49.66716415,15.78997096,248.0345291,591.4750932,25.3580651
29.39116827,54.03930011,17.16656692,234.5672996,509.034069,8.373445977
17.14906433,72.36245904,15.92424999,331.6379585,114.3671538,47.10376179
31.92238371,63.94851805,8.984548876,86.50160206,111.6078962,40.62332824
29.71435974,85.52129443,13.2041069,390.5298261,664.8322601,0.253967235
19.23433557,31.52645407,15.63970991,395.7794698,166.0752378,85.63666669
17.90572019,72.49175628,20.60125485,263.3116256,763.2507779,68.18692189
21.32584697,49.81966136,18.07808474,480.0640735,660.107317,44.67411519
34.52141172,40.81401911,13.5318189,310.7025999,511.9565794,96.70212254
20.13663149,60.62373735,24.48799664,362.8564044,738.8232788,94.05416102
24.12254418,60.30382705,7.155910434,465.95523,993.76421,9.509692844
15.60040451,38.22066172,9.136097371,349.8554045,321.7210963,61.51392384
22.94455059,42.11376337,11.8262522,244.3217035,601.3501301,81.7022483
26.42640031,54.48987989,9.57144154,61.14702903,858.5703156,17.29518509
34.06249225,54.52868474,17.50883994,377.734692,115.1874141,12.79620724
25.3347209,49.05348838,5.791014587,484.1897052,283.1574958,25.9777779
31.38214652,38.91270909,8.548735685,261.6058056,568.8627905,27.96711454
25.94255285,30.26242075,10.86694475,202.895887,597.0214224,96.49846122
15.81570027,88.21410375,18.6669155,283.6667419,177.6999376,78.04773306
21.3001655,86.60995378,22.51729765,377.7967426,466.6865731,5.973790438
26.51099016,59.01902275,20.96983541,50.31071352,567.8062822,78.6481419
34.01187932,89.7031052,8.641618665,449.2452752,480.6781289,16.96395183
32.1826072,70.41925985,16.30811517,448.8632869,730.5366302,35.72419574
19.56711228,34.13145226,5.600452907,293.5840701,794.2274998,31.85196075
19.4021966,37.06309194,11.21073551,105.0704448,514.2354573,27.23815717
19.02345934,84.96665063,21.1196759,352.3126076,483.0937551,30.87580327
33.44997793,67.80313213,14.13331427,112.0305483,734.8273037,75.42015286
32.05332306,80.5910176,7.998826446,278.3962181,599.772123,26.65538959
30.49766865,83.89617898,13.77106763,92.13348739,883.395502,80.07240969
22.85470228,56.87652068,8.960658509,315.0794022,533.0315363,9.101698621
25.08761409,32.91155709,12.86382916,193.1311963,616.8947281,59.51699113
24.2866349,41.29682093,14.75666945,423.9461366,215.9246828,86.30008728
20.06796215,33.99431684,11.99116225,409.9757568,852.3975177,7.929716943
25.10056092,41.32439074,23.73937901,499.313244,480.0629185,63.48877302
15.60993096,54.63197559,16.25060595,165.8764286,747.1569635,51.16167517
17.63620747,37.09180863,21.85785348,77.81049175,486.5344742,33.19411346
32.73179192,40.00399487,20.21457094,249.3514693,100.9110068,10.06745377
30.03359534,56.74930692,18.22332619,87.53150073,460.3692252,67.64852963
23.45736818,50.41025702,14.93777497,130.3248718,232.7519756,30.93779643
25.34300725,58.05948745,5.043475676,318.7850636,458.7535714,33.89190356
22.39997772,55.75032167,17.26935201,316.4588831,389.2095462,71.75927352
29.81559734,68.66868156,12.11914906,69.49736498,282.2926408,94.53535639
30.68374358,86.23137293,7.355243336,249.3071381,211.3948874,33.36374445
30.2657038,36.47186031,13.89252527,288.5984118,755.7051,74.67330738
29.4522345,35.95560896,19.71106645,170.610907,779.3742721,95.66090275
19.09008677,81.16836667,24.23355589,442.4194318,338.4977547,9.782695024
21.75939958,60.38380228,12.48209782,122.4943914,545.6712022,52.92019492
24.3969087,75.98430141,15.85446597,164.2558123,517.6638527,1.116433504
21.61585983,42.92531422,22.02488767,120.6474868,419.722814,82.51780308
30.098804,79.73175439,11.6799884,102.4459852,349.8734636,28.68907014
21.58707048,85.43079745,7.845144899,445.5406328,267.4285684,33.27674937
17.76464174,68.12898093,10.63763662,175.0366243,885.6033581,68.72869382
22.98080904,36.35274129,22.9824566,375.1358088,849.9812389,78.91798143
34.59828866,83.71768885,8.187862169,242.5920619,475.4614692,39.99902512
19.51762826,77.54926364,11.58442122,336.1430663,749.0811309,66.55200675
27.24317318,75.05266659,14.29280621,467.6792883,548.4988742,95.63544114
23.659461,32.20369133,21.94226447,430.0735402,176.8449388,88.69022955
16.42049135,77.93775152,23.75426567,81.04387659,840.1514576,70.12941089
24.75753212,38.27706063,13.51620619,430.3411409,297.3443896,94.30638893
29.04328657,43.34317057,23.63908097,253.3205819,736.1357597,87.59380483
25.26439952,64.62809009,8.229181897,207.5655771,574.6581684,72.9009073
32.44212127,45.89884638,8.137045838,352.5745665,721.4859728,91.72477591
20.77874033,69.68089238,23.98501639,477.5935429,524.0827502,81.73904642
16.72498343,66.48422686,15.19360267,92.36097391,732.3050336,50.22540984
33.73131223,36.48897588,8.718156707,395.6346636,129.5312977,50.22819032
22.56392699,69.36087478,14.75980741,141.5786138,136.7676452,0.879079041
26.52811103,85.43729459,20.66422311,221.0612553,906.7059687,3.024973404
30.84006252,39.66659431,21.53840731,443.2203573,774.7246144,74.6227595
21.48627328,65.82372126,22.27938513,295.6096328,845.6207679,55.47689001
29.32329076,50.51192232,16.39141806,80.35549158,510.9268482,76.09581197
17.708377,57.57670031,22.33892029,278.6218476,513.6821757,94.96628192
20.82587494,47.22001074,15.20060418,405.3388557,580.603632,45.25306556
17.89421272,51.24783818,17.14119805,287.9962645,319.2958421,8.844560092
31.22461117,31.7347094,20.17439605,125.1001575,760.1522486,62.65594423
19.4529847,88.89310428,13.50870585,250.2684838,846.5089631,9.973381238
29.34807111,67.48799532,6.471629743,465.9554156,916.5016834,62.13029911
33.86596794,60.04233543,12.00332714,346.1917955,565.3304635,52.77388439
25.55544418,53.02292097,17.47888434,378.4489279,473.1188552,71.22171043
25.80058385,62.36247353,8.846647393,403.6714284,847.8399199,35.09595571
24.22067136,52.80635992,7.96770727,90.81204089,777.3992021,14.3861801
21.51780287,51.59447565,10.86161089,311.6914517,880.5458977,23.62104956
24.51310062,57.8367925,5.642229246,219.1618369,690.1579517,68.36343493
27.05615065,46.55898202,19.86845796,112.6216237,894.9819731,47.81655823
34.71983144,40.802994,10.17431204,141.2193012,180.1374994,54.08174808
33.75529119,63.39635389,7.484767933,401.5222132,711.6054199,32.29984224
32.24305917,80.56592617,18.98258832,122.6700974,179.9155796,83.67021682
32.78261071,39.16969066,21.85856025,190.5883732,774.016879,99.94550796
24.35698367,31.96406044,5.397511917,178.1930022,665.5994831,31.22061083
28.14888654,44.80870471,9.671995415,71.88366376,114.3928194,71.86516117
32.90133446,88.78323861,23.9046465,257.9713022,639.3348875,17.11002442
22.8590153,79.72548442,12.70508272,394.668429,231.6518277,74.24319362
34.23524957,65.75196321,23.77184127,59.96868474,228.1702778,43.0851371
23.31572124,85.75493491,10.48425077,100.6481527,235.4167105,60.53056903
27.02165331,56.71674701,9.361352711,374.0840058,535.441242,23.7560631
29.19609427,88.99683615,9.282168235,317.1114458,203.9682286,85.16567352
34.01184026,47.77812271,6.704573208,371.8614263,213.0901736,17.33353079
19.89232548,44.41834497,22.92864577,153.5467797,330.5511875,92.86054407
29.92261956,68.28289207,24.59670045,411.6959525,100.7724014,6.124836761
25.41631172,52.68923808,24.09017615,265.941977,348.2107903,28.79815494
20.37114281,67.58193252,22.0405628,324.6358884,656.5669901,56.29454977
30.5321368,48.2997311,21.93775815,91.46903774,641.4135045,85.84685837
26.0444456,67.07509541,18.22170934,142.2642125,972.5802833,57.70248567
28.21947641,46.54477564,21.52427424,398.0110467,207.6670711,21.61136905
21.45802137,33.05832413,9.166847287,150.7587985,879.0141983,85.90333865
24.62547904,84.72815412,12.75825261,91.63842238,452.0707839,59.61621108
27.34708502,82.99231211,17.81672587,318.741477,448.3326592,23.23469698
23.09821629,88.24788896,22.49542665,296.5714323,413.9297953,56.1843562
18.9674508,72.99163057,18.20938925,323.552268,212.2628783,67.52992617
34.23280985,70.96327066,21.78043917,328.2374734,530.6545334,68.05274551
25.2293508,63.5401842,14.47899032,275.0888056,808.6401724,72.40046089
29.67840741,37.55654498,19.34607475,272.1982643,887.8891664,89.57380381
23.22094387,41.35411866,24.59961613,465.8745044,966.5733323,82.48220492
22.10263528,47.36818132,8.069771143,290.2467762,806.7632371,60.76970017
23.14328597,83.40938175,23.53841385,327.7850911,660.7825351,3.216540544
23.18393288,40.37817148,15.44727896,170.1362264,547.7804017,74.95223685
25.88360232,85.37239047,17.86436061,441.9919404,887.4075264,97.49594226
25.8693974,61.36714398,22.55738014,60.9656417,765.5622462,30.55666212
24.94307632,72.93417813,13.19308345,300.752043,245.1323584,60.68986169
17.6957157,36.6146692,13.3738515,222.7326328,714.2954435,76.86666091
24.92150957,46.14201293,15.54363673,321.756888,487.9347381,63.90889795
18.38207801,87.51111649,5.38204169,212.0774224,636.2197097,92.2548894
17.52271573,45.96899682,14.93332362,372.9595603,908.5177754,47.33399597
33.65291435,47.79130322,10.8217453,59.14914934,687.3134939,53.18467763
27.09900026,41.85584309,23.55908365,232.6502474,944.8518567,3.824339037
28.18980116,37.74441992,6.754705975,424.0686199,879.7327077,90.02213122
23.03587341,43.99545849,14.18640924,162.590323,216.011126,26.22828119
33.17961784,68.53961352,23.94936341,73.73789527,110.4867224,97.84210743
27.75860979,57.32206401,23.02070501,273.4358336,445.9702678,20.2106362
30.38339739,63.22535018,19.02696885,489.4400572,878.7969895,25.34556784
22.37124938,37.34188973,16.78722104,78.87135269,307.1133934,48.46256341
34.20023762,78.12698683,10.61461874,81.52542174,722.2599297,66.05000768
31.4092258,77.04568203,12.33914226,317.8024542,528.3958323,44.06646078
32.07896926,31.29539467,6.802697295,162.5304708,771.4699844,35.18165316
18.44388535,53.01090567,20.72216596,234.6040551,248.4791911,54.00869777
20.41926416,34.12623612,11.47739536,423.7282188,315.1819351,95.8298318
20.71253199,77.52634676,18.35563798,139.4819079,318.2720225,96.19519962
20.41818446,74.23618099,12.15189554,373.6849716,593.6192322,32.80447886
32.10816324,84.11928566,14.28660883,277.018481,360.662012,68.0158641
15.6376959,44.18423754,16.10004945,457.2309616,830.5501356,72.1912297
16.52199978,57.37775299,21.03704817,487.8329001,412.1147972,65.34171283
20.47829741,41.06927263,9.223127551,268.2323535,694.7660339,11.30102542
18.99745949,52.27409607,12.97530774,313.0911766,953.6516975,53.94756517
19.63719228,61.33459509,7.601631438,385.6291433,646.2313459,76.32516076
30.95886379,33.19984739,6.515210098,193.4033638,317.93817,20.08095565
26.26253188,72.89222464,17.09348712,152.0331577,847.4110058,34.82088304
15.11541323,62.59760162,8.781820887,484.1083276,111.2882686,20.3800439
23.58645531,79.73754103,6.195986839,244.676926,330.8834453,88.69285545
23.15769854,46.30683007,22.94195862,50.71587193,448.7414397,85.85316161
17.27890539,84.19926632,15.6862884,426.9732343,276.3809752,16.92031203
28.52283577,89.92165518,7.692564148,319.8488726,643.6162833,76.05502348
29.04194377,85.1579063,6.068522549,125.8513532,602.2005552,36.39760679
29.41786438,76.67354855,7.397201068,63.56286193,465.8469116,68.61709838
29.56941891,78.74212817,14.42674481,181.167094,364.941502,49.33681461
15.00105654,64.42465455,18.3693051,467.549193,490.516519,47.19789345
34.07841608,41.40923177,17.8256015,470.0710265,362.082031,88.12848124
31.28417534,70.62244111,7.888461725,189.9515688,299.1326575,63.69642656
33.07963393,72.76518012,17.66977904,426.1689468,416.1431191,23.57679428
15.31286591,89.12310842,13.09731248,248.8303955,642.1020238,11.07589577
33.67717592,62.47807898,14.29487569,344.4551371,683.551771,93.3406843
31.19577057,46.2821409,21.02860812,200.4997441,367.612445,15.33859515
31.74438286,71.0203513,11.64998745,282.1876683,952.6582327,73.40764719
16.86574769,88.76254918,7.939980943,182.2007509,335.7633069,49.58495171
29.77556058,40.6328345,22.46906267,77.50146306,740.9188992,14.00653827
34.19833379,49.55987511,9.242611517,112.7201838,173.3320512,77.66556076
28.57094683,62.51285723,10.88059741,180.8035225,698.3600915,90.44845362
26.41122809,40.21287809,19.13180118,489.3142028,513.9538738,12.15066075
33.91259355,31.33323837,18.67100634,484.5524676,612.1970602,6.708882808
23.85874243,50.21898735,21.00800043,422.4485041,265.6653936,84.98499513
26.98587133,81.92224809,8.677332829,154.627723,490.2075717,50.0953439
24.52676587,32.60810396,12.04559787,248.7209632,789.6500709,67.4535257
33.65692443,55.73574354,7.517664779,247.9022773,790.3763495,44.14803372
16.52169454,75.73204638,15.82078294,224.1379602,313.8003651,41.24282564
25.02239402,87.19095581,10.85141185,70.19613729,417.3393476,29.96591352
28.73904883,89.12852394,18.77871282,290.5373184,103.4321999,56.29281557
30.83813077,55.31816284,5.00688736,82.76539646,180.9659569,15.98079077
26.66037295,87.02305766,6.193659969,410.8634063,214.0573174,71.72307697
33.17835488,32.1251384,13.65120601,361.0882143,364.2861933,54.94297493
33.83982894,74.75501628,24.16368312,208.731653,783.1139381,84.7520846
16.28638446,68.56476208,22.81702775,341.211372,559.2251189,92.10141108
23.04741079,44.97131146,24.88018056,154.866653,813.3473229,90.05867637
15.46918043,60.43911004,13.3366045,169.3625292,779.4151368,60.12309146
21.58833315,37.77322427,5.931369725,191.3600826,628.4243886,31.87343051
25.73736436,82.29582906,11.11912284,408.65522,549.8741811,35.71696411
33.21589861,51.47388513,18.51541704,144.8111061,938.1887754,65.25360643
31.93108645,67.56266823,7.703276195,303.2515524,612.3432004,71.19671012
17.54999453,39.52657718,10.99944358,140.2102015,534.5415862,16.1285535
16.86060749,42.36989068,6.123323291,178.2668413,882.2087286,99.79493367
26.78534678,89.51738225,14.49934077,155.9665818,164.2948433,10.7503099
25.64235945,75.18518367,9.178413554,340.252102,690.4236876,60.70922373
20.32755283,87.71831219,6.824960538,287.028025,201.7245251,53.10236943
32.98906169,47.75106991,13.22431619,374.5846157,837.8394651,59.09881779
33.54732819,39.8737726,12.02450809,148.9745468,813.3995665,53.37648635
23.05222877,60.18410781,15.75035474,54.11684108,553.2400308,5.791012288
32.80605114,59.68009693,19.98077311,356.2293052,694.9397351,99.59254191
22.67897789,40.49679083,7.251374729,101.6842813,795.3595222,98.12770411
29.73633664,73.99317417,20.8225118,160.837351,534.973483,52.43519465
24.51884435,51.70665207,5.525799598,187.5587686,915.3621224,20.83488972
17.45166313,41.18191386,13.86203805,386.0609415,493.3270083,18.29420892
33.55868402,49.91900367,16.74860574,331.6513148,902.8202637,5.704853219
24.08193187,63.81952198,24.13997346,132.9194464,624.469644,61.1858955
29.68974081,73.58825593,16.47846054,319.0495148,483.6189375,47.82365502
22.34347629,58.91345316,8.174983865,368.6665978,103.6877809,41.63117836
15.37761757,61.53569939,15.35083611,225.0037413,366.0003285,52.52133411
17.01060717,38.33675616,12.91567894,160.6788113,881.1293431,87.28529268
24.92438959,84.88145548,14.58711135,355.5422478,485.8415102,7.071865131
28.79928714,85.72345188,8.941940293,324.9010401,479.3216745,54.40892675
21.69470653,71.00559543,15.01654085,85.06047131,540.469613,70.1016895
28.90976918,31.05788454,8.000795286,350.0058381,357.6736284,97.06888162
28.97271179,62.22445295,19.88086161,269.8330698,542.3961428,73.96921535
29.07871815,67.75313833,16.8781252,389.0160306,438.1868048,54.81145432
24.85043708,89.67925338,6.570553832,135.8228938,918.4982774,76.67687219
33.297723,89.76401731,22.79228936,166.1973881,607.5700941,99.70582273
24.78393036,81.45667412,17.32759209,294.4907326,850.7358722,88.87343561
24.00530387,33.82985952,11.3221411,266.7800876,718.186686,8.909628198
18.98761638,87.19658345,5.912847991,223.864417,291.3426857,57.48279504
21.15310175,66.75967483,17.64453392,385.7149915,880.8990487,78.64741557
15.84668985,78.05320623,12.46880523,304.1382036,178.5437176,67.18754826
27.67070587,54.43157098,23.1523621,369.6223343,503.7740745,41.69678628
19.97071488,49.18016827,5.697556654,118.964733,315.239883,32.24443743
21.08310509,57.79464873,5.782048707,378.0447328,583.7998804,62.70049346
30.41629043,38.81247078,23.98598574,257.6876486,370.0446215,41.23687258
21.54442366,51.42396833,24.29747891,65.19557106,750.5436333,39.19975321
19.84391784,81.45704999,5.554844535,155.5211993,943.226831,83.67418266
18.38115498,32.27702918,19.3206647,61.59037628,738.1809804,31.56554232
30.49716804,39.05268281,9.429897047,255.5935349,419.7793301,64.4923937
17.59412516,37.50696958,19.02785533,196.6458922,640.0629655,87.3433438
24.07507521,54.18453256,22.37465593,494.352302,899.6734826,62.1771914
25.13860232,89.81921405,7.016629577,440.8268526,343.0255508,49.27873723
28.74779825,40.40147581,9.775328335,421.5518872,206.3842874,3.530270416
27.66566965,38.72895898,5.481553367,275.5024471,217.6875897,68.15725544
31.21441346,84.90334379,5.876596909,413.1893747,545.3677093,99.75260273
15.89502868,82.92303102,5.592357164,170.0913414,758.922635,80.84305533
20.9288145,31.9344222,21.01364713,302.2922605,691.5319679,63.44661864
20.60268238,75.10235761,10.96585357,226.8131276,508.5005504,46.91445021
17.92033811,69.32794209,14.86422879,127.1038602,756.3682362,22.43241971
20.78356508,76.06444859,20.75688527,82.67604412,670.5729605,69.21091988
21.19530628,59.67014729,14.89887325,301.1982723,665.40768,17.73019175
25.43768924,89.48275311,13.58392125,93.9376107,282.1387576,88.70484506
28.27408958,32.63082112,5.23146413,373.1013935,381.3250897,35.39885872
22.62201027,44.06229518,16.36079005,464.6608154,409.9818928,39.97964095
29.38940463,53.79275922,7.494861563,122.9477494,827.3716825,21.60416099
21.72330677,56.98667649,20.29296482,261.9223603,797.5994419,48.16623514
20.80567355,85.28204416,10.15475448,382.4485669,327.4054817,68.04544902
25.82376112,63.60026184,18.48374822,179.0778475,149.6370469,30.27791702
15.47432721,32.70665973,17.92447056,464.3440338,791.0054283,70.18375946
16.59578247,54.47177781,17.33351206,449.8095015,468.8795609,62.0582214
23.35939087,54.98942474,10.33904015,96.68946008,297.8228521,37.23882738
33.85825423,87.92945631,10.34179554,62.32989719,205.3151835,31.28042112
29.4302356,65.95182546,22.26096087,489.4063173,111.5331855,86.13293529
16.76253139,68.13906427,5.256146653,480.4137611,484.9566713,1.193500904
31.92636026,72.79518188,8.630452669,240.028522,405.7874329,71.5905712
29.64601541,76.20235894,17.20341835,72.75349585,726.8231356,41.72538656
27.21893051,68.10306421,21.34092509,328.4939987,978.998889,71.76917723
31.40585921,44.23166107,12.16691017,182.0345483,286.1043577,50.75130233
23.08219695,82.44275486,18.06886917,471.5253441,318.7325263,8.386063737
19.43002102,73.92718802,16.14312839,407.5978663,403.5723192,98.20523494
25.24046778,74.51222911,6.29080209,342.3172029,519.3438714,8.604554142
25.97683511,89.79340435,17.43500394,178.0267314,727.9288258,15.84348481
25.76652744,78.15159209,21.27806945,365.5708607,416.8283697,42.03352805
26.30147583,79.74908419,24.84896641,180.12572,193.7804887,94.46233848
33.97409836,87.08433094,5.592801453,66.93394287,757.3074735,29.30722366
33.04491246,39.06803999,18.20116345,278.7955644,815.1775102,56.86621406
32.51434073,59.86364259,13.29099106,269.9080452,322.88379,52.14364527
31.02833622,64.83402142,5.195757774,393.3526879,223.0806194,33.01475213
33.86856215,49.75654375,17.28721887,439.5532471,575.0209463,69.63324339
16.96989283,80.36420063,7.448545971,209.5108199,287.4828708,50.14623307
20.30246523,75.7451773,12.571337,252.2628546,436.74709,57.82866278
24.90111891,73.25298447,10.22734185,261.6801888,799.6250981,21.01554213
31.93068986,89.82896639,12.22326805,195.900838,297.6463389,92.65490606
25.10331423,45.5628824,14.85391163,384.5241156,825.633335,11.05710508
29.96069479,74.1274351,12.18419065,284.9455333,706.617989,69.02692299
17.7791981,63.08426849,16.05463741,461.2800985,297.7532774,88.58961106
20.04827626,48.77935095,9.772993805,342.6398474,573.7641409,8.402065143
29.6355219,39.63521224,17.70723535,145.3534515,652.6636863,2.875202369
18.29468018,83.75303022,22.07526008,124.1638919,280.248434,33.31537452
22.02711869,65.72732896,9.481340938,217.5729521,230.4544022,78.99479333
20.29732516,79.49603026,15.15754432,206.1169431,578.051141,71.73665175
21.99723388,62.72069904,17.97379569,233.2093212,724.4570495,82.21570854
29.16648098,43.19862484,16.29252262,132.6159816,518.5619561,39.7498545
22.35694362,50.25292879,12.31298892,490.2002015,163.0353237,99.37590183
26.10526645,52.89233055,17.84399416,115.5693978,932.691436,36.6106105
16.99863754,88.37608875,5.564924124,343.6919484,725.4689013,80.53832014
31.10035386,30.3379967,12.39812464,55.88115578,659.0766572,35.0806422
22.39777251,89.13996138,15.65224429,233.1324672,679.2643107,21.84437714
27.97068318,88.82769811,5.412263177,189.1325296,458.7450408,33.66690731
29.50779203,89.76904743,15.15297659,221.911087,985.9604494,19.26777645
19.19321844,58.59529074,18.08508922,274.1348051,219.4112905,12.91106066
32.6934997,87.82853818,20.18415395,320.1687507,765.2272397,36.39639074
27.32448503,53.73595091,7.267481628,312.5801052,478.7883642,14.67941855
23.57450284,31.57766644,24.8112975,333.8211516,892.9864428,50.23287815
18.64670367,43.46083118,17.12335403,430.0464571,745.5351468,3.541222619
33.84601876,86.7177747,12.26387585,449.02272,606.027001,43.13277581
30.10136408,30.8258816,9.981857089,381.7626353,943.9242709,95.80055214
19.16049125,62.75964813,16.45793723,85.52400932,921.1990248,35.88449121
21.75421549,34.53609533,22.63423294,482.5815762,147.1005964,13.76413326
31.19348516,47.18379471,15.41130792,476.3291389,273.3292421,30.51967304
28.91355326,35.28557104,18.22944111,370.2667075,708.4419264,79.12779133
30.31568585,81.57171727,12.15392879,282.8475821,929.6554839,31.36590959
23.82402204,65.46424258,12.76304576,162.7782613,487.2970023,38.34959369
29.32952525,84.12638794,10.72350212,390.3580128,134.4747208,78.87865165
22.72987446,71.30119197,19.11274589,445.0370804,678.967534,26.05604942
19.22525834,88.26174787,12.18375107,349.3344204,275.2182975,47.82906804
27.6535407,60.59265929,8.814328081,333.0826848,597.08956,6.316838633
34.52027851,68.32263491,12.38801142,136.8521171,446.2149328,17.40705823
21.21201943,64.57852919,22.07654416,211.0084353,602.2243352,20.94473089
24.21939184,59.05562577,19.76504087,375.4112999,939.1926875,46.35815964
28.48002742,80.75756193,11.69281689,57.60443248,537.2205314,82.09803799
25.83012564,68.67150814,23.1361793,338.5689247,131.0759414,35.45101609
31.86855591,78.07873589,6.496652702,395.0016355,622.8261877,38.04877579
30.23485413,77.1818362,5.995075828,200.6170188,393.1709772,30.10052652
16.16594408,41.46270964,7.549407096,84.27549614,800.321396,32.04910547
34.96842468,69.00981195,7.329095117,418.6037205,522.9356233,40.35044004
30.04804907,41.97888115,6.7566863,113.8265733,767.233664,89.94032838
32.27806633,64.99922869,18.22685224,216.8604977,917.9388958,2.437613063
28.02395424,70.64608107,17.01684759,368.2643473,426.0465921,62.45853297
32.12570256,89.8341043,17.95211021,417.6436944,990.4401212,88.7682905
17.2476595,31.83251869,18.76732108,438.0718633,234.8315793,41.69600896
21.95475671,35.47454365,20.13759505,288.6877362,679.5385137,65.09136092
32.52841887,34.62160178,9.14353855,264.1422634,131.2908428,58.57145797
19.03310423,53.90167718,17.44607026,431.7427747,291.7509993,33.86314955
16.56484197,79.29530169,16.60097319,303.3846928,670.4007323,13.74178468
30.7623788,80.64337997,23.87320052,310.3928278,141.5725656,21.96172215
31.70972311,74.21877574,9.647354485,245.2880156,191.6083768,5.74451341
18.25304436,83.81269451,6.174458687,217.7662874,361.9095354,76.47274535
32.08691966,49.37159665,18.06990139,266.2433858,618.0734224,53.28071474
28.73535591,35.28927866,19.8034568,214.1813722,114.3842999,78.56335736
25.40165366,33.48918168,10.66392012,204.5959025,534.1188318,29.01966612
31.60500386,81.12796318,16.41696862,497.1489539,663.1693739,80.46721394
23.38498499,73.82617766,6.190721311,201.2960723,462.2705099,30.92043839
18.87987912,71.91691836,24.20089682,165.3726864,160.8758267,12.13339504
20.69705353,50.38058031,7.198499466,209.2658404,649.7871717,53.38107286
25.10328037,52.79431132,6.351410723,315.8516033,645.2518572,94.52955582
25.62661585,87.48681173,5.88220319,459.945719,555.4381195,41.4394049
31.11161653,33.82828465,13.54543813,404.5389126,723.830928,51.53886539
30.82705447,76.42390422,6.943194869,429.0085126,287.0215598,45.12894119
26.62733114,48.57799942,19.89296482,436.5538748,710.6866681,45.74348015
30.61570967,32.3432771,22.97748321,464.2377784,245.3092657,21.43552982
18.83546917,74.55420664,10.20437865,155.7820548,453.4242679,42.24823708
16.00129054,49.85471314,17.57546239,256.264714,160.8099817,49.69009704
32.47267645,73.32885112,5.84676894,223.33895,837.2145989,74.4858472
16.51108988,72.45926299,12.73128943,221.8446476,584.4100789,13.9831832
19.93376859,62.08721253,10.85884227,343.5276433,973.9442821,57.16139179
28.90637899,76.64238775,9.572381929,230.8113771,948.093941,66.21931236
23.18895875,64.86229945,17.89446979,327.3486377,998.7050226,38.27926564
32.5262794,47.19821117,7.604558927,222.0257137,191.1395533,54.91643728
20.95959589,74.04691806,22.21421047,190.0076822,645.9223407,71.07420516
15.23742693,65.34838895,18.29671813,208.8847303,466.8176905,46.51012112
21.01311281,30.7636369,19.21470357,411.6906752,579.3981287,33.33509207
26.56150098,84.09865067,23.70688617,320.4729663,377.8906294,82.47032225
22.51876751,62.7386171,23.84745743,488.2989799,143.2619543,98.88168812
25.69745512,82.11763593,16.03304648,424.6953019,736.9752426,21.66355528
32.53196238,82.96421034,14.90759635,268.6012738,969.2353664,88.93947474
33.24970108,56.6979994,11.70763216,159.0693508,579.1436435,54.54288641
20.31948129,60.45959979,19.3114322,353.2591002,396.6219554,44.79232625
24.24280947,54.94526326,15.76417774,376.9907123,944.4504239,89.31631411
25.9828803,56.96620652,23.65750159,258.8791909,428.1998765,91.03388659
33.98224914,83.70882954,9.772518974,153.4649596,923.0762735,27.26567574
34.97234638,77.28864084,11.20505373,300.757243,870.1217693,35.83722716
19.70814498,37.59154058,11.32180895,164.2231636,575.8399052,85.19242417
29.53959743,66.61846689,21.11996909,472.9992429,709.1854,49.08245302
22.56062124,89.75439842,6.980806637,332.9979116,730.2856993,28.80286943
15.16216394,65.73304207,14.11298242,181.3689328,676.9825345,96.21759241
15.18505045,77.15229754,13.55161474,147.0788098,244.6749595,21.70380831
24.21132015,76.1436884,6.46279242,372.5254775,723.4985905,61.0337211
24.76669826,51.01905155,13.21593997,368.5069761,102.8962757,42.79164202
15.45139393,52.31095816,15.26755967,318.7095042,739.0331365,45.13015499
28.73854834,73.44458531,6.30209385,326.4354613,599.3525212,10.59881717
20.88006777,59.9990119,15.19724257,321.7410513,333.7843799,25.71383054
26.19786203,64.23424255,24.18475809,212.0465511,823.3879103,16.69970929
21.01838146,72.77434742,24.57828646,471.8364845,464.751045,74.962487
18.3426863,76.65450162,15.63359557,265.6753089,537.1994662,69.7744399
23.14347477,46.29099466,15.30193865,59.14755507,124.9070994,79.4103946
19.6454673,38.80762557,10.71016333,206.7626041,461.1877172,69.92628798
25.69601954,47.5076788,24.94230943,108.6271604,250.6265132,12.87104078
18.97657061,60.45229951,10.48458342,213.522706,348.5289807,97.85919802
25.16811953,50.52847904,14.05802601,323.7181183,326.9255488,18.85168045
18.1475703,64.10176553,5.058681156,60.19901353,141.4187144,35.04496685
28.41949419,33.20794345,11.98464582,441.5902391,514.4450907,70.68772623
30.07875369,60.5850247,6.428806012,324.6391033,570.3331718,14.04489282
17.20788468,52.07909442,19.87649541,182.9173443,613.9563658,17.0506205
24.35604824,62.08000529,16.22028906,190.0423283,515.9977934,87.65751441
16.41743401,55.35200129,16.44343755,259.5506794,882.5742046,33.201495
26.96364891,47.05355104,10.73022572,161.6413127,133.9117706,66.55842455
20.28808596,84.24647433,21.29792581,51.95386749,652.4277452,85.87484918
25.55248914,41.08589931,5.065418507,61.95085168,879.5185117,97.3200729
25.34922019,70.88193453,11.67202358,210.9833024,136.9362168,21.02856909
33.48708692,85.47868275,18.18994981,105.8997545,546.6762995,12.29281126
25.98166445,62.32019758,23.15845075,60.06365359,630.1244736,74.07369458
26.65996959,82.58450931,9.692319139,436.6711715,271.8151746,18.82018254
23.03306252,37.49108871,15.82200103,173.3617911,327.2500979,58.01902027
33.98159206,59.62732622,15.75982841,276.4051597,807.0340038,53.26451673
30.54371819,57.42151683,22.48348738,130.7340879,610.6580035,55.99233002
20.70810581,30.48712842,6.010337791,71.02623751,384.2008275,64.97928403
31.88419172,56.59544048,13.48951122,385.1898348,788.2797,85.0892076
23.6479272,52.14178538,8.649313496,106.2305846,772.0440168,27.18180824
31.57334287,70.18792367,5.430652006,61.57260608,410.8616068,55.52433381
31.45776137,86.29978671,7.94061881,314.2536477,539.7828674,33.66850259
18.77740374,35.1474653,24.52941346,56.06040759,698.0670402,31.87340435
29.02282263,49.6485832,9.29697019,246.3286752,408.9242961,2.041955003
20.81285939,56.64388424,23.70061547,179.9762218,666.1084699,59.9402443
20.9498534,57.31112268,9.105086853,193.7380932,325.9663577,97.25055598
20.92696154,76.48858325,23.62590455,51.7545694,362.8187447,76.12563289
29.51136495,56.60373995,18.0924187,483.9557362,379.605379,24.27936296
19.59652084,31.62967809,7.26437155,282.6333961,942.4492934,71.61248208
15.0181167,72.60624568,16.6383031,307.6304599,850.3049279,29.73054617
29.30473707,83.08978171,11.37028075,349.7551182,608.649378,75.36493515
18.42369488,60.83428275,12.66306312,408.884806,607.4849885,85.49323644
17.08964791,64.8665113,13.80341916,323.5591023,150.5318698,33.43294538
19.75032241,39.77618634,13.45414045,392.9891475,684.5572569,0.218679613
22.59801045,43.23875668,18.28217781,251.9308825,395.3078716,30.50174712
24.51812655,44.11021435,20.36736137,217.0738132,651.0694259,20.58563783
15.89140081,55.84451849,11.58355378,420.4102584,856.210373,61.86145811
34.41146665,85.68871325,23.48727923,439.3897359,140.9484753,29.00728835
29.32126107,61.307086,23.76932628,112.0130014,646.3571531,3.604629813
21.46388131,41.52585871,5.813808743,294.1970841,607.7805531,53.1334579
21.37394515,45.96526415,5.298175778,357.6390937,286.0898997,87.4685675
23.97085099,53.04090178,13.5013266,87.61943148,681.7896541,45.13390144
27.52489646,67.39553854,16.81290502,468.3185675,599.3517106,37.62974708
17.92746133,56.40198918,10.55809495,284.0493977,790.5881116,17.85162964
18.77859628,53.54669065,10.18827502,340.4558378,199.5567113,38.73822594
32.18869166,63.88371602,18.56667659,130.2092366,499.2466183,33.09189655
20.12509848,44.5100997,17.03408569,168.9956105,998.1396404,99.49229716
22.60389996,34.73419636,8.3429375,104.4505475,720.3527634,3.046950508
32.42543702,31.46485889,22.69001927,168.7994248,715.8684004,23.88483774
28.26295659,45.07554981,18.5995214,271.5785444,386.0839903,6.862899266
21.83423759,35.49552205,12.25152498,425.1333198,184.4992938,85.74183115
28.67399091,50.18043831,18.6724938,290.1755368,954.5449377,41.73094014
15.39366431,76.37601242,7.253061735,160.0086192,194.9242627,79.62697546
29.7128532,72.97765983,14.36512249,70.0794837,993.4356795,69.21540946
24.74032081,66.65565737,8.379688191,329.8864262,213.2028752,92.8031581
31.26364295,81.15001463,5.828624923,239.0719538,253.8166137,2.376424175
34.09275304,46.92405747,11.76652541,492.9592401,377.5302595,20.7344834
33.51577099,83.10322518,8.01470967,400.8919484,561.1376741,70.20327924
33.18530087,53.95435018,17.67035914,413.7632687,811.3614869,58.5223786
25.24339912,54.0535991,18.48135788,55.5057603,973.9074717,69.46602499
22.20284228,54.32109682,7.973846125,400.0078998,422.9423929,57.54797245
24.30070649,35.88566197,5.492260112,137.5759898,118.3717839,58.10212135
28.79792007,88.5294299,20.85621123,313.6081425,655.0115707,93.2574027
32.67995554,38.31040667,5.041140415,251.3397075,739.7108751,92.12922325
19.13972606,50.45314347,11.87826178,307.2217328,457.699794,3.799667436
33.36386317,49.15801922,14.89166596,110.0495882,265.1284441,41.36685307
31.30360464,34.48076597,21.37284377,255.6012566,375.4140353,51.05706218
34.5771203,39.13560781,21.77117285,66.62510868,690.2197384,35.79044772
32.60503547,32.69150017,19.49878881,68.44970667,544.7645828,4.955841971
20.59874659,47.54426961,9.943952451,345.9821588,769.0816258,47.22983349
17.11911823,81.99941544,19.40373869,478.2642681,296.3532201,97.56963803
17.24482144,50.36653234,9.930783958,399.8268134,857.7870565,7.221128057
20.82446637,37.42150992,9.292163835,261.1201013,240.2964264,81.66784266
27.28367448,68.7416321,15.94255908,75.14183304,396.923886,19.5652569
31.08640652,89.79605472,18.57708888,70.25906726,632.0868669,57.67949435
32.98500614,43.93942737,6.061035318,121.0515175,763.1768725,38.70307039
27.47506769,46.77426032,6.200452022,489.1147268,339.5633241,34.90082556
15.11262625,88.31082326,20.68341374,229.3974799,953.3077619,87.04136037
18.72633553,40.72657725,22.18994502,429.5332813,735.5001549,97.3474752
16.99452408,60.67284405,17.08881833,367.3140975,295.9075286,38.66671194
22.26648951,44.37912798,13.57656019,322.4428966,753.1889821,64.04433727
25.02701987,85.94111387,21.90632959,476.5217502,726.7003252,55.64137495
15.86794357,88.89126087,19.57634066,153.6852068,777.4156646,7.692160186
21.96955952,78.88187077,16.59188397,254.7003481,924.2926523,4.116089166
18.58359349,48.88702895,11.39514244,439.1253346,740.5454668,77.34049286
27.94140333,54.20924852,8.959901233,298.2925884,416.7192636,39.45342546
24.28544739,44.53834102,13.37346079,160.9003128,811.46573,30.7574144
24.90635294,83.44547802,10.73645152,144.0123876,726.275582,98.55827663
23.55383576,84.87349666,11.78517175,388.7964505,616.8332673,8.522999824
34.12039421,55.13223973,15.31262111,55.75500241,418.449604,26.90625518
19.2947025,69.39198419,8.381879139,461.3864348,928.9442588,85.68016726
25.3332852,39.93319079,21.1235336,58.28809465,561.4792685,41.4998758
29.72034737,56.09615402,7.910589234,333.9450711,665.2930393,58.42470987
26.13688826,67.8899464,14.61987279,322.1365826,473.8267792,4.83821743
33.58041771,53.12418711,19.91942676,310.285018,802.7337779,92.02919039
22.55936711,51.45597154,14.70041415,263.4543729,406.9355557,13.69187243
24.27351612,30.05993954,12.22044127,433.5936497,829.5709524,21.33660962
16.7704463,78.25760783,14.49782612,346.6997916,197.1472858,15.67962156
27.17998222,83.36025672,21.97341398,401.8380267,738.0657047,49.75005489
20.76423937,88.16781177,24.80863397,101.9848127,529.1939343,81.68538716
18.20618079,73.1562831,17.62286579,72.45438686,728.8782066,26.6922821
25.89062586,62.92753874,20.86888085,62.83782902,578.2560787,14.23204413
25.64620527,46.15707119,5.289773723,116.2426935,220.8756949,40.99216338
16.51743282,89.95796856,22.60728819,350.1535506,529.2923883,98.16550832
28.96430907,65.38517127,24.0809952,272.3097901,968.1030736,1.105807882
27.47544381,70.86924434,16.50338684,388.5135153,779.3565411,50.39979529
18.78034565,70.94436972,20.07609724,136.2786515,370.1703538,66.93681261
24.38869724,80.71510775,15.25489486,215.1333689,949.7027331,80.67207551
29.40645833,30.58035233,10.72407481,449.8238968,801.0516495,74.61908286
25.58871481,43.21481643,22.04495944,471.0715457,428.002409,7.44276428
22.90978152,69.93204001,16.93673424,464.7781197,643.2165692,46.18704451
21.44676916,83.70874421,16.58766168,418.2372699,484.0170436,7.874957941
27.20787733,71.12032692,18.18264408,359.7061454,187.0213545,61.98553218
33.78217397,54.80947749,22.12006332,461.1550523,825.4264657,7.703154915
28.43489681,51.69332975,19.63812252,371.3817163,271.9703126,4.841480789
16.49491807,74.2768805,9.222483884,479.2713119,512.2344665,30.60281444
24.21369947,74.47426183,14.33647089,61.15474942,732.3743088,93.883183
32.81648263,66.42347955,24.60596664,464.7389387,938.9923199,70.99965344
16.88924852,47.48802145,16.09121428,300.0832413,156.4534814,0.402598361
34.77751424,85.5092891,23.76490707,100.3089883,453.9102011,28.47280035
33.98138787,63.11279653,21.26738973,146.7100714,653.1829524,1.749789547
16.56548961,77.42954137,18.32046884,433.4716778,801.3783749,29.43109416
33.66826641,42.85849573,11.98730405,277.7526297,928.8380585,68.5492176
22.26265181,50.64244732,11.08638695,492.2679756,100.4475835,75.97786717
31.89418334,82.47477098,17.86842131,102.8889993,664.9870444,80.41078077
23.36766675,33.0064218,13.65122482,235.6265588,106.2432327,90.99900968
23.81710225,60.73891868,20.97507246,199.3434994,808.5297588,36.57932351
27.68486182,58.90232879,20.20913479,282.2609462,234.6999373,86.2597717
30.48954839,75.07381133,11.24260973,335.0470185,905.1585754,72.76687291
15.67578302,46.91362624,19.05457566,347.7332612,239.6118122,53.77558488
26.86311991,43.14400931,14.8910038,50.58314596,787.8960837,95.46307602
18.73465988,85.56797033,11.46584202,90.0321952,360.373535,94.77409329
21.91899036,64.30257912,13.25933186,65.77872515,601.5284936,89.76042809
21.95937332,36.2813741,22.90703734,439.0696159,647.5908116,20.22273221
24.3812068,41.58216973,12.19035384,190.9815139,286.0845838,20.78867489
21.68272824,89.92956357,10.74798547,215.1785488,368.8271952,90.10029517
17.14722237,41.73653978,12.03614441,252.667062,196.7570042,39.79131509
17.91257477,66.62853068,9.292368724,432.1869788,104.7601048,79.74442602
15.66875971,55.20768474,15.89269975,56.37481743,315.5212347,68.69406199
24.40498171,83.13594569,7.948728726,103.3782235,564.4021203,76.23567924
34.0889539,75.31011554,21.34887573,358.323405,742.2375335,2.62738328
17.31350447,65.81708378,9.511604945,483.7516352,814.2036626,42.99571175
33.92528986,30.64433891,16.96110055,339.2538896,162.7893647,85.70935058
29.66723029,82.78771245,7.500509978,167.5055608,345.1715979,48.99256442
27.74997606,56.68004825,24.56906296,283.938993,793.2015809,69.01339184
27.90555511,85.89465918,14.09150918,488.741214,532.7819874,75.59519029
31.53455297,59.73234077,21.44342682,287.634446,263.9682886,12.07583805
17.13839729,71.65346935,20.37295671,218.0784334,452.9926071,15.57455682
25.09508647,34.15755897,19.27386094,222.5414997,343.0307718,72.45536178
28.94182277,74.70909921,21.54729742,485.1650789,145.5881547,5.457055005
26.7364089,50.27976188,7.009272173,373.512437,787.264431,34.18953187
31.65558142,51.08154086,18.56994395,359.227785,362.5242948,91.80835955
16.44543418,37.11935068,10.31654471,154.4244448,950.6181951,57.43558429
28.81402079,38.81142892,20.71743328,301.768087,899.3125364,91.04785519
25.68055461,41.14554337,24.1373752,210.5353393,744.6497322,30.94164515
22.58321728,49.69237011,23.0297906,158.0906866,393.9709485,63.66264091
21.80549964,83.51819477,7.299044449,452.9985287,351.9311974,28.67427724
27.41665266,52.09561429,12.39104841,222.4201139,527.7443321,11.11217974
32.81990749,73.46176239,12.28645514,177.2542231,419.1422503,99.06953145
24.92351852,34.96485023,7.445925327,469.2741785,911.0424916,17.62321495
31.49446328,65.46592796,6.962521067,138.8058784,211.1456254,18.84825549
23.04312764,58.91347388,12.6978027,385.4771531,752.0208181,84.19183689
17.04788926,88.67747682,24.84143101,343.736215,649.8071149,80.22369854
16.23011473,80.77246619,16.37885302,464.2179928,825.6710722,97.78298644
16.02668743,57.28978635,17.43563257,424.4212119,588.2385941,7.174401545
22.60300284,76.50856584,14.4203782,367.3828481,666.5866099,9.412559269
21.74475502,41.58232448,18.24661105,191.5572473,966.4665688,44.87139951
29.35874047,63.74017964,24.13324161,273.0060551,182.7653974,59.17474315
29.85643003,34.47714333,16.77395907,475.0230926,194.3790929,3.802918295
16.01707938,50.88534194,6.300769194,60.44118376,454.2469163,15.8389796
19.42246526,43.5517309,14.85781138,407.4493207,525.4595141,70.33354627
20.485237,73.13458892,24.85502547,163.3146577,279.8848379,66.85397736
25.95223968,59.40544147,12.74805441,133.2576245,174.4010173,8.968620359
17.89030448,75.06422873,16.87762474,154.5010765,119.9586309,93.16661852
17.67882439,60.91772626,7.132735269,76.88794617,788.1330254,25.4763805
33.87577778,35.18906653,7.823609975,496.3909209,536.5516543,88.72306465
31.08405815,74.12205898,22.49362906,441.4411145,859.0630868,92.29881706
18.61309804,79.99375584,11.00689257,284.4751859,424.7535115,49.00697106
23.13135616,84.21187355,11.10902547,371.7964304,733.101517,41.19665087
22.11243999,64.31951672,12.74425992,300.4679133,539.6684701,27.81370534
30.82008148,75.21512154,24.32957346,415.210525,650.8629988,80.73819988
25.20425833,75.12266021,6.687809921,430.1443362,433.177157,19.6588578
17.55699474,39.34498559,21.37528205,154.7556927,173.0527934,62.21245679
29.77984126,39.85324125,11.83115753,256.8864968,952.636224,56.71340484
22.93775956,34.25313035,21.98936052,335.6814804,852.4808676,24.88949876
20.25848495,49.19481811,24.83511299,490.2983738,380.7025958,98.30471706
22.50997244,58.41051526,11.9733482,357.2102206,962.832642,84.63241974
24.95513127,89.87387117,7.587127324,453.9357548,370.4398583,2.052842707
21.86231033,55.85960052,7.88750996,430.7504229,498.6910182,42.22524239
19.83811545,73.57455531,20.17481782,311.9283787,779.6220946,35.89719278
22.97004058,71.60382158,7.898431047,452.144912,378.1038235,88.28092594
15.38345821,42.26891702,10.20843137,219.8397775,392.0571808,26.44954984
30.44995692,33.51042909,9.087966873,220.6775887,469.0739429,99.84506514
18.41889787,62.76040509,12.11357128,401.4345395,521.5504236,20.00795935
15.87809227,72.01833554,6.487331503,110.5446495,211.2546176,24.38845866
28.07397386,89.89510741,22.13484965,187.6213479,115.7424922,66.60816224
30.47872258,51.51666314,22.20292624,323.8576029,927.2414736,16.10568733
31.27658263,83.78187372,13.25865797,239.0295195,417.8697688,88.88022055
24.87018365,52.91594735,17.24175138,473.3256694,191.5197414,10.99291594
19.10736369,71.36470251,17.83903142,481.3277313,783.2542619,98.33174195
29.74455354,65.89517583,19.98516231,276.161589,365.5546039,87.46431287
28.99426154,33.1787276,15.41380175,292.5778507,263.4976668,83.96565066
19.92541468,34.70330562,15.20672091,376.0821913,966.3499296,40.72173354
33.06815512,31.24584538,17.62607555,255.7692164,928.4886023,51.36416578
17.08742916,52.25004508,19.06096791,135.5443106,195.1712721,45.63578881
34.65376479,74.74806293,11.93380754,386.1361259,909.3566888,98.74269292
32.20495622,40.36532364,11.60740947,382.0036502,901.7807734,3.482594153
28.75797291,66.3511781,10.39436808,160.2414965,670.9370976,38.17089748
33.77499777,47.3296668,15.97693111,424.8124339,576.7642008,96.83883204
29.44622337,77.81955744,12.20311379,326.1421384,295.694666,36.93902152
18.80913994,77.90376894,15.80626535,156.3357246,209.2458479,39.83833283
23.84312276,76.5248709,13.11969532,343.4176149,645.7321459,63.13007464
16.43006049,61.49001083,21.73468365,155.1242868,839.7615311,90.72688058
22.79314845,47.0740026,6.462604795,169.3548293,719.7794691,29.45221652
29.83206039,78.56664263,16.44421187,431.6041881,262.7203813,94.76054001
22.72886702,41.16603372,16.51247501,468.2712062,361.0167762,28.25616883
21.60588351,47.38557612,12.67434621,165.5971963,591.7758285,81.53944655
26.90711445,41.03686237,13.42041789,467.6229667,662.4932658,27.58381359
32.44409058,70.45260962,21.00262722,157.4594809,165.0273513,7.298365279
15.95166385,71.17416169,10.61347421,102.7703145,652.6464744,81.23025468
22.70940869,69.15059957,22.42807583,76.20074513,762.6874554,45.00763879
18.16481484,54.93608801,22.92686608,158.9509584,263.2220637,39.07489413
28.90708501,36.01026043,18.01238609,223.3609433,321.5968435,42.98829735
17.11449121,84.67017507,20.45715427,467.396771,333.0069312,61.15762845
28.29615517,60.46385784,17.25895057,158.9710999,945.8292273,26.26934552
20.72361742,54.41833169,15.50518227,214.4594052,466.3145087,23.72745324
18.97833627,65.32949359,24.33355509,380.3701436,577.5143107,48.34392194
33.72705116,41.56742615,10.65309928,185.9333396,751.8829147,3.563336945
15.37049153,37.95292675,8.083018933,357.9656683,434.314237,64.28493929
23.75554544,54.33151329,10.74970726,244.4350187,194.9999922,82.28440782
15.43253985,43.63324165,17.29251217,138.4002287,688.8896836,72.74167917
24.67186096,44.65741767,8.703668762,380.3265054,700.5458499,46.93024879
25.02094756,83.55068927,23.17628086,62.16747501,334.4930335,56.53903153
21.43324943,61.84555063,13.22048801,181.5506713,131.7060189,2.61807819
17.64323555,59.00814386,21.99925757,210.2816926,698.8178388,91.23537709
22.52775075,71.36877562,9.984730891,256.1982147,733.0829972,55.80625552
28.4452588,87.09288682,11.2633671,355.9411544,123.4584033,31.64091093
30.64791617,36.73191387,6.184467943,256.7322474,723.8649416,29.35823302
25.61501205,80.01207403,10.15535384,317.4458505,945.0357122,65.96580856
26.79668789,65.04115079,14.80627638,318.1005853,260.9067547,58.43289106
19.01232742,38.76992123,23.92273835,217.9722425,569.1913791,18.78425772
20.74660666,47.82895912,12.77805948,470.2870696,727.0988092,40.99191169
18.2379122,58.94168499,17.79487759,480.1342239,307.0714619,67.61813652
19.985907,71.47062867,13.55420235,311.8328978,776.3940025,29.76547338
19.4977356,44.55642102,5.935837015,82.26089613,881.2795867,50.92765726
25.38897573,62.09272893,15.07065252,271.0074039,833.0958647,25.48792711
26.25377512,71.08029764,6.318272934,132.9886971,333.009024,7.168150834
33.89894842,56.92444505,22.67399849,267.4465348,823.7947968,38.82457697
18.91141294,81.78155767,20.06073924,134.8174195,472.00892,73.20772697
27.8335142,82.16754617,12.57302943,366.7348605,339.8170823,21.3850432
31.34518538,58.24147306,17.80437332,86.19310403,251.1743205,75.45034134
26.20482928,88.37554262,7.240563106,478.9868344,918.0832983,66.94923362
20.10007305,34.53510554,19.05109974,137.9191502,484.2077874,50.73703701
20.2510046,30.2017427,21.45464818,347.2953512,879.1580682,97.14556748
15.78506106,52.84009583,21.43491297,462.6330578,243.59049,88.34145456
21.10888453,66.06582368,10.68555095,161.5488413,790.2941195,56.31762198
29.89207358,67.75200945,10.27492391,470.4336046,199.012013,55.77798748
15.95035514,58.58674418,15.42795376,224.9035995,115.8084515,27.77713012
19.38590565,37.49299879,24.35544324,482.2388678,995.544377,92.01984175
29.12464997,40.22985131,23.41045955,487.1137362,166.1835999,89.59285451
30.65303126,81.12887903,12.19276964,134.6359573,515.3864069,74.20569225
24.1063682,82.0746679,20.59659012,423.9893016,890.5468446,12.7882065
28.96148677,70.43391227,23.42635528,137.0394558,837.4415933,70.3645954
22.75904337,69.85307834,10.21852931,151.8982791,524.0581417,25.3113954
18.1982649,65.86092768,21.60591299,87.85692681,649.763656,18.88097945
22.96298987,42.17555314,10.35791254,120.4416259,666.7355365,75.92116905
26.5993564,55.69504202,11.86564252,334.4985357,198.8424847,95.97329382
33.96106564,71.75367909,8.976413817,252.1637285,356.4136849,10.8905725
16.37501904,62.23513632,15.14159598,405.9249067,370.8848451,16.39760564
25.14788188,31.11482004,21.86621789,199.3985667,440.3153355,21.92344884
21.57839556,87.2134084,15.56104275,485.8810553,346.5257816,96.29110754
25.16623389,80.68896315,7.468800194,72.44264337,326.3486153,69.63982934
15.47950895,45.63270085,10.03551864,78.32117948,419.3069614,67.82879593
21.26050709,66.98753611,16.25723735,365.6187045,441.3038571,50.50268001
31.39736295,85.39436302,16.66374911,449.3924982,538.5016511,53.75957829
26.07883468,35.76066073,16.53811807,407.9750862,256.1818619,29.01732529
24.01164986,60.18176885,6.54006985,270.4176895,809.5029972,15.45480358
20.71050143,57.37458155,20.07391785,171.3386126,874.6009303,78.02754305
20.96085046,54.61230032,23.18856398,56.05318819,323.3483951,47.06927609
22.66202867,80.13531653,15.21037895,279.2531543,210.9706544,25.60086907
31.7114142,52.8387688,19.37658574,264.0362888,750.0807831,63.27810804
34.34426414,33.81979999,23.28030984,204.9106548,931.8206105,20.94592301
23.77310763,33.95026453,17.8524551,310.1327546,131.6335053,48.87763231
22.86705677,32.56467639,18.48651449,377.9666138,112.9923811,19.02200967
31.93101552,54.54872531,19.42808827,365.3997063,265.0829152,75.96713881
23.53810641,73.10437666,10.21004903,168.4637788,716.3132368,32.08018989
26.04036345,42.22334772,16.65355749,313.3866599,968.302907,44.16989616
19.61883329,68.78811123,21.84350229,116.9485154,775.3428596,75.48812351
29.87005072,71.22530833,10.92325461,104.7208297,615.7293403,65.95963613
25.63976637,45.31212744,22.94340999,403.6351263,730.4944536,39.97032172
31.180691,66.03345936,17.407639,362.1856559,307.6284802,7.102800024
30.6146546,71.0921004,13.46349703,395.5680053,719.6967533,92.16069933
19.30009537,57.99681737,17.46365923,118.6080234,389.3004581,0.792517621
29.31271101,50.20299584,13.03719811,461.5783652,300.1799195,73.45941425
31.00108816,67.14909309,21.76071204,109.900226,312.9003987,94.54039919
21.92214482,88.67082524,14.6463716,441.5166357,701.0089767,30.66710539
18.45218226,55.61048456,23.0242672,208.5706811,790.50315,7.544235507
15.05264311,53.50410578,15.19616162,97.44534187,623.6218995,24.95450205
24.01807306,57.85601415,18.20736779,179.0460323,157.4697353,31.34182871
22.04865463,34.57310361,24.95488842,131.6516064,134.2084003,45.13202823
26.09819668,63.18979678,7.93931682,270.8013734,295.4501651,52.52390916
18.76082185,49.72184323,19.73458297,477.3854066,357.8218322,72.53302494
32.19331095,37.28532734,7.777444558,197.5420227,464.3379036,90.09151945
20.15510431,57.97540447,21.77732732,325.4445436,168.4252696,46.47935821
19.5285921,30.20303919,16.92906762,451.2743941,752.6428893,74.63284355
24.61428113,54.10711471,23.76319121,333.5332684,740.3483428,12.71989302
24.97702047,36.34411608,22.31913204,212.9896134,412.0098343,32.87831984
19.30170458,31.4575622,6.497440749,495.8776072,606.7022719,11.80792251
20.43721453,79.46850277,7.746050834,134.3361206,190.8243499,69.17411868
18.39410478,84.9749282,17.02341857,285.4652067,473.6967785,90.76453647
29.36920357,42.4604789,15.3662928,408.5174744,871.8082817,88.90581346
30.40178063,62.35789583,8.371302612,50.29199131,694.5602168,32.64483495
24.24656995,46.67748943,7.587184565,365.9194635,193.5493981,23.42194405
29.28174045,59.61464632,16.27981567,169.9245035,862.8202281,27.40502893
29.71870784,56.19787925,5.978430959,126.3770252,712.6266065,28.73346215
17.76551055,46.1430633,22.47470606,173.3875085,507.7506647,8.224575685
34.3235605,72.02361478,21.1416584,485.0673916,722.8819351,13.33441395
31.42063894,37.58945756,20.70739943,451.3708667,255.5382299,21.44836476
19.08966922,33.18436693,5.319942941,146.1895054,595.4378232,0.816900275
18.72330071,76.06052598,5.952818868,102.6620479,656.1343032,4.722999691
17.51322291,69.95580187,15.99678242,213.868672,934.9703406,69.85502768
17.76757125,59.91156745,24.88851378,316.551416,160.2025397,61.93237524
29.96323598,58.06738623,11.84632402,440.2150829,437.3044428,94.54222478
24.39308514,59.84468277,11.88749633,484.7405563,943.1332389,40.17571244
30.65868345,56.22144457,7.685559337,388.0190157,295.4989496,44.4331678
29.92509789,53.57353775,18.48671607,319.5532457,831.8802955,6.773512182
27.09225427,59.98143617,17.93353378,114.0494118,101.4449815,15.22506414
28.72733213,61.71091027,7.026448328,83.31276937,123.2956629,69.16073885
15.36711449,71.51413885,14.34824574,318.2120953,394.8605967,23.50397335
21.23555294,72.67242964,18.34149818,292.5788476,791.6533397,77.32773577
27.75644359,52.65774481,14.87032273,430.7396485,193.7291223,70.56800776
15.18689907,54.81243136,18.48727164,195.1726329,444.5682793,74.7262408
15.65953887,52.42183018,21.32540795,67.86088581,218.3213519,69.05826263
32.03775965,62.19214642,18.71630866,240.6687211,301.2342125,70.76627495
28.68049723,57.20121227,17.32228472,486.1320368,552.6947729,54.67995227
20.30739466,83.37578779,22.07180514,408.0087072,387.2248678,67.82370515
28.7592568,71.78167601,23.01177136,65.19747814,290.7213814,52.61793433
30.84913338,83.91938303,12.77772874,443.6055068,454.147283,20.60885716
21.13588566,72.54821949,8.464997754,262.2602703,730.9494678,21.76075669
15.72074755,88.25952891,21.35720808,214.1456143,207.4762959,40.53026923
33.65558249,68.1442067,9.275062146,206.0327934,531.6350008,1.391742012
21.90359677,87.81300829,23.57901339,317.8149139,347.2477378,88.92968471
17.12963527,39.49019342,5.457558904,288.7697383,440.7587862,26.82662067
24.83713743,33.14866085,23.42542365,345.4822599,839.399661,5.153806253
30.36935591,64.74751111,16.78365985,308.1386593,936.7569817,42.44256084
19.43294629,89.00959235,20.49484233,114.7750587,318.6801146,81.55979067
20.389801,55.05631484,12.96985174,165.7562039,666.9738611,39.73527447
19.85429974,42.72260173,24.83432584,428.4633074,709.0095519,26.26830637
34.83346106,61.29248695,9.551028551,348.4663316,858.2373991,54.49023827
18.94807467,68.92791747,10.28687325,251.7802814,909.1382217,57.43804749
26.51040434,48.91072173,6.028648881,132.1706443,521.1926178,75.91896888
33.50529283,72.88616151,23.80946726,53.46096619,984.3180807,79.97535574
17.93793138,88.50687042,14.12058607,190.3493314,973.7460762,70.62077479
34.41708396,83.8177873,18.49704829,74.68113062,555.8211738,0.453862239
33.94954469,47.49512241,18.74881455,267.0278599,587.8289086,0.207843681
32.69143974,49.60342099,22.49004185,419.8106537,700.9748556,97.74499862
19.29113043,52.29247347,18.29850501,178.4293976,436.4345298,26.42051045
27.68110112,53.6731667,16.24042365,431.4893727,695.8395225,28.23503959
30.21782946,36.01916995,19.20637048,367.0539782,562.8568543,73.22411048
34.72055856,75.71777033,20.01941598,106.3680482,131.8930892,58.15857076
18.60847644,51.92035582,8.718558925,340.0528511,867.456043,46.35644352
30.32051799,82.7891986,7.19334078,118.2559133,946.401221,11.64396983
21.7760234,85.61643739,6.49697701,344.6559141,123.6061707,8.148766628
18.51252931,31.46587856,12.48106989,114.2215181,810.3356369,70.36231849
23.42753882,89.3101842,14.9600048,226.6301147,447.2319348,12.46044845
30.87671824,72.60136389,17.31299797,304.9674216,627.06862,43.5810255
24.29699607,61.22353356,24.16069039,72.66837714,549.9954523,73.61260732
25.750462,53.3716565,11.6157564,118.9887552,596.1795857,92.31989425
34.9031882,61.11108796,20.21748104,194.1839713,545.6676743,87.35860607
22.98218599,49.47748344,15.62715239,258.0440386,868.0378343,86.40336618
27.30801509,67.36126882,9.401798642,436.3192823,715.1560162,35.84978171
22.30488403,35.57881659,17.30610858,134.2728898,471.37353,92.71708048
22.85571293,67.26735617,24.34352357,206.3619277,719.711723,68.36623225
28.91281507,46.52069101,7.486165985,264.0993063,968.5430372,88.64876853
33.75773952,31.05808974,15.14559529,183.1003502,172.2774358,8.892456724
25.84717901,63.16234597,6.032167083,331.5865004,449.2809744,3.955815917
30.36799858,64.70686535,11.42432598,165.4710956,883.4086291,42.96463852
16.78413118,55.59414028,17.41205355,397.5576895,765.1495997,82.80151073
19.22316075,34.33717395,21.82113872,277.3193427,941.4360005,40.85327325
25.04263282,83.60057717,19.60656843,88.83719756,135.8288989,88.46471344
15.40023447,66.68584843,14.25713556,332.1495029,876.4980483,23.47734044
20.05709958,36.94279797,23.18445514,306.1595767,812.618893,3.934413501
25.3480258,60.6558346,11.0542933,202.3688094,833.5351145,76.12862875
15.29922397,59.83525896,20.0796682,55.02068528,637.5364553,62.61683887
20.29092572,33.62411213,14.48018043,140.315694,146.7253316,44.00905576
25.28061639,66.41158222,22.97271509,232.569288,585.2169361,84.52576904
26.46298496,78.49958394,20.94865643,139.9613152,466.9760233,82.41757062
33.51503386,74.94048325,23.02939323,309.8710044,574.3375774,32.45342198
27.90691247,42.17816485,9.284956979,370.5462023,766.2663763,83.79738998
23.29471605,81.73755177,18.36300864,435.2079455,636.3645711,34.51584125
33.60702354,50.55252994,19.76926816,341.1421784,363.3066009,62.19028183
30.69765967,86.7905027,19.84828531,360.0541496,639.5566088,19.24976013
19.00017842,34.30487785,15.08000901,323.7988394,174.8245988,26.41921838
17.61684723,59.17252131,5.225010447,493.4687259,104.8293921,44.78781164
28.51623271,65.82746263,10.22861568,167.4502561,461.3752246,31.4596044
26.19766331,44.85900591,11.4660175,169.8164062,781.467725,12.91424432
30.79347228,76.28281132,22.04073235,106.8501386,840.3708079,48.23228518
29.776101,67.61374079,21.81771634,268.5579466,594.855382,51.13574107
27.50423068,31.08656624,7.093602081,93.27276663,881.2061976,15.87059331
34.72764343,66.50211544,23.99671764,171.5659686,213.3233655,17.43133054
25.6717946,59.48869407,8.649149733,267.2064179,967.6952698,2.934707636
17.26211513,41.7617521,13.28718903,480.9180272,929.5843029,3.03506219
31.5654713,89.74489362,9.303139322,483.7158472,639.3135254,35.86312073
20.03706725,83.82973169,22.20664938,384.6831054,152.8499116,14.66523386
30.54604296,47.5504617,19.98804064,225.1625727,508.7825765,91.90916454
34.14214192,62.46425525,12.07057614,439.322573,261.345665,19.94141727
28.93591028,48.99012839,18.63757252,443.9551109,665.5827416,6.596158765
26.92060322,76.5297451,8.687337683,459.5888214,270.9686752,40.41698814
24.20772351,85.81988599,12.64594185,338.0112717,533.6178944,19.24659408
22.28819732,51.52971641,12.54215177,140.806758,285.0642342,6.176933857
22.06009502,78.33505495,9.758733634,90.98634775,263.6606173,75.27274695
27.72745411,59.90445256,22.52624099,461.6489768,323.1312183,55.70984968
30.02546234,53.79471368,18.57691471,74.99574865,126.27681,5.701079811
28.57034139,86.30531113,10.59878621,183.1505267,744.5034346,46.80189481
18.96820202,60.62428132,9.842415213,269.1327952,376.0537387,3.883290747
24.8797436,58.04463002,5.35906942,59.88951179,728.2972485,35.43142036
30.83280144,70.34606412,11.93164508,458.1105164,688.1303966,36.32867251
24.51408156,45.67405206,15.53542567,179.2044477,159.5013928,82.29830009
25.73246559,49.48757225,10.55421884,62.82715951,380.8312823,73.52849979
30.42272096,85.92275017,19.00916553,497.1154988,610.17448,89.694375
28.22530613,70.71179073,13.23499058,190.1269314,926.5610746,14.05175296
23.18689842,79.59822887,11.32635674,444.5442084,461.1877394,53.37643565
32.90825422,46.26670572,23.78115318,254.0635043,554.3123907,2.019046767
18.25134137,62.6274114,10.25601755,348.4066555,775.1429232,82.55220025
34.91032897,88.28377602,12.9651524,158.4905673,822.9659264,36.65802893
17.37705157,49.12223394,12.64581577,276.2938971,931.0064533,6.930664658
15.29899942,39.62858858,9.823966913,165.9430366,547.4704936,32.46572344
32.80037802,60.65316049,9.349534796,477.9877466,274.4541366,28.69124129
19.89907017,53.26926532,11.04760038,77.42543559,787.9791068,76.60012007
29.59399255,39.57463397,22.2847234,173.6032674,213.0177381,12.66114219
31.2203075,83.31308296,20.34165774,451.8989944,476.508081,55.57753219
32.17972782,89.44343463,18.61999028,266.0161809,665.3917449,79.39191869
34.83188471,64.11493084,14.14205985,320.0378504,722.6705678,73.95380995
20.8807942,76.4806061,15.15507969,343.2620172,759.7249455,93.59051189
29.20486684,81.54230217,10.34277691,81.9173803,274.1791524,0.062975039
17.30799717,72.05892036,6.486318277,57.98243341,983.4842812,35.38015349
23.13618583,32.64936295,11.62081113,472.0284733,260.576719,36.95835491
31.95943387,39.4580539,14.91167512,172.1762804,186.4660647,3.330841088
22.35316092,34.25935147,6.14626093,221.1408997,697.6453617,81.72666062
26.82190761,30.5927764,6.764666041,356.9419268,918.9999999,68.88906734
25.07546887,48.35978453,10.26050466,156.3367447,603.4453448,52.80823905
27.91903062,53.54135763,12.34160747,379.8821166,635.9341911,40.50189368
34.45788779,44.46178394,12.86633622,256.208982,584.6362731,89.54156927
16.11471053,33.87627889,7.357721326,435.4744124,138.4733747,26.44652225
26.47923035,61.79178545,9.516427091,175.3432861,713.1804152,33.45414906
32.26057559,46.3991592,10.23294504,141.7201162,422.3792085,95.2631452
24.62765423,77.76222929,6.352697524,424.2597592,942.1064158,6.462502343
16.57054372,30.4831573,11.52199401,196.8467292,268.1110428,78.06122968
26.21078705,80.55162308,6.444431455,235.3408907,371.9042035,71.80597382
21.64147782,87.28522074,19.06915686,407.1685247,554.369274,90.18884282
18.09883571,72.96810379,12.72095533,336.0094418,529.6195393,9.056332698
31.98069027,74.01864392,11.53504779,248.7766507,460.2742675,97.04439668
25.43199026,86.0137387,7.53044343,162.450729,382.9626439,2.883793436
33.66552825,42.54427712,9.530073109,393.890436,232.4662629,33.77034417
31.12033009,89.67393409,9.654104179,131.1939655,838.8296856,8.482651422
28.85943588,76.4088722,24.7040843,467.7258203,503.8928085,5.117619461
15.10051007,73.5942425,21.70698759,117.6422311,615.6609032,96.47210732
23.55646913,51.66543474,5.305245833,412.2201614,591.8975773,71.96682512
18.94972563,62.74664912,17.33673182,240.91199,617.940052,50.56898457
33.21595822,69.2350673,10.11820193,133.7028048,734.3563347,10.81890768
18.49167969,67.22057168,7.087538576,231.0705222,666.4428955,52.6023417
20.72120103,72.29907831,19.11199526,149.6983173,346.5126257,32.0052218
25.33673535,34.94290434,7.632110989,111.1971429,598.3389334,27.15872774
20.26727238,51.33890597,13.87481559,157.6199295,320.061615,61.81035472
19.19729355,56.040001,17.6433033,440.3293126,629.9528139,79.09252191
26.9819865,45.63775787,16.08989512,97.67407437,488.7411582,44.32588175
16.77859046,40.35763622,24.55258197,487.6428145,135.4765405,49.32985537
16.16335517,38.33564879,20.71485226,52.24930416,760.5871186,65.14287717
22.4449059,51.98300354,20.48386752,346.2071695,347.199776,12.46380427
29.41328909,59.60650203,12.11190788,435.4303932,928.1749196,82.86067022
26.09613517,33.77858641,5.167909842,470.2809417,352.5015175,83.69386555
23.45752937,86.78748568,19.68821859,114.7935171,996.9604688,54.1046614
26.31503128,75.91459937,24.99464169,364.1938234,516.656051,18.75600842
22.30902969,73.85110639,13.11758215,98.30714727,123.7665876,50.07635738
33.72292671,40.3716315,24.71036998,208.6751722,168.6420837,10.59392818
16.09809782,66.22804608,7.834162191,379.3668609,173.8792142,76.32894976
28.46782958,61.78349681,10.93024703,205.6879518,150.5929789,31.11538919
32.8256533,88.94813075,8.414538635,191.0186277,341.0104597,31.10946531
31.07769417,74.8603062,14.50351946,102.2245785,392.1299462,94.50488119
18.6808207,64.54571302,20.93962803,79.89714245,200.1572777,42.18586098
20.91852698,81.04875999,11.81323383,101.8750961,494.3183363,78.95752958
29.34095877,39.30565625,23.12457874,443.9636487,428.8157395,63.71626827
16.68541118,30.91299178,15.89660827,55.03933642,672.6915962,31.61757046
31.237234,71.414,14.30848827,361.7896413,276.2781036,12.37907604
29.37813889,35.89868761,20.74071684,395.8809034,922.5869412,79.77423069
29.59213298,36.9260184,7.028869941,305.5497369,564.3917009,76.25036807
17.00482741,74.68084359,20.47504942,378.8489125,661.3597355,16.91641526
29.3552109,46.23209065,9.859040003,343.5213511,135.5683046,24.91158805
28.5963625,67.71787293,10.61625094,255.0013201,603.179829,76.62373024
31.61844982,85.04441557,16.98907547,222.2196925,431.2901841,98.36309055
15.83191913,48.9884719,23.0386885,473.5993948,931.7548439,84.36412866
15.46221337,43.02864947,16.568139,487.3720967,897.078984,68.4151551
22.460142,36.39377302,17.97898698,343.0721316,673.88383,91.54259409
17.97576568,37.82774169,20.53189179,138.784478,791.0662157,28.52356687
26.16768955,33.73336172,10.18649518,251.5546231,680.1338414,0.965219929
33.34697803,35.25854273,21.54467346,273.4418705,115.2713004,32.09680729
22.82959461,55.92027533,13.35920298,391.0865236,732.8138902,97.19343185
31.89900755,49.2519027,8.51311387,350.4997091,259.3816875,88.19703303
15.00481749,72.39364886,12.00236159,281.6664932,714.3138595,5.03562561
18.37029287,82.21449949,9.922622234,356.164051,109.4561058,50.19584313
15.60847079,77.08639219,9.574272103,60.82558103,379.8161276,7.900986431
21.56294361,61.8382354,10.65126397,399.4858948,565.2351812,78.90314174
33.16379191,36.14652697,8.618616295,145.2345053,399.8535403,37.2615574
16.93904247,72.58603704,18.35403514,345.3841128,724.5885268,91.194509
27.12819553,51.76972348,16.59983514,101.2879635,570.4385849,5.445248801
24.02991878,35.13902363,17.96883786,101.5073762,963.7006429,73.39964734
33.76936425,80.54798443,11.87449448,66.04593973,422.0311812,39.93657695
17.45038285,50.29299103,20.39466805,459.6047646,749.6733984,26.82264153
19.24055701,43.09492995,7.592174819,322.051441,852.257498,51.74491381
15.59083937,82.28712388,16.42273419,212.8828713,328.2560084,48.54866979
23.67870499,84.12803211,10.50905944,404.4999835,778.7183282,34.88108979
20.55665799,50.33825023,15.55219801,331.7369903,453.9826,64.88565371
32.39811868,51.28808516,11.4727435,329.0362331,215.8544365,66.1316248
27.09881626,64.77771165,20.8102353,269.1692575,103.2823697,7.7138184
27.28181476,74.00648963,22.82543678,53.5670504,769.3817974,59.54150718
25.63821394,33.78895211,19.85162447,166.3081279,267.619671,71.07351282
16.83700674,65.60061943,8.511674257,99.08451257,146.0742708,7.58884587
23.90037367,87.16920371,10.49733797,348.0844336,547.4881788,65.91306393
34.99010379,45.72563383,23.38716131,161.8793698,412.0282312,80.39772378
31.70458582,84.52963285,13.74440255,252.5749988,722.626034,83.19439896
32.86918108,87.01010045,23.82360819,209.0436342,196.6278659,4.164737084
31.46452718,46.14921846,12.84903378,114.4394321,219.3878527,69.74174733
17.06083387,75.25211195,24.03549321,481.2666048,463.6969375,79.69765709
19.54896508,44.3265005,23.51477975,470.0386902,568.3673544,39.68227984
15.06243303,74.2566697,18.2105378,88.07368372,841.7745268,54.28407642
21.0702025,77.84519828,5.176540969,422.3144091,627.0626718,26.51155762
17.17214805,44.83234222,13.00669364,269.7681572,912.3377006,31.02412218
24.45586691,72.95217261,23.22470259,398.1811481,295.9910525,50.16195493
28.54254977,78.72627233,22.70220578,118.0207089,636.5975644,15.11383251
32.4901059,51.51473233,8.747756002,109.523362,689.7145688,37.05168136
29.9843433,40.06216656,12.98364992,450.8408754,753.2245465,30.14356381
33.77171192,35.51787404,21.71019856,454.0187713,989.7856284,23.82496033
16.07796581,64.52290222,16.55755707,259.6604732,521.2304402,48.38887091
15.24359671,88.68588716,21.94598467,441.5710089,432.3876219,83.86772199
28.22676228,79.3770192,21.53134769,350.3565282,866.9860076,24.22620965
20.7870482,56.15037834,23.14964014,133.2543842,259.1118146,65.973014
20.07002032,62.19725417,7.344411764,198.0294191,133.3252876,25.41926218
21.61774175,46.77167312,7.904302829,111.2272927,499.2301482,14.20834537
20.39592116,39.78395204,6.656180579,398.276901,322.4852691,94.33219052
25.22872813,58.92486949,23.70537682,493.3628261,456.8728611,63.3235735
23.80296894,57.81009397,14.50324769,295.870247,987.4749803,10.45962275
25.24857103,61.31579717,6.28650567,345.1389864,413.6394072,63.26439974
28.45427223,87.16827513,11.43059805,385.7416557,737.1691376,17.63470157
22.74261018,66.23371801,12.02825282,150.9165961,325.3618088,88.77964839
20.02615374,66.3463102,21.19119647,201.2005614,373.0806494,24.74708167
18.32401074,37.68148577,19.70953784,235.5445451,318.8396741,80.67978827
21.98948239,89.78933197,18.78774099,317.5647405,614.9447832,19.91952337
29.8361295,76.37069665,5.437271052,432.7216602,303.4977276,55.82903283
30.1340982,82.63220065,23.21391593,164.3915951,746.5276924,91.23286777
28.33810773,54.85802471,9.311105338,261.8999603,712.2467787,29.60026229
19.68056351,60.12768575,17.58122809,388.19026,479.1427084,8.139733358
26.76172492,61.32502855,6.23638086,89.32324978,123.0193189,55.259197
26.41379323,41.64567236,6.630521837,280.8020562,120.386019,17.23305732
24.68532396,71.36934938,5.191545923,114.9708665,579.5261354,72.83446983
25.99957973,84.17860342,16.31855289,292.6170035,855.2789457,59.08211533
24.83581265,39.82234909,17.58759339,395.5202426,638.9863042,34.6375109
26.30912732,35.17909641,6.009246065,156.626335,492.0854154,70.56532117
29.31011909,74.29313433,10.8096977,432.2653005,893.9069501,23.85279753
17.19256389,46.3921099,22.02908828,200.6618495,277.2959041,91.7036562
29.99251504,67.4317525,7.026167336,135.8531886,423.4819864,34.68880328
17.717723,71.74550028,9.330943291,259.3955278,608.7785067,76.2968115
16.33255997,49.31464581,13.48782417,444.2337869,362.5025222,25.85193437
34.52159372,78.90867585,21.84548205,81.01987753,997.9412337,71.48253457
34.13983538,62.99933893,10.09698109,197.4071598,507.0888252,3.152941575
16.2087309,82.13996448,24.94274031,343.923426,146.550001,29.55178681
23.86506883,75.79761315,12.10523626,210.9113909,258.4750769,9.289026537
18.72489877,82.11453792,12.72897317,81.87079763,579.2327814,45.12205224
24.70689794,31.20968293,7.442124085,199.399536,595.0505797,43.51079937
31.60354486,44.61037564,18.60395802,419.4317238,985.7298405,35.90081721
34.01223549,35.40047643,9.869303656,485.6168851,639.9697766,98.11677681
27.68505307,56.52498103,17.57735191,67.90063883,699.9645883,24.40905471
22.07811334,83.3976073,9.463154568,306.1777179,292.3504929,79.1051126
27.06651131,58.05241574,12.75744534,97.38654486,196.1783935,44.74471412
21.24002612,80.98278267,22.13344184,356.1784381,641.8090073,33.48104788
33.19647282,49.63069428,19.77811823,53.5515017,878.3919789,20.34667037
32.40800926,50.37420437,8.091817999,56.63373157,628.6356566,63.3403895
26.16463501,83.73370382,17.15416335,399.5959219,498.5048964,33.36781289
21.49597831,55.54902879,17.57281303,83.49589521,620.3859772,81.29187596
20.86779351,77.38592927,6.81136947,187.3317534,521.8944206,96.84648487
15.66835989,44.19861287,14.31611309,481.1181908,227.6934184,22.71315648
31.31641702,86.92804978,10.21336791,493.3612029,767.0659827,12.86703858
24.00766426,64.47469479,14.34260286,122.6312878,579.7343471,31.55178012
21.50265857,75.55941411,20.54141983,302.4058646,459.3905885,46.71117671
24.4222071,35.37094199,8.165191196,301.6169728,603.6746518,30.09668159
31.37475981,59.55985355,7.466084112,253.5713107,317.104259,97.04668061
17.49228415,84.06230986,10.3863299,466.1150712,485.1619439,77.92016397
32.15311976,82.62231774,24.04550901,389.3152591,660.2006809,96.6140733
32.9501767,32.80883743,19.95648422,394.0371211,303.5742163,37.32399573
33.9341583,48.22190815,5.389117256,171.3062443,774.0955762,30.4674861
22.94975985,56.59920039,13.02009685,245.4438975,568.9098207,40.73625277
19.34280808,40.33588886,10.14795958,269.3406643,875.5360394,52.28333933
